set,lane,slug,surface,bucket,profile,tvTrades,pineInputOverrides,buildStatus,buildError,codegenS,gxxS,pyneCompiled,feat_trail,feat_brackets,feat_partial,feat_pyramiding,feat_calc_on_fills,feat_pooc,feat_margin_lt100,feat_security,feat_magnifier,feat_varip,feat_var_state,feat_arrays,feat_udt,pf_status,pf_tier,pf_engineTrades,pf_engineInWindow,pf_tvInWindow,pf_matched,pf_matchPct,pf_countDelta,pf_entryP90,pf_exitP90,pf_pnlP90,pf_netProfitRelErr,pf_maxEquityDev,pf_wallS,pf_error,pf_rs_status,pf_rs_tier,pf_rs_engineTrades,pf_rs_engineInWindow,pf_rs_tvInWindow,pf_rs_matched,pf_rs_matchPct,pf_rs_countDelta,pf_rs_entryP90,pf_rs_exitP90,pf_rs_pnlP90,pf_rs_netProfitRelErr,pf_rs_maxEquityDev,pf_rs_wallS,pf_rs_error,pf_raw_status,pf_raw_tier,pf_raw_engineTrades,pf_raw_engineInWindow,pf_raw_tvInWindow,pf_raw_matched,pf_raw_matchPct,pf_raw_countDelta,pf_raw_entryP90,pf_raw_exitP90,pf_raw_pnlP90,pf_raw_netProfitRelErr,pf_raw_maxEquityDev,pf_raw_wallS,pf_raw_error,pc691_sec_status,pc691_sec_tier,pc691_sec_engineTrades,pc691_sec_engineInWindow,pc691_sec_tvInWindow,pc691_sec_matched,pc691_sec_matchPct,pc691_sec_countDelta,pc691_sec_entryP90,pc691_sec_exitP90,pc691_sec_pnlP90,pc691_sec_netProfitRelErr,pc691_sec_maxEquityDev,pc691_sec_wallS,pc691_sec_error,pc691_status,pc691_tier,pc691_engineTrades,pc691_engineInWindow,pc691_tvInWindow,pc691_matched,pc691_matchPct,pc691_countDelta,pc691_entryP90,pc691_exitP90,pc691_pnlP90,pc691_netProfitRelErr,pc691_maxEquityDev,pc691_wallS,pc691_error,pc691_rs_status,pc691_rs_tier,pc691_rs_engineTrades,pc691_rs_engineInWindow,pc691_rs_tvInWindow,pc691_rs_matched,pc691_rs_matchPct,pc691_rs_countDelta,pc691_rs_entryP90,pc691_rs_exitP90,pc691_rs_pnlP90,pc691_rs_netProfitRelErr,pc691_rs_maxEquityDev,pc691_rs_wallS,pc691_rs_error,pc646_status,pc646_tier,pc646_engineTrades,pc646_engineInWindow,pc646_tvInWindow,pc646_matched,pc646_matchPct,pc646_countDelta,pc646_entryP90,pc646_exitP90,pc646_pnlP90,pc646_netProfitRelErr,pc646_maxEquityDev,pc646_wallS,pc646_error,pc646_rs_status,pc646_rs_tier,pc646_rs_engineTrades,pc646_rs_engineInWindow,pc646_rs_tvInWindow,pc646_rs_matched,pc646_rs_matchPct,pc646_rs_countDelta,pc646_rs_entryP90,pc646_rs_exitP90,pc646_rs_pnlP90,pc646_rs_netProfitRelErr,pc646_rs_maxEquityDev,pc646_rs_wallS,pc646_rs_error,pc691_re_status,pc691_re_tier,pc691_re_engineTrades,pc691_re_engineInWindow,pc691_re_tvInWindow,pc691_re_matched,pc691_re_matchPct,pc691_re_countDelta,pc691_re_entryP90,pc691_re_exitP90,pc691_re_pnlP90,pc691_re_netProfitRelErr,pc691_re_maxEquityDev,pc691_re_wallS,pc691_re_error
B,eth-corpus,analyzer-anvil-percent-costs-01,,brackets,strict,325,False,ok,,0.088,1.617,True,0,1,0,0,0,0,0,0,0,0,0,0,0,ok,excellent,325,325,325,325,100.0,0.0,0.0,0.0,0.0,3.4428402639134473e-09,1.7614178115464026e-08,0.426,,ok,excellent,325,325,325,325,100.0,0.0,0.0,0.0,0.0,3.4428402639134473e-09,1.7614178115464026e-08,0.315,,ok,excellent,1886,325,325,325,100.0,0.0,0.0,0.0,0.0,0.01604561487520068,0.010789895901788197,0.603,,ok,excellent,1886,325,325,325,100.0,0.0,0.0,0.0,0.0,0.01604561487520068,0.010789895901788197,8.057,,ok,excellent,1886,325,325,325,100.0,0.0,0.0,0.0,0.0,0.01604561487520068,0.010789895901788197,10.462,,ok,excellent,325,325,325,325,100.0,0.0,0.0,0.0,0.0,0.019113112728726237,0.01285263907342326,1.945,,ok,excellent,1886,325,325,325,100.0,0.0,0.0,0.0,0.0,0.016051326440606094,0.010793736651839844,10.248,,ok,excellent,325,325,325,325,100.0,0.0,0.0,0.0,0.0,0.019123886334015665,0.01285988379919135,1.635,,not_run_quota,,,,,,,,,,,,,,
B,eth-corpus,analyzer-cashflow-cash-costs-01,,plain,strict,316,False,ok,,0.049,1.159,True,0,0,0,0,0,0,0,0,0,0,0,0,0,ok,excellent,316,316,316,316,100.0,0.0,0.0,0.0,0.0,1.2710341293410951e-08,2.8390821066820783e-08,0.221,,ok,excellent,316,316,316,316,100.0,0.0,0.0,0.0,0.0,1.2710341293410951e-08,2.8390821066820783e-08,0.188,,ok,excellent,1841,316,316,316,100.0,0.0,0.0,0.0,0.0,0.011078689388864181,0.010759232508532234,0.457,,ok,excellent,1840,316,316,316,100.0,0.0,0.0,0.0,0.0,0.011078689388864181,0.010759232508532234,5.119,,ok,excellent,1840,316,316,316,100.0,0.0,0.0,0.0,0.0,0.011078689388864181,0.010759232508532234,8.742,,ok,excellent,316,315,315,315,100.0,0.0,0.0,0.0,0.0,0.012287541257840812,0.011948182950946122,1.194,,ok,excellent,1840,316,316,316,100.0,0.0,0.0,0.0,0.0,0.011111733098725176,0.010791323394454122,8.568,,ok,excellent,316,315,315,315,100.0,0.0,0.0,0.0,0.0,0.01231914931206426,0.011978918051375255,1.81,,not_run_quota,,,,,,,,,,,,,,
B,eth-corpus,analyzer-parity-choch-bos-isolator-01,,plain,strict,1027,False,ok,,0.048,1.122,True,0,0,0,0,0,0,0,0,0,0,1,0,0,ok,excellent,1026,1026,1026,1026,100.0,0.0,0.0,0.0,0.0,0.0,0.0,0.674,,ok,excellent,1026,1025,1025,1025,100.0,0.0,0.0,0.0,0.0,0.0,0.0,0.382,,ok,excellent,5992,1026,1026,1026,100.0,0.0,0.0,0.0,0.0,0.0,0.0,0.834,,ok,excellent,5992,1026,1026,1026,100.0,0.0,0.0,0.0,0.0,0.0,0.0,6.247,,ok,excellent,5992,1026,1026,1026,100.0,0.0,0.0,0.0,0.0,0.0,0.0,6.361,,ok,excellent,1035,1025,1025,1025,100.0,0.0,0.0,0.0,0.0,0.0,0.0,1.179,,ok,excellent,5992,1026,1026,1026,100.0,0.0,0.0,0.0,0.0,0.0,0.0,9.974,,ok,excellent,1035,1025,1025,1025,100.0,0.0,0.0,0.0,0.0,0.0,0.0,2.354,,not_run_quota,,,,,,,,,,,,,,
B,eth-corpus,analyzer-parity-edge-margin-50-pct-01,,plain,strict,57,False,ok,,0.046,1.258,True,0,0,0,0,0,0,0,0,0,0,0,0,0,ok,excellent,57,57,57,57,100.0,0.0,0.0,0.0,0.0,4.0041811804203177e-07,7.425414821950106e-08,1.114,,ok,excellent,56,56,56,56,100.0,0.0,0.0,0.0,0.0,0.007433110535186172,0.0074016859692051734,0.555,,ok,strong,331,57,57,57,100.0,0.0,0.0,0.0,0.06794420827843231,0.06798762495616896,0.06795070873912623,0.676,,ok,strong,331,57,57,57,100.0,0.0,0.0,0.0,0.06794420827843231,0.06798762495616896,0.06795070873912623,3.758,,ok,strong,331,57,57,57,100.0,0.0,0.0,0.0,0.06794420827843231,0.06798762495616896,0.06795070873912623,4.581,,ok,excellent,57,56,56,56,100.0,0.0,0.0,0.0,0.0,0.007433110535186172,0.0074016859692051734,1.018,,ok,strong,331,57,57,57,100.0,0.0,0.0,0.0,0.06794420827843231,0.06799042498142004,0.0679511847524741,4.255,,ok,excellent,57,56,56,56,100.0,0.0,0.0,0.0,0.0,0.007432358076754857,0.007401530026328449,1.009,,not_run_quota,,,,,,,,,,,,,,
B,eth-corpus,analyzer-parity-percent-of-equity-sizing-01,,plain,strict,57,False,ok,,0.079,0.771,True,0,0,0,0,0,0,0,0,0,0,0,0,0,ok,excellent,57,57,57,57,100.0,0.0,0.0,0.0,0.0,1.8665041667000853e-07,4.949052828720059e-08,0.275,,ok,excellent,56,56,56,56,100.0,0.0,0.0,0.0,0.0,0.014747500645077852,0.014748042656523028,0.315,,ok,strong,331,57,57,57,100.0,0.0,0.0,0.0,0.1331500184420252,0.13314878619791298,0.1331496953834917,0.191,,ok,strong,331,57,57,57,100.0,0.0,0.0,0.0,0.1331500184420252,0.13314878619791298,0.1331496953834917,3.41,,ok,strong,331,57,57,57,100.0,0.0,0.0,0.0,0.1331500184420252,0.13314878619791298,0.1331496953834917,3.678,,ok,excellent,57,56,56,56,100.0,0.0,0.0,0.0,7.736887070302875e-07,0.014747500645077852,0.014748042656523028,0.638,,ok,strong,331,57,57,57,100.0,0.0,0.0,0.0,0.13315001505165466,0.13314876501772357,0.13314968454270942,3.974,,ok,excellent,57,56,56,56,100.0,0.0,0.0,0.0,7.841998737818547e-07,0.01474746296354945,0.014748032769248883,0.687,,not_run_quota,,,,,,,,,,,,,,
B,eth-corpus,analyzer-parity-small-equity-fraction-01,,plain,strict,57,False,ok,,0.045,1.008,True,0,0,0,0,0,0,0,0,0,0,0,0,0,ok,excellent,57,57,57,57,100.0,0.0,0.0,0.0,0.0,1.2719851305159792e-07,4.922976053617617e-08,0.64,,ok,excellent,56,56,56,56,100.0,0.0,0.0,0.0,0.0,0.0015725130163756866,0.0014651296989811368,0.375,,ok,excellent,331,57,57,57,100.0,0.0,0.0,0.0,0.0,0.013913959141644054,0.013719364430795179,0.565,,ok,excellent,331,57,57,57,100.0,0.0,0.0,0.0,0.0,0.013913959141644054,0.013719364430795179,3.535,,ok,excellent,331,57,57,57,100.0,0.0,0.0,0.0,0.0,0.013913959141644054,0.013719364430795179,3.237,,ok,excellent,57,56,56,56,100.0,0.0,0.0,0.0,0.0,0.0015725130163756866,0.0014651296989811368,0.642,,ok,excellent,331,57,57,57,100.0,0.0,0.0,0.0,0.0,0.013903989958186301,0.013718648137779454,4.538,,ok,excellent,57,56,56,56,100.0,0.0,0.0,0.0,0.0,0.001574681950534262,0.001464517747652316,1.013,,not_run_quota,,,,,,,,,,,,,,
B,eth-corpus,analyzer-parity-stop-limit-timing-01,,brackets,strict,778,False,ok,,0.094,1.566,True,0,1,0,0,0,0,0,0,0,0,0,0,0,ok,excellent,778,778,778,778,100.0,0.0,0.0,0.0,0.0,0.0003781997690990838,0.0003704353590299555,0.743,,ok,excellent,776,776,776,776,100.0,0.0,0.0,0.0,0.0,9.311160356795196e-05,9.132086499125396e-05,0.607,,ok,excellent,4601,778,778,778,100.0,0.0,0.0,0.0,0.0,0.0003781997690990838,0.0003704353590299555,0.569,,ok,excellent,4601,778,778,778,100.0,0.0,0.0,0.0,0.0,0.0003781997690990838,0.0003704353590299555,3.771,,ok,excellent,4601,778,778,778,100.0,0.0,0.0,0.0,0.0,0.0003781997690990838,0.0003704353590299555,4.918,,ok,excellent,784,776,776,776,100.0,0.0,0.0,0.0,0.0,9.311160356795196e-05,9.132086499125396e-05,0.814,,ok,excellent,4601,778,778,778,100.0,0.0,0.0,0.0,0.0,0.00035829451809388674,0.00037043535902985165,5.654,,ok,excellent,784,776,776,776,100.0,0.0,0.0,0.0,0.0,7.448928285436157e-05,9.132086499125396e-05,1.04,,not_run_quota,,,,,,,,,,,,,,
B,eth-corpus,anomaly-equity-mirror-strategy-equity-01,,plain,strict,24,False,ok,,0.089,1.249,True,0,0,0,0,0,0,0,0,0,0,0,0,0,ok,excellent,23,23,23,23,100.0,0.0,0.0,0.0,0.0,9.45923930969729e-07,6.802239194711995e-08,0.827,,ok,weak,22,19,18,9,50.0,0.05263157894736842,0.0,0.0,0.0044892950018372854,0.039352020965062545,0.02688621940111827,0.447,,ok,weak,132,19,20,7,35.0,0.05,0.0,0.0,0.13268005492534352,0.11537338760712125,0.1214938093917851,0.192,,ok,weak,132,19,20,7,35.0,0.05,0.0,0.0,0.13268005492534352,0.11537338760712125,0.1214938093917851,3.636,,ok,weak,132,19,20,7,35.0,0.05,0.0,0.0,0.13268005492534352,0.11537338760712125,0.1214938093917851,2.804,,ok,weak,23,19,18,9,50.0,0.05263157894736842,0.0,0.0,0.0044892950018372854,0.039352020965062545,0.02688621940111827,0.575,,ok,weak,142,22,17,12,70.59,0.22727272727272727,0.0,0.0,0.14016519563535315,0.13939380888735564,0.13844942051377643,4.496,,ok,weak,23,19,18,9,50.0,0.05263157894736842,0.0,0.0,0.0044892959153402245,0.039352030547912475,0.026886228651335987,0.776,,not_run_quota,,,,,,,,,,,,,,
B,eth-corpus,array-atlas-momentum-rotation-01,,brackets,strict,930,False,ok,,0.048,1.595,True,0,1,0,0,0,0,0,0,0,0,0,1,0,ok,excellent,930,930,930,930,100.0,0.0,0.0,0.0,0.0,2.3670230650531855e-08,3.840955989445636e-08,1.07,,ok,excellent,928,928,928,928,100.0,0.0,0.0,0.0,0.0,0.0012221220571827162,0.0012221220571821604,0.406,,ok,strong,5618,930,930,930,100.0,0.0,0.0,0.0,0.1505349384496477,0.1505285074136732,0.15052850741367343,0.278,,ok,strong,5618,930,930,930,100.0,0.0,0.0,0.0,0.1505349384496477,0.1505285074136732,0.15052850741367343,10.021,,ok,strong,5618,930,930,930,100.0,0.0,0.0,0.0,0.1505349384496477,0.1505285074136732,0.15052850741367343,8.242,,ok,excellent,929,928,928,928,100.0,0.0,0.0,0.0,0.0,0.0012221220571827162,0.0012221220571821604,2.441,,ok,strong,5618,930,930,930,100.0,0.0,0.0,0.0,0.15053440788781536,0.15054081643485606,0.15054081643485628,13.862,,ok,excellent,929,928,928,928,100.0,0.0,0.0,0.0,0.0,0.0012343491658608414,0.0012343491658604708,2.483,,not_run_quota,,,,,,,,,,,,,,
B,eth-corpus,array-spectrum-deque-01,,plain,strict,581,False,ok,,0.051,1.186,True,0,0,0,0,0,0,0,0,0,0,0,1,0,ok,excellent,581,581,581,581,100.0,0.0,0.0,0.0,0.0,3.9086221698389955e-09,1.1215146773272188e-08,1.056,,ok,excellent,579,578,578,578,100.0,0.0,0.0,0.0,0.0,3.785770405426474e-09,1.087753495843233e-08,0.429,,ok,excellent,3381,581,581,581,100.0,0.0,0.0,0.0,0.0,3.9086221698389955e-09,1.1215146773272188e-08,0.485,,ok,excellent,3380,581,581,581,100.0,0.0,0.0,0.0,0.0,3.9086221698389955e-09,1.1215146773272188e-08,4.975,,ok,excellent,3380,581,581,581,100.0,0.0,0.0,0.0,0.0,3.9086221698389955e-09,1.1215146773272188e-08,4.61,,ok,excellent,579,578,578,578,100.0,0.0,0.0,0.0,0.0,3.785770405426474e-09,1.087753495843233e-08,1.736,,ok,excellent,3380,581,581,581,100.0,0.0,0.0,0.0,0.0,3.9086221698389955e-09,1.1215146773272188e-08,9.19,,ok,excellent,579,578,578,578,100.0,0.0,0.0,0.0,0.0,3.785770405426474e-09,1.087753495843233e-08,2.231,,not_run_quota,,,,,,,,,,,,,,
B,eth-corpus,bands-constellation-mean-reversion-01,,brackets,strict,779,False,ok,,0.056,1.19,True,0,1,0,0,0,0,0,0,0,0,0,0,0,ok,excellent,779,779,779,779,100.0,0.0,0.0,0.0,0.0,1.3443817095463223e-08,1.315568346833129e-08,0.89,,ok,excellent,777,777,777,777,100.0,0.0,0.0,0.0,0.0,2.8372764425496974e-05,2.8822899904884307e-05,0.561,,ok,strong,4529,779,779,779,100.0,0.0,0.0,0.0,0.18251351687155085,0.18247854428697655,0.18247855117007847,0.412,,ok,strong,4529,779,779,779,100.0,0.0,0.0,0.0,0.18251351687155085,0.18247854428697655,0.18247855117007847,6.889,,ok,strong,4529,779,779,779,100.0,0.0,0.0,0.0,0.18251351687155085,0.18247854428697655,0.18247855117007847,6.26,,ok,excellent,779,777,777,777,100.0,0.0,0.0,0.0,0.0,2.8372764425496974e-05,2.8822899904884307e-05,1.91,,ok,strong,4529,779,779,779,100.0,0.0,0.0,0.0,0.1825794190069151,0.18240539725774946,0.18241201909533988,8.327,,ok,excellent,779,777,777,777,100.0,0.0,0.0,0.0,0.0,0.0001756243028280218,0.00017185819288358727,2.291,,not_run_quota,,,,,,,,,,,,,,
B,eth-corpus,barstate-isconfirmed-magnifier-off-01b,,plain,strict,871,False,ok,,0.084,1.517,True,0,0,0,0,0,0,0,0,0,0,1,0,0,ok,excellent,871,871,871,871,100.0,0.0,0.0,0.0,0.0,0.0,0.0,0.692,,ok,excellent,870,869,869,869,100.0,0.0,0.0,0.0,0.0,0.17362511298060207,0.10740452738897541,0.555,,ok,excellent,5218,871,871,871,100.0,0.0,0.0,0.0,0.0,0.19396201634783208,0.11773422356235197,0.731,,ok,excellent,5217,871,871,871,100.0,0.0,0.0,0.0,0.0,0.19396201634783208,0.11773422356235197,4.141,,ok,excellent,5217,871,871,871,100.0,0.0,0.0,0.0,0.0,0.19396201634783208,0.11773422356235197,3.928,,ok,excellent,876,869,869,869,100.0,0.0,0.0,0.0,0.0,0.0,0.0,1.187,,ok,excellent,5217,871,871,871,100.0,0.0,0.0,0.0,0.0,0.19396201634783208,0.11773422356235197,4.975,,ok,excellent,876,869,869,869,100.0,0.0,0.0,0.0,0.0,0.0,0.0,1.498,,not_run_quota,,,,,,,,,,,,,,
B,eth-corpus,barstate-isconfirmed-magnifier-on-01a,,plain,strict,871,False,ok,,0.057,0.836,True,0,0,0,0,0,0,0,0,1,0,1,0,0,ok,excellent,871,871,871,871,100.0,0.0,0.0,0.0,0.0,0.0,0.0,1.072,,ok,excellent,870,869,869,869,100.0,0.0,0.0,0.0,0.0,0.17362511298060207,0.10740452738897541,0.295,,ok,excellent,5218,871,871,871,100.0,0.0,0.0,0.0,0.0,0.19396201634783208,0.11773422356235197,0.863,,ok,excellent,5217,871,871,871,100.0,0.0,0.0,0.0,0.0,0.19396201634783208,0.11773422356235197,4.019,,ok,excellent,5217,871,871,871,100.0,0.0,0.0,0.0,0.0,0.19396201634783208,0.11773422356235197,3.43,,ok,excellent,876,869,869,869,100.0,0.0,0.0,0.0,0.0,0.0,0.0,1.596,,ok,excellent,5217,871,871,871,100.0,0.0,0.0,0.0,0.0,0.19396201634783208,0.11773422356235197,5.944,,ok,excellent,876,869,869,869,100.0,0.0,0.0,0.0,0.0,0.0,0.0,1.23,,not_run_quota,,,,,,,,,,,,,,
B,eth-corpus,barstate-lattice-confirmed-pivot-01,,brackets,strict,368,False,ok,,0.063,0.964,True,0,1,0,0,0,0,0,0,0,0,1,0,0,ok,excellent,368,368,368,368,100.0,0.0,0.0,0.0,0.0,6.112863160838304e-09,1.6517881122134704e-08,1.051,,ok,excellent,368,368,368,368,100.0,0.0,0.0,0.0,0.0,6.112863160838304e-09,1.6517881122134704e-08,0.33,,ok,excellent,2096,368,368,368,100.0,0.0,0.0,0.0,0.0,6.112863160838304e-09,1.6517881122134704e-08,0.602,,ok,excellent,2096,368,368,368,100.0,0.0,0.0,0.0,0.0,6.112863160838304e-09,1.6517881122134704e-08,9.542,,ok,excellent,2096,368,368,368,100.0,0.0,0.0,0.0,0.0,6.112863160838304e-09,1.6517881122134704e-08,9.311,,ok,excellent,369,368,368,368,100.0,0.0,0.0,0.0,0.0,6.112863160838304e-09,1.6517881122134704e-08,2.064,,ok,excellent,2096,368,368,368,100.0,0.0,0.0,0.0,0.0,6.112863160838304e-09,1.6517881122134704e-08,10.909,,ok,excellent,369,368,368,368,100.0,0.0,0.0,0.0,0.0,6.112863160838304e-09,1.6517881122134704e-08,2.546,,not_run_quota,,,,,,,,,,,,,,
B,eth-corpus,bracket-atr-trail-series-int-points-01,,trail,production,792,False,ok,,0.045,1.319,True,1,1,0,0,0,0,0,0,0,0,0,0,0,ok,excellent,792,792,792,792,100.0,0.0,0.0,0.0,0.0,4.0647101861600296e-05,4.029333548233188e-05,1.034,,ok,excellent,790,790,790,790,100.0,0.0,0.0,0.0,0.0,0.0,0.0,0.222,,ok,excellent,4631,792,792,792,100.0,0.0,0.0,0.0,0.0,4.0647101861600296e-05,4.029333548233188e-05,0.242,,ok,excellent,4631,792,792,792,100.0,0.0,0.0,0.0,0.0,4.0647101861600296e-05,4.029333548233188e-05,2.334,,ok,excellent,4631,792,792,792,100.0,0.0,0.0,0.0,0.0,4.0647101861600296e-05,4.029333548233188e-05,4.205,,ok,excellent,797,790,790,790,100.0,0.0,0.0,0.0,0.0,0.0,0.0,0.786,,ok,moderate,4631,792,792,792,100.0,0.0,0.0,0.005052189383281517,97.61428571428571,0.8402568896837656,0.9428640502860838,5.005,,ok,moderate,797,790,790,790,100.0,0.0,0.0,0.005066664697637011,97.75416666666669,0.8435672514619883,0.9380032206119173,1.187,,not_run_quota,,,,,,,,,,,,,,
B,eth-corpus,bracket-atr-trailing-stop-state-01,,plain,strict,5075,False,ok,,0.099,1.802,True,0,0,0,0,0,0,0,0,0,0,1,0,0,ok,excellent,5075,5075,5075,5075,100.0,0.0,0.0,0.0,0.0,0.000784693250330106,0.0005049336222683576,1.044,,ok,excellent,5075,5075,5075,5075,100.0,0.0,0.0,0.0,0.0,0.000784693250330106,0.0005049336222683576,0.702,,ok,excellent,32434,5075,5075,5075,100.0,0.0,0.0,0.0,0.0,0.0018898029112118752,0.0012160484736282587,1.04,,ok,excellent,32432,5075,5075,5075,100.0,0.0,0.0,0.0,0.0,0.0018898029112118752,0.0012160484736282587,9.775,,ok,excellent,32432,5075,5075,5075,100.0,0.0,0.0,0.0,0.0,0.0018898029112118752,0.0012160484736282587,9.113,,ok,excellent,5516,5075,5075,5075,100.0,0.0,0.0,0.0,0.0,0.0018898029112118752,0.0012160484736282587,2.303,,ok,excellent,32432,5075,5075,5075,100.0,0.0,0.0,0.0,0.0,0.0018898029112118752,0.0012160484736282587,11.1,,ok,excellent,5516,5075,5075,5075,100.0,0.0,0.0,0.0,0.0,0.0018898029112118752,0.0012160484736282587,2.469,,not_run_quota,,,,,,,,,,,,,,
B,eth-corpus,bracket-aurora-market-atr-01,,brackets,strict,843,False,ok,,0.089,1.078,True,0,1,0,0,0,0,0,0,0,0,0,0,0,ok,excellent,843,843,843,843,100.0,0.0,0.0,0.0,0.0,0.00012220259197055595,0.00013536363379282763,0.903,,ok,excellent,843,842,842,842,100.0,0.0,0.0,0.0,0.0,0.002124625671875942,0.0021248335465597333,0.217,,ok,strong,4815,843,843,843,100.0,0.0,0.0,0.0,0.32521069365052335,0.3252849048499071,0.3252841814882326,0.512,,ok,strong,4813,843,843,843,100.0,0.0,0.0,0.0,0.3255394449294241,0.3256089325688011,0.3256082017759206,5.269,,ok,strong,4813,843,843,843,100.0,0.0,0.0,0.0,0.3255394449294241,0.3256089325688011,0.3256082017759206,7.682,,ok,excellent,845,841,841,841,100.0,0.0,0.0,0.0,0.0,0.0011830148515028789,0.0011830471769011515,2.069,,ok,strong,4813,843,843,843,100.0,0.0,0.0,0.0,0.32556173481773726,0.3256105534310822,0.3256102501603278,9.407,,ok,excellent,845,841,841,841,100.0,0.0,0.0,0.0,0.0,0.00120057777866424,0.0012004828727653785,1.562,,not_run_quota,,,,,,,,,,,,,,
B,eth-corpus,bracket-compass-partial-ladder-01,,partial,strict,836,False,ok,,0.047,1.273,True,0,1,1,0,0,0,0,0,0,0,0,0,0,ok,excellent,418,417,417,417,100.0,0.0,0.0,0.0,0.0,5.817440754682395e-06,5.713963783267814e-06,0.417,,ok,excellent,417,417,417,417,100.0,0.0,0.0,0.0,0.0,0.0002767666603135572,0.0002710162705378326,0.633,,ok,excellent,2421,417,417,417,100.0,0.0,0.0,0.0,0.0,5.817440754682395e-06,5.713963783267814e-06,0.591,,ok,excellent,2420,417,417,417,100.0,0.0,0.0,0.0,0.0,5.817440754682395e-06,5.713963783267814e-06,5.818,,ok,excellent,2420,417,417,417,100.0,0.0,0.0,0.0,0.0,5.817440754682395e-06,5.713963783267814e-06,6.968,,ok,excellent,417,416,416,416,100.0,0.0,0.0,0.0,0.0,9.227783237886608e-09,9.88534256947356e-09,2.032,,ok,weak,2106,373,416,369,88.7,0.10336538461538461,0.0,0.005544565290842837,1.4837231525398495,0.06367780738774108,0.13724833192123687,10.493,,ok,weak,374,373,415,369,88.92,0.10120481927710843,0.0,0.005544565290842837,1.4837231525398495,0.06574939443218042,0.1369335259154763,2.12,,not_run_quota,,,,,,,,,,,,,,
B,eth-corpus,bracket-entry-exit-same-pass-attach-01,,brackets,strict,728,False,ok,,0.083,1.36,True,0,1,0,0,0,0,0,0,0,0,0,0,0,ok,excellent,728,728,728,728,100.0,0.0,0.0,0.0,0.0,0.0,0.0,0.537,,ok,excellent,726,726,726,726,100.0,0.0,0.0,0.0,0.0,0.0,0.0,0.41,,ok,excellent,4590,728,728,728,100.0,0.0,0.0,0.0,0.0,0.0,0.0,0.69,,ok,excellent,4590,728,728,728,100.0,0.0,0.0,0.0,0.0,0.0,0.0,2.808,,ok,excellent,4590,728,728,728,100.0,0.0,0.0,0.0,0.0,0.0,0.0,4.578,,ok,excellent,792,726,726,726,100.0,0.0,0.0,0.0,0.0,0.0,0.0,1.112,,ok,excellent,4590,728,728,728,100.0,0.0,0.0,0.0,0.0,0.0,0.0,5.217,,ok,excellent,792,726,726,726,100.0,0.0,0.0,0.0,0.0,0.0,0.0,0.82,,not_run_quota,,,,,,,,,,,,,,
B,eth-corpus,bracket-exit-stop-limit-trail-same-bar-01,,trail,production,732,False,ok,,0.059,1.305,True,1,1,0,0,0,0,0,0,0,0,0,0,0,ok,excellent,732,732,732,732,100.0,0.0,0.0,0.0,0.0,0.0013715785079610578,0.0008829174664108184,0.961,,ok,excellent,730,730,730,730,100.0,0.0,0.0,0.0,0.0,0.0,0.0,0.404,,ok,excellent,4631,732,732,732,100.0,0.0,0.0,0.0,0.0,0.0013715785079610578,0.0008829174664108184,0.705,,ok,excellent,4631,732,732,732,100.0,0.0,0.0,0.0,0.0,0.0014312123561333956,0.0009213051823417129,4.311,,ok,excellent,4631,732,732,732,100.0,0.0,0.0,0.0,0.0,0.0014312123561333956,0.0009213051823417129,3.021,,ok,excellent,797,730,730,730,100.0,0.0,0.0,0.0,0.0,5.7696745903642554e-05,3.75756209371285e-05,1.007,,ok,moderate,4631,732,732,732,100.0,0.0,0.0,0.008611328381479887,79.96666666666665,1.6095175621682867,2.786026871401152,5.779,,ok,moderate,797,730,730,730,100.0,0.0,0.0,0.00860689713237511,80.025,2.143837987537503,3.110171720587682,1.556,,not_run_quota,,,,,,,,,,,,,,
B,eth-corpus,bracket-exit-three-way-set-once-entry-01,,trail,production,792,False,ok,,0.047,0.977,True,1,1,0,0,0,0,0,0,0,0,0,0,0,ok,excellent,792,792,792,792,100.0,0.0,0.0,0.0,0.0,0.0,0.0,0.737,,ok,excellent,790,790,790,790,100.0,0.0,0.0,0.0,0.0,0.0,0.0,0.214,,ok,excellent,4630,792,792,792,100.0,0.0,0.0,0.0,0.0,0.0,0.0,0.473,,ok,excellent,4630,792,792,792,100.0,0.0,0.0,0.0,0.0,0.0,0.0,3.64,,ok,excellent,4630,792,792,792,100.0,0.0,0.0,0.0,0.0,0.0,0.0,3.978,,ok,excellent,797,790,790,790,100.0,0.0,0.0,0.0,0.0,0.0,0.0,1.068,,ok,moderate,4630,792,792,792,100.0,0.0,0.0,0.004887788224693243,75.72999999999999,0.45923069688704976,0.7417821537701652,3.615,,ok,moderate,797,790,790,790,100.0,0.0,0.0,0.0048942803055838854,76.07000000000008,0.46103509815585964,0.7385246154320287,1.055,,not_run_quota,,,,,,,,,,,,,,
B,eth-corpus,bracket-exit-tp-sl-fixed-01,,brackets,strict,366,False,ok,,0.095,0.8,True,0,1,0,0,0,0,0,0,0,0,0,0,0,ok,excellent,366,366,366,366,100.0,0.0,0.0,0.0,0.0,0.0,0.0,0.799,,ok,excellent,365,365,365,365,100.0,0.0,0.0,0.0,0.0,0.0,0.0,0.414,,ok,excellent,2316,366,366,366,100.0,0.0,0.0,0.0,0.0,0.0,0.0,0.418,,ok,excellent,2316,366,366,366,100.0,0.0,0.0,0.0,0.0,0.0,0.0,4.277,,ok,excellent,2316,366,366,366,100.0,0.0,0.0,0.0,0.0,0.0,0.0,3.293,,ok,excellent,399,365,365,365,100.0,0.0,0.0,0.0,0.0,0.0,0.0,1.123,,ok,excellent,2316,366,366,366,100.0,0.0,0.0,0.0,0.0,0.0,0.0,4.855,,ok,excellent,399,365,365,365,100.0,0.0,0.0,0.0,0.0,0.0,0.0,1.05,,not_run_quota,,,,,,,,,,,,,,
B,eth-corpus,bracket-narrow-stop-limit-with-trail8-01,,trail,production,792,False,ok,,0.054,0.871,True,1,1,0,0,0,0,0,0,0,0,0,0,0,ok,excellent,792,792,792,792,100.0,0.0,0.0,0.0,0.0,0.0,0.0,1.54,,ok,excellent,790,790,790,790,100.0,0.0,0.0,0.0,0.0,0.0,0.0,0.374,,ok,excellent,4614,792,792,792,100.0,0.0,0.0,0.0,0.0,0.0,0.0,0.608,,ok,excellent,4614,792,792,792,100.0,0.0,0.0,0.0,0.0,0.0,0.0,3.964,,ok,excellent,4614,792,792,792,100.0,0.0,0.0,0.0,0.0,0.0,0.0,2.945,,ok,excellent,797,790,790,790,100.0,0.0,0.0,0.0,0.0,0.0,0.0,0.52,,ok,moderate,4614,792,792,792,100.0,0.0,0.0,0.004974539873779143,218.9374999999999,0.1332165316146796,0.7573298510711165,4.594,,ok,moderate,797,790,790,790,100.0,0.0,0.0,0.0049837413079470315,219.52500000000003,0.12173613934144284,0.7553373318002528,1.137,,not_run_quota,,,,,,,,,,,,,,
B,eth-corpus,bracket-partial-exit-qty-percent-01,,partial,strict,725,False,ok,,0.089,1.554,True,0,1,1,0,0,0,0,0,0,0,0,0,0,ok,excellent,366,366,366,366,100.0,0.0,0.0,0.0,0.0,0.0,0.0,0.886,,ok,excellent,365,365,365,365,100.0,0.0,0.0,0.0,0.0,0.0,0.0,0.21,,ok,excellent,2315,366,366,366,100.0,0.0,0.0,0.0,0.0,0.0,0.0,0.669,,ok,excellent,2315,366,366,366,100.0,0.0,0.0,0.0,0.0,0.0,0.0,6.718,,ok,excellent,2315,366,366,366,100.0,0.0,0.0,0.0,0.0,0.0,0.0,5.669,,ok,excellent,399,365,365,365,100.0,0.0,0.0,0.0,0.0,0.0,0.0,0.862,,ok,moderate,2283,359,366,359,98.09,0.01912568306010929,0.0,0.008446151559362064,3.642481139253622,4.176407304718741,0.5310509406536817,4.489,,ok,moderate,390,358,365,358,98.08,0.019178082191780823,0.0,0.008467703542859617,3.643677796615439,4.446906093090808,0.51967042306828,1.186,,not_run_quota,,,,,,,,,,,,,,
B,eth-corpus,bracket-revision-exit-replace-01,,brackets,strict,335,False,ok,,0.096,1.363,True,0,1,0,0,0,0,0,0,0,0,1,0,0,ok,excellent,335,335,335,335,100.0,0.0,0.0,0.0,0.0,5.9014019575613784e-08,1.482945680818891e-08,0.908,,ok,excellent,335,335,335,335,100.0,0.0,0.0,0.0,0.0,5.9014019575613784e-08,1.482945680818891e-08,0.359,,ok,excellent,1966,335,335,335,100.0,0.0,0.0,0.0,0.0,5.9014019575613784e-08,1.482945680818891e-08,0.596,,ok,excellent,1965,335,335,335,100.0,0.0,0.0,0.0,0.0,5.9014019575613784e-08,1.482945680818891e-08,7.443,,ok,excellent,1965,335,335,335,100.0,0.0,0.0,0.0,0.0,5.9014019575613784e-08,1.482945680818891e-08,5.085,,ok,excellent,335,335,335,335,100.0,0.0,0.0,0.0,0.0,5.9014019575613784e-08,1.482945680818891e-08,1.413,,ok,excellent,1965,335,335,335,100.0,0.0,0.0,0.0,0.0,0.0015335383165640667,0.00019267913170026784,9.444,,ok,excellent,335,335,335,335,100.0,0.0,0.0,0.0,0.0,0.0015335383165640667,0.00019267913170026784,1.727,,not_run_quota,,,,,,,,,,,,,,
B,eth-corpus,bracket-rivet-calc-on-fill-01,,brackets,strict,541,False,ok,,0.058,1.244,True,0,1,0,0,1,1,0,0,0,0,0,0,0,ok,excellent,541,541,541,541,100.0,0.0,0.0,0.0,0.0,0.00018153359203184,0.00017910536690038254,0.274,,ok,excellent,540,539,539,539,100.0,0.0,0.0,0.0,0.0,7.385822813920008e-09,7.2890792035702955e-09,0.332,,ok,excellent,3205,541,541,541,100.0,0.0,0.0,0.0,0.0,0.00018153359203184,0.00017910536690038254,0.833,,ok,strong,3200,539,541,539,99.63,0.0036968576709796672,0.0,0.0,0.0,0.00016409267538386492,0.00016210337248538358,8.496,,ok,strong,3200,539,541,539,99.63,0.0036968576709796672,0.0,0.0,0.0,0.00016409267538386492,0.00016210337248538358,6.325,,ok,strong,539,537,539,537,99.63,0.0037105751391465678,0.0,0.0,0.0,3.3457832497754993e-09,3.306028853308744e-09,1.429,,ok,strong,3200,539,541,538,99.45,0.0036968576709796672,0.0,0.0,0.0,0.00016497612646721067,0.00016296545883987082,11.28,,ok,strong,539,537,539,536,99.44,0.0037105751391465678,0.0,0.0,0.0,3.3634015377761117e-09,3.3232298735436305e-09,2.21,,not_run_quota,,,,,,,,,,,,,,
B,eth-corpus,bracket-same-id-exit-replace-01,,brackets,strict,366,False,ok,,0.092,0.925,True,0,1,0,0,0,0,0,0,0,0,0,0,0,ok,excellent,366,366,366,366,100.0,0.0,0.0,0.0,0.0,0.0,0.0,0.483,,ok,excellent,365,365,365,365,100.0,0.0,0.0,0.0,0.0,0.0,0.0,0.391,,ok,excellent,2316,366,366,366,100.0,0.0,0.0,0.0,0.0,0.0,0.0,0.435,,ok,excellent,2316,366,366,366,100.0,0.0,0.0,0.0,0.0,0.0,0.0,3.092,,ok,excellent,2316,366,366,366,100.0,0.0,0.0,0.0,0.0,0.0,0.0,2.763,,ok,excellent,399,365,365,365,100.0,0.0,0.0,0.0,0.0,0.0,0.0,0.499,,ok,excellent,2316,366,366,366,100.0,0.0,0.0,0.0,0.0,0.0,0.0,3.763,,ok,excellent,399,365,365,365,100.0,0.0,0.0,0.0,0.0,0.0,0.0,0.869,,not_run_quota,,,,,,,,,,,,,,
B,eth-corpus,bracket-tp-sl-oca-reduce-isolate-01,,plain,strict,2240,False,ok,,0.099,1.199,True,0,0,0,0,0,0,0,0,0,0,0,0,0,ok,excellent,2240,2240,2240,2240,100.0,0.0,0.0,0.0,0.0,0.0,0.0,0.984,,ok,excellent,2237,2237,2237,2237,100.0,0.0,0.0,0.0,0.0,0.0,0.0,0.437,,ok,excellent,12655,2240,2240,2240,100.0,0.0,0.0,0.0,0.0,0.0,0.0,0.704,,ok,strong,12653,2240,2240,2240,100.0,0.0,0.0,0.0,0.0,0.0,0.0,5.157,,ok,strong,12653,2240,2240,2240,100.0,0.0,0.0,0.0,0.0,0.0,0.0,5.988,,ok,strong,2256,2237,2237,2237,100.0,0.0,0.0,0.0,0.0,0.0,0.0,1.154,,ok,strong,12651,2240,2240,2240,100.0,0.0,0.0,0.0,0.0,0.0,0.0,8.427,,ok,strong,2256,2237,2237,2237,100.0,0.0,0.0,0.0,0.0,0.0,0.0,1.285,,not_run_quota,,,,,,,,,,,,,,
B,eth-corpus,bracket-trail-points-no-offset-explicit-01,,trail,production,782,False,ok,,0.081,1.079,True,1,1,0,0,0,0,0,0,0,0,0,0,0,ok,excellent,782,782,782,782,100.0,0.0,0.0,0.0,0.0,0.0,0.0,1.02,,ok,excellent,780,780,780,780,100.0,0.0,0.0,0.0,0.0,0.0,0.0,0.691,,ok,excellent,4570,782,782,782,100.0,0.0,0.0,0.0,0.0,0.0,0.0,0.561,,ok,excellent,4570,782,782,782,100.0,0.0,0.0,0.0,0.0,0.0,0.0,4.028,,ok,excellent,4570,782,782,782,100.0,0.0,0.0,0.0,0.0,0.0,0.0,4.716,,ok,excellent,787,780,780,780,100.0,0.0,0.0,0.0,0.0,0.0,0.0,1.299,,ok,moderate,4566,782,782,782,100.0,0.0,0.0,0.004962048741318774,190.26249999999996,0.12989819133927313,0.29141567220016973,4.704,,ok,moderate,787,780,780,780,100.0,0.0,0.0,0.0049737708946347315,190.425,0.1305325759597422,0.2906972321190835,1.225,,not_run_quota,,,,,,,,,,,,,,
B,eth-corpus,bracket-trail-points-with-offset-only-01,,trail,production,710,False,ok,,0.171,1.432,True,1,0,0,0,0,0,0,0,0,0,0,0,0,ok,excellent,710,710,710,710,100.0,0.0,0.0,0.0,0.0,0.0,0.0,0.538,,ok,excellent,708,708,708,708,100.0,0.0,0.0,0.0,0.0,0.0,0.0,0.281,,ok,excellent,4449,710,710,710,100.0,0.0,0.0,0.0,0.0,0.0,0.0,0.479,,ok,excellent,4449,710,710,710,100.0,0.0,0.0,0.0,0.0,0.0029407541426151565,0.0027951717774999645,4.034,,ok,excellent,4449,710,710,710,100.0,0.0,0.0,0.0,0.0,0.0029407541426151565,0.0027951717774999645,3.657,,ok,excellent,773,708,708,708,100.0,0.0,0.0,0.0,0.0,0.0029635975295635585,0.002815801485995243,0.869,,run_error,,,,,,,,,,,,,0.702,AssertionError,run_error,,,,,,,,,,,,,0.598,AssertionError,not_run_quota,,,,,,,,,,,,,,
B,eth-corpus,bracket-trailing-activation-offset-path-01,,trail,production,671,False,ok,,0.085,1.554,True,1,0,0,0,0,0,0,0,0,0,0,0,0,ok,excellent,671,671,671,671,100.0,0.0,0.0,0.0,0.0,0.0,0.0,0.836,,ok,excellent,669,669,669,669,100.0,0.0,0.0,0.0,0.0,0.0,0.0,0.207,,ok,excellent,3909,671,671,671,100.0,0.0,0.0,0.0,0.0,0.0,0.0,0.849,,ok,excellent,3909,671,671,671,100.0,0.0,0.0,0.0,0.0,0.0,0.0,5.693,,ok,excellent,3909,671,671,671,100.0,0.0,0.0,0.0,0.0,0.0,0.0,5.62,,ok,excellent,729,669,669,669,100.0,0.0,0.0,0.0,0.0,0.0,0.0,1.122,,run_error,,,,,,,,,,,,,1.09,AssertionError,run_error,,,,,,,,,,,,,0.643,AssertionError,not_run_quota,,,,,,,,,,,,,,
B,eth-corpus,calendar-waypoint-weekday-macd-01,,brackets,strict,2165,False,ok,,0.05,1.032,True,0,1,0,0,0,0,0,0,0,0,0,0,0,ok,excellent,2165,2165,2165,2165,100.0,0.0,0.0,0.0,0.0,2.2957367439873163e-09,6.9065055254145335e-09,1.141,,ok,excellent,2163,2163,2163,2163,100.0,0.0,0.0,0.0,0.0,0.001192033119252827,0.0011937644903625123,0.475,,ok,strong,12578,2165,2165,2165,100.0,0.0,0.0,0.0,0.5052175521808763,0.5051980762245588,0.5051980146169165,0.605,,ok,strong,12575,2165,2165,2165,100.0,0.0,0.0,0.0,0.5051595855979696,0.5051332060922316,0.5051331487619968,10.51,,ok,strong,12575,2165,2165,2165,100.0,0.0,0.0,0.0,0.5051595855979696,0.5051332060922316,0.5051331487619968,13.84,,ok,excellent,2166,2162,2162,2162,100.0,0.0,0.0,0.0,0.0,0.0030844019042123834,0.003084399073728555,2.831,,ok,weak,12745,2184,2158,1714,79.43,0.011904761904761904,0.0,0.0,0.49242753529915173,0.47886078883463246,0.4788607888346319,12.747,,ok,weak,2192,2181,2155,1711,79.4,0.01192113709307657,0.0,0.0,0.0,0.013836045592909876,0.02517477546418618,2.555,,not_run_quota,,,,,,,,,,,,,,
B,eth-corpus,cap-gatekeeper-intraday-risk-01,,brackets,strict,302,False,ok,,0.057,0.957,True,0,1,0,0,0,1,0,0,0,0,0,0,0,ok,excellent,302,302,302,302,100.0,0.0,0.0,0.0,0.0,0.07974049690593522,0.08194096777592302,0.3,,ok,excellent,301,301,301,301,100.0,0.0,0.0,0.0,0.0,0.0695896103768403,0.08840746018921682,0.262,,ok,excellent,1724,302,302,302,100.0,0.0,0.0,0.0,0.0,0.07974049690593522,0.08194096777592302,0.551,,ok,excellent,1724,302,302,302,100.0,0.0,0.0,0.0,0.0,0.0,7.356601558924239e-09,7.025,,ok,excellent,1724,302,302,302,100.0,0.0,0.0,0.0,0.0,0.0,7.356601558924239e-09,8.057,,ok,excellent,302,301,301,301,100.0,0.0,0.0,0.0,0.0,0.0,7.937158628966442e-09,1.529,,ok,excellent,1724,302,302,302,100.0,0.0,0.0,0.0,0.0,0.0,7.356601558924239e-09,13.952,,ok,excellent,302,301,301,301,100.0,0.0,0.0,0.0,0.0,0.0,7.937158628966442e-09,2.473,,not_run_quota,,,,,,,,,,,,,,
B,eth-corpus,cap-max-intraday-filled-orders-isolate-01,,plain,strict,1958,False,ok,,0.098,1.566,True,0,0,0,0,0,0,0,0,0,0,0,0,0,ok,excellent,1958,1958,1958,1958,100.0,0.0,0.0,0.0,0.0,0.4237243941789027,0.20627365114120444,1.05,,ok,excellent,1953,1953,1953,1953,100.0,0.0,0.0,0.0,0.0,0.4276902325887424,0.20720900208794818,0.381,,ok,strong,11510,1955,1958,1955,99.85,0.0015321756894790602,0.0,0.0,0.0,0.45084286319356215,0.2151026973721432,0.384,,ok,strong,11510,1955,1958,1955,99.85,0.0015321756894790602,0.0,0.0,0.0,0.01033460398136387,0.004930767178873837,5.684,,ok,strong,11510,1955,1958,1955,99.85,0.0015321756894790602,0.0,0.0,0.0,0.01033460398136387,0.004930767178873837,4.964,,ok,excellent,1973,1953,1953,1953,100.0,0.0,0.0,0.0,0.0,0.0,0.0,1.117,,ok,weak,6936,1180,1952,1164,59.63,0.39549180327868855,0.0,0.024563053879692792,7.989403026905832,1.905978394735917,1.7646502649358822,7.436,,ok,weak,1192,1180,1952,1164,59.63,0.39549180327868855,0.0,0.024563053879692792,7.989403026905832,1.905978394735917,1.7646502649358822,1.307,,not_run_quota,,,,,,,,,,,,,,
B,eth-corpus,cap-risk-gates-allow-max-intraday-01,,plain,strict,732,False,ok,,0.102,0.829,True,0,0,0,1,0,0,0,0,0,0,0,0,0,ok,excellent,732,732,732,732,100.0,0.0,0.0,0.0,0.0,0.0,0.0,0.755,,ok,excellent,730,730,730,730,100.0,0.0,0.0,0.0,0.0,0.0,0.0,0.376,,ok,excellent,4632,732,732,732,100.0,0.0,0.0,0.0,0.0,0.0,0.0,0.341,,ok,excellent,4632,732,732,732,100.0,0.0,0.0,0.0,0.0,0.0,0.0,3.722,,ok,excellent,4632,732,732,732,100.0,0.0,0.0,0.0,0.0,0.0,0.0,4.763,,ok,excellent,798,730,730,730,100.0,0.0,0.0,0.0,0.0,0.0,0.0,1.084,,ok,excellent,4632,732,732,732,100.0,0.0,0.0,0.0,0.0,0.0,0.0,6.767,,ok,excellent,798,730,730,730,100.0,0.0,0.0,0.0,0.0,0.0,0.0,1.112,,not_run_quota,,,,,,,,,,,,,,
B,eth-corpus,composite-4emarsi-integration-01,,plain,strict,335,False,ok,,0.121,1.601,True,0,0,0,0,0,0,0,0,0,0,1,0,0,ok,excellent,335,335,335,335,100.0,0.0,0.0,0.0,0.0,0.0,0.0,0.822,,ok,excellent,335,335,335,335,100.0,0.0,0.0,0.0,0.0,0.0,0.0,0.358,,ok,excellent,1978,335,335,335,100.0,0.0,0.0,0.0,0.0,0.0,0.0,0.308,,ok,excellent,1976,335,335,335,100.0,0.0,0.0,0.0,0.0,0.0,0.0,4.339,,ok,excellent,1976,335,335,335,100.0,0.0,0.0,0.0,0.0,0.0,0.0,3.78,,ok,excellent,343,335,335,335,100.0,0.0,0.0,0.0,0.0,0.0,0.0,0.772,,ok,excellent,1976,335,335,335,100.0,0.0,0.0,0.0,0.0,0.0,0.0,6.93,,ok,excellent,343,335,335,335,100.0,0.0,0.0,0.0,0.0,0.0,0.0,1.235,,not_run_quota,,,,,,,,,,,,,,
B,eth-corpus,composite-4emarsi-quad-ema-stack-01,,plain,strict,224,False,ok,,0.062,1.254,True,0,0,0,0,0,0,0,0,0,0,0,0,0,ok,excellent,224,224,224,223,99.55,0.0,0.0,0.0,0.0,0.030595251926726217,0.014680421583411127,0.66,,ok,excellent,224,224,224,223,99.55,0.0,0.0,0.0,0.0,0.030595251926726217,0.014680421583411127,0.279,,ok,excellent,225,222,222,222,100.0,0.0,0.0,0.0,0.0,0.03227074021317359,0.014624699492475874,0.397,,ok,strong,1190,220,220,220,100.0,0.0,0.0,0.0,0.0,0.04800636928969509,0.01856567472205574,5.307,,ok,strong,1190,220,220,220,100.0,0.0,0.0,0.0,0.0,0.04800636928969509,0.01856567472205574,4.931,,ok,strong,222,220,220,220,100.0,0.0,0.0,0.0,0.0,0.04800636928969509,0.01856567472205574,0.818,,ok,strong,1190,220,220,220,100.0,0.0,0.0,0.0,0.0,0.04800636928969509,0.01856567472205574,6.094,,ok,strong,222,220,220,220,100.0,0.0,0.0,0.0,0.0,0.04800636928969509,0.01856567472205574,0.868,,not_run_quota,,,,,,,,,,,,,,
B,eth-corpus,composite-4emarsi-rsi-pullback-latch-01,,plain,strict,816,False,ok,,0.049,0.976,True,0,0,0,0,0,0,0,0,0,0,1,0,0,ok,excellent,816,816,816,816,100.0,0.0,0.0,0.0,0.0,0.0,0.0,0.502,,ok,excellent,815,814,814,814,100.0,0.0,0.0,0.0,0.0,0.0,0.0,0.396,,ok,excellent,4776,815,815,815,100.0,0.0,0.0,0.0,0.0,0.056031735916390456,0.013376082028813522,0.904,,ok,excellent,4776,815,815,815,100.0,0.0,0.0,0.0,0.0,0.056031735916390456,0.013376082028813522,6.152,,ok,excellent,4776,815,815,815,100.0,0.0,0.0,0.0,0.0,0.056031735916390456,0.013376082028813522,4.339,,ok,excellent,824,814,814,814,100.0,0.0,0.0,0.0,0.0,0.050676503220414795,0.013046946005601601,1.204,,ok,excellent,4776,815,815,815,100.0,0.0,0.0,0.0,0.0,0.056031735916390456,0.013376082028813522,5.78,,ok,excellent,824,814,814,814,100.0,0.0,0.0,0.0,0.0,0.050676503220414795,0.013046946005601601,1.454,,not_run_quota,,,,,,,,,,,,,,
B,eth-corpus,composite-4emarsi-session-window-nbar-exit-01,,plain,strict,744,False,ok,,0.134,1.804,True,0,0,0,0,0,0,0,0,0,0,1,0,0,ok,excellent,744,744,744,744,100.0,0.0,0.0,0.0,0.0,0.0,0.0,0.563,,ok,excellent,742,742,742,742,100.0,0.0,0.0,0.0,0.0,0.0,0.0,0.404,,ok,excellent,4489,744,744,744,100.0,0.0,0.0,0.0,0.0,0.0,0.0,0.43,,ok,excellent,4489,744,744,744,100.0,0.0,0.0,0.0,0.0,0.0,0.0,4.378,,ok,excellent,4489,744,744,744,100.0,0.0,0.0,0.0,0.0,0.0,0.0,6.021,,ok,excellent,747,742,742,742,100.0,0.0,0.0,0.0,0.0,0.00540826692229547,0.0037873854015330046,1.399,,ok,excellent,4489,744,744,744,100.0,0.0,0.0,0.0,0.0,0.0,0.0,10.573,,ok,excellent,747,742,742,742,100.0,0.0,0.0,0.0,0.0,0.00540826692229547,0.0037873854015330046,1.421,,not_run_quota,,,,,,,,,,,,,,
B,eth-corpus,composite-boscurv-integration-01,,plain,strict,1026,False,ok,,0.051,1.589,True,0,0,0,0,0,0,0,0,0,0,1,0,0,ok,excellent,1026,1026,1026,1026,100.0,0.0,0.0,0.0,0.0,0.0,0.0,0.986,,ok,excellent,1024,1024,1024,1024,100.0,0.0,0.0,0.0,0.0,0.0,0.0,0.448,,ok,excellent,5967,1026,1026,1026,100.0,0.0,0.0,0.0,0.0,0.009261478576838712,0.006878970005981616,0.686,,ok,excellent,5967,1026,1026,1026,100.0,0.0,0.0,0.0,0.0,0.009261478576838712,0.006878970005981616,11.711,,ok,excellent,5967,1026,1026,1026,100.0,0.0,0.0,0.0,0.0,0.009261478576838712,0.006878970005981616,9.845,,ok,excellent,1034,1024,1024,1024,100.0,0.0,0.0,0.0,0.0,0.00950076714268862,0.0070101087800524585,1.712,,ok,excellent,5967,1026,1026,1026,100.0,0.0,0.0,0.0,0.0,0.009261478576838712,0.006878970005981616,15.876,,ok,excellent,1034,1024,1024,1024,100.0,0.0,0.0,0.0,0.0,0.00950076714268862,0.0070101087800524585,2.883,,not_run_quota,,,,,,,,,,,,,,
B,eth-corpus,composite-boscurv-linreg-slope-channel-01,,plain,strict,857,False,ok,,0.075,1.377,True,0,0,0,0,0,0,0,0,0,0,0,0,0,ok,excellent,857,857,857,857,100.0,0.0,0.0,0.0,0.0,0.0,0.0,0.507,,ok,excellent,854,853,853,853,100.0,0.0,0.0,0.0,0.0,0.0,0.0,0.507,,ok,excellent,4986,856,856,856,100.0,0.0,0.0,0.0,0.0,0.005672559434153436,0.005409931087782489,0.86,,ok,excellent,4986,856,856,856,100.0,0.0,0.0,0.0,0.0,0.005672559434153436,0.005409931087782489,9.987,,ok,excellent,4986,856,856,856,100.0,0.0,0.0,0.0,0.0,0.005672559434153436,0.005409931087782489,8.51,,ok,excellent,864,853,853,853,100.0,0.0,0.0,0.0,0.0,0.005717566423798383,0.00545085204830146,1.77,,ok,excellent,4986,856,856,856,100.0,0.0,0.0,0.0,0.0,0.005672559434153436,0.005409931087782489,6.418,,ok,excellent,864,853,853,853,100.0,0.0,0.0,0.0,0.0,0.005717566423798383,0.00545085204830146,1.278,,not_run_quota,,,,,,,,,,,,,,
B,eth-corpus,composite-boscurv-pivot-bos-trigger-01,,plain,strict,906,False,ok,,0.068,1.127,True,0,0,0,0,0,0,0,0,0,0,1,0,0,ok,excellent,906,906,906,906,100.0,0.0,0.0,0.0,0.0,0.0,0.0,0.804,,ok,excellent,905,904,904,904,100.0,0.0,0.0,0.0,0.0,0.0,0.0,0.216,,ok,excellent,5201,905,905,905,100.0,0.0,0.0,0.0,0.0,0.02434452630693072,0.013332216030502346,0.599,,ok,excellent,5201,905,905,905,100.0,0.0,0.0,0.0,0.0,0.02434452630693072,0.013332216030502346,8.303,,ok,excellent,5201,905,905,905,100.0,0.0,0.0,0.0,0.0,0.02434452630693072,0.013332216030502346,7.498,,ok,excellent,915,904,904,904,100.0,0.0,0.0,0.0,0.0,0.02497253178464914,0.013518393426882973,2.11,,ok,excellent,5201,905,905,905,100.0,0.0,0.0,0.0,0.0,0.02434452630693072,0.013332216030502346,12.806,,ok,excellent,915,904,904,904,100.0,0.0,0.0,0.0,0.0,0.02497253178464914,0.013518393426882973,1.977,,not_run_quota,,,,,,,,,,,,,,
B,eth-corpus,composite-bracket-cap-range-pending-stop-01,,plain,strict,1192,False,ok,,0.113,0.988,True,0,0,0,0,0,0,0,0,0,0,0,0,0,ok,excellent,1192,1192,1192,1192,100.0,0.0,0.0,0.0,0.0,0.0731258882941727,0.07263388700327457,0.829,,ok,strong,1189,1189,1187,1187,100.0,0.001682085786375105,0.0,0.0,0.0,0.07150430467789133,0.07102236825477132,0.39,,ok,strong,6953,1190,1192,1190,99.83,0.0016778523489932886,0.0,0.0,0.0,0.07579882157937398,0.07528871690721456,0.934,,ok,strong,6949,1187,1192,1187,99.58,0.0041946308724832215,0.0,0.0,0.0,0.008690518935959134,0.009502106542067549,4.9,,ok,strong,6949,1187,1192,1187,99.58,0.0041946308724832215,0.0,0.0,0.0,0.008690518935959134,0.009502106542067549,5.125,,ok,strong,1198,1186,1187,1184,99.75,0.0008424599831508003,0.0,0.0,0.0,0.004266627657499512,0.005109453700116348,0.959,,ok,minimal,3,3,1192,0,0.0,0.99748322147651,0.0,0.0,0.0,,,6.458,,ok,weak,3,1,1,1,100.0,0.0,0.0,0.0015342145776928917,0.0,2890000000.0,2.89,1.226,,not_run_quota,,,,,,,,,,,,,,
B,eth-corpus,composite-ies-adx-regime-classify-01,,plain,strict,682,False,ok,,0.126,2.114,True,0,0,0,0,0,0,0,0,0,0,0,0,0,ok,excellent,682,682,682,682,100.0,0.0,0.0,0.0,0.0,0.0,0.0,0.41,,ok,excellent,680,679,679,679,100.0,0.0,0.0,0.0,0.0,0.0,0.0,0.386,,ok,excellent,689,682,682,682,100.0,0.0,0.0,0.0,0.0,0.0,0.0,0.457,,ok,strong,3760,683,682,682,100.0,0.0014641288433382138,0.0,0.0,0.0,0.08194774346793361,0.008877167025827562,6.594,,ok,strong,3760,683,682,682,100.0,0.0014641288433382138,0.0,0.0,0.0,0.08194774346793361,0.008877167025827562,5.64,,ok,excellent,687,679,679,679,100.0,0.0,0.0,0.0,0.0,0.0,0.0,1.276,,ok,strong,3761,683,682,682,100.0,0.0014641288433382138,0.0,0.0,0.0,0.08194774346793361,0.008877167025827562,10.938,,ok,excellent,687,679,679,679,100.0,0.0,0.0,0.0,0.0,0.0,0.0,1.789,,not_run_quota,,,,,,,,,,,,,,
B,eth-corpus,composite-ies-bb-kc-squeeze-release-01,,plain,strict,903,False,ok,,0.089,1.469,True,0,0,0,0,0,0,0,0,0,0,0,0,0,ok,excellent,902,902,902,902,100.0,0.0,0.0,0.0,0.0,0.0,0.0,0.749,,ok,excellent,899,899,899,899,100.0,0.0,0.0,0.0,0.0,0.0,0.0,0.395,,ok,excellent,5458,902,902,902,100.0,0.0,0.0,0.0,0.0,0.007031588057118195,0.004352921479993337,0.456,,ok,excellent,5458,902,902,902,100.0,0.0,0.0,0.0,0.0,0.007031588057118195,0.004352921479993337,6.024,,ok,excellent,5458,902,902,902,100.0,0.0,0.0,0.0,0.0,0.007031588057118195,0.004352921479993337,6.08,,ok,excellent,909,899,899,899,100.0,0.0,0.0,0.0,0.0,0.006275948633774316,0.004050980025552367,1.864,,ok,excellent,5458,902,902,902,100.0,0.0,0.0,0.0,0.0,0.007031588057118195,0.004352921479993337,9.442,,ok,excellent,909,899,899,899,100.0,0.0,0.0,0.0,0.0,0.006275948633774316,0.004050980025552367,1.718,,not_run_quota,,,,,,,,,,,,,,
B,eth-corpus,composite-ies-cooldown-daily-cap-01,,plain,strict,727,False,ok,,0.089,1.175,True,0,0,0,0,0,0,0,0,0,0,1,0,0,ok,excellent,727,727,727,727,100.0,0.0,0.0,0.0,0.0,0.0,0.0,0.622,,ok,excellent,726,725,725,725,100.0,0.0,0.0,0.0,0.0,0.0,0.0,0.424,,ok,excellent,4306,727,727,727,100.0,0.0,0.0,0.0,0.0,0.0,0.0,0.558,,ok,excellent,4305,727,727,727,100.0,0.0,0.0,0.0,0.0,0.0,0.0,6.043,,ok,excellent,4305,727,727,727,100.0,0.0,0.0,0.0,0.0,0.0,0.0,5.689,,ok,excellent,732,725,725,725,100.0,0.0,0.0,0.0,0.0,0.0,0.0,0.983,,ok,strong,4304,731,727,719,98.9,0.005471956224350205,0.0,0.0,0.0,0.0,0.0,6.439,,ok,strong,736,729,725,717,98.9,0.0054869684499314125,0.0,0.0,0.0,0.0,0.0,1.476,,not_run_quota,,,,,,,,,,,,,,
B,eth-corpus,composite-ies-equity-feedback-sizing-01,,brackets,strict,79,False,ok,,0.11,1.529,True,0,1,0,0,0,0,0,0,0,0,1,0,0,ok,excellent,79,79,79,79,100.0,0.0,0.0,0.0,0.0,1.2572297067957078e-08,4.457978914625469e-08,0.615,,ok,excellent,79,79,79,79,100.0,0.0,0.0,0.0,0.0,1.2572297067957078e-08,4.457978914625469e-08,0.328,,ok,strong,735,79,79,79,100.0,0.0,0.0,0.0,0.09782153158760605,0.09782140156569312,0.09782122024101751,0.592,,ok,strong,735,79,79,79,100.0,0.0,0.0,0.0,0.09782153158760605,0.09782140156569312,0.09782122024101751,4.403,,ok,strong,735,79,79,79,100.0,0.0,0.0,0.0,0.09782153158760605,0.09782140156569312,0.09782122024101751,4.101,,ok,excellent,79,79,79,79,100.0,0.0,0.0,0.0,0.0,1.2572297067957078e-08,4.457978914625469e-08,1.539,,ok,strong,735,79,79,79,100.0,0.0,0.0,0.0,0.09782154756913848,0.09782143362722596,0.09782128358985087,10.338,,ok,excellent,79,79,79,79,100.0,0.0,0.0,0.0,0.0,1.4355910272710938e-07,2.0847140100095248e-07,1.318,,not_run_quota,,,,,,,,,,,,,,
B,eth-corpus,composite-ies-integration-01,,plain,strict,537,False,ok,,0.084,1.503,True,0,0,0,0,0,0,0,0,0,0,1,0,0,ok,excellent,537,537,537,537,100.0,0.0,0.0,0.0,0.0,0.0,0.0,0.557,,ok,excellent,537,537,537,537,100.0,0.0,0.0,0.0,0.0,0.0,0.0,0.333,,ok,excellent,3035,537,537,537,100.0,0.0,0.0,0.0,0.0,0.0,0.0,0.593,,ok,excellent,3033,537,537,537,100.0,0.0,0.0,0.0,0.0,0.0,0.0,5.785,,ok,excellent,3033,537,537,537,100.0,0.0,0.0,0.0,0.0,0.0,0.0,7.159,,ok,excellent,539,534,534,534,100.0,0.0,0.0,0.0,0.0,0.0,0.0,1.63,,ok,excellent,3033,537,537,537,100.0,0.0,0.0,0.0,0.0,0.0,0.0,15.578,,ok,excellent,539,534,534,534,100.0,0.0,0.0,0.0,0.0,0.0,0.0,2.599,,not_run_quota,,,,,,,,,,,,,,
B,eth-corpus,composite-ies-pivot-liquidity-sweep-01,,plain,strict,706,False,ok,,0.087,1.066,True,0,0,0,0,0,0,0,0,0,0,1,0,0,ok,excellent,706,706,706,706,100.0,0.0,0.0,0.0,0.0,0.0,0.0,0.98,,ok,excellent,702,702,702,702,100.0,0.0,0.0,0.0,0.0,0.0,0.0,0.434,,ok,excellent,4190,706,706,706,100.0,0.0,0.0,0.0,0.0,0.0912345648944203,0.01838374221537343,0.561,,ok,excellent,4190,706,706,706,100.0,0.0,0.0,0.0,0.0,0.0912345648944203,0.01838374221537343,8.93,,ok,excellent,4190,706,706,706,100.0,0.0,0.0,0.0,0.0,0.0912345648944203,0.01838374221537343,7.777,,ok,excellent,707,702,702,702,100.0,0.0,0.0,0.0,0.0,0.09262189694392241,0.018439395132708498,1.165,,ok,excellent,4190,706,706,706,100.0,0.0,0.0,0.0,0.0,0.0912345648944203,0.01838374221537343,11.512,,ok,excellent,707,702,702,702,100.0,0.0,0.0,0.0,0.0,0.09262189694392241,0.018439395132708498,2.478,,not_run_quota,,,,,,,,,,,,,,
B,eth-corpus,composite-ies-pressure-gauge-01,,plain,strict,2207,False,ok,,0.071,1.117,True,0,0,0,0,0,0,0,0,0,0,0,0,0,ok,excellent,2207,2207,2207,2207,100.0,0.0,0.0,0.0,0.0,0.0,0.0,0.644,,ok,excellent,2204,2202,2202,2202,100.0,0.0,0.0,0.0,0.0,0.0,0.0,0.245,,ok,excellent,13438,2207,2207,2207,100.0,0.0,0.0,0.0,0.0,0.011271517780316036,0.007114815332427071,0.728,,ok,excellent,13436,2207,2207,2207,100.0,0.0,0.0,0.0,0.0,0.011271517780316036,0.007114815332427071,6.872,,ok,excellent,13436,2207,2207,2207,100.0,0.0,0.0,0.0,0.0,0.011271517780316036,0.007114815332427071,5.14,,ok,excellent,2221,2202,2202,2202,100.0,0.0,0.0,0.0,0.0,0.011521152115211567,0.007213473738447202,1.103,,ok,excellent,13436,2207,2207,2207,100.0,0.0,0.0,0.0,0.0,0.011271517780316036,0.007114815332427071,5.998,,ok,excellent,2221,2202,2202,2202,100.0,0.0,0.0,0.0,0.0,0.011521152115211567,0.007213473738447202,1.578,,not_run_quota,,,,,,,,,,,,,,
B,eth-corpus,composite-ies-rsi-macd-momentum-01,,plain,strict,4799,False,ok,,0.147,1.643,True,0,0,0,0,0,0,0,0,0,0,0,0,0,ok,excellent,4799,4798,4798,4798,100.0,0.0,0.0,0.0,0.0,0.0,0.0,0.98,,ok,excellent,4794,4793,4793,4793,100.0,0.0,0.0,0.0,0.0,0.0,0.0,0.619,,ok,excellent,28091,4799,4799,4799,100.0,0.0,0.0,0.0,0.0,0.0020773847179715696,0.0013647928379265468,1.059,,ok,excellent,28089,4799,4799,4799,100.0,0.0,0.0,0.0,0.0,0.0020773847179715696,0.0013647928379265468,7.659,,ok,excellent,28089,4799,4799,4799,100.0,0.0,0.0,0.0,0.0,0.0020773847179715696,0.0013647928379265468,9.11,,ok,excellent,4833,4793,4793,4793,100.0,0.0,0.0,0.0,0.0,7.965525206897273e-06,5.358597333557097e-06,1.683,,ok,excellent,28091,4799,4799,4799,100.0,0.0,0.0,0.0,0.0,0.0020773847179715696,0.0013647928379265468,7.008,,ok,excellent,4833,4793,4793,4793,100.0,0.0,0.0,0.0,0.0,7.965525206897273e-06,5.358597333557097e-06,2.467,,not_run_quota,,,,,,,,,,,,,,
B,eth-corpus,composite-ies-three-ema-bias-score-01,,plain,strict,720,False,ok,,0.065,1.042,True,0,0,0,0,0,0,0,0,0,0,0,0,0,ok,excellent,723,717,717,716,99.86,0.0,0.0,0.0,0.0,0.0001880129227548622,0.00018567516130530345,0.446,,ok,excellent,723,717,717,716,99.86,0.0,0.0,0.0,0.0,0.0001880129227548622,0.00018567516130530345,0.444,,ok,excellent,4264,717,717,716,99.86,0.0,0.0,0.0,0.0,0.007138223967260603,0.007049466957557535,0.909,,ok,excellent,4260,717,717,716,99.86,0.0,0.0,0.0,0.0,0.007138223967260603,0.007049466957557535,5.439,,ok,excellent,4260,717,717,716,99.86,0.0,0.0,0.0,0.0,0.007138223967260603,0.007049466957557535,5.256,,ok,strong,724,715,717,713,99.44,0.002789400278940028,0.0,0.0,0.0,0.010949190378969546,0.010813347784066518,1.624,,ok,excellent,4260,717,717,716,99.86,0.0,0.0,0.0,0.0,0.007138223967260603,0.007049466957557535,5.66,,ok,strong,724,715,717,713,99.44,0.002789400278940028,0.0,0.0,0.0,0.010949190378969546,0.010813347784066518,1.288,,not_run_quota,,,,,,,,,,,,,,
B,eth-corpus,composite-kanuck-calc-on-every-tick-01,,plain,strict,361,False,ok,,0.136,1.009,True,0,0,0,0,0,0,0,0,0,0,1,0,0,ok,excellent,361,361,361,361,100.0,0.0,0.0,0.0,0.0,0.0,0.0,0.702,,ok,excellent,360,360,360,360,100.0,0.0,0.0,0.0,0.0,0.0,0.0,0.363,,ok,excellent,2179,361,361,361,100.0,0.0,0.0,0.0,0.0,0.03172175411085223,0.03172175411085222,0.498,,ok,excellent,2179,361,361,361,100.0,0.0,0.0,0.0,0.0,0.03172175411085223,0.03172175411085222,5.156,,ok,excellent,2179,361,361,361,100.0,0.0,0.0,0.0,0.0,0.03172175411085223,0.03172175411085222,5.894,,ok,excellent,362,360,360,360,100.0,0.0,0.0,0.0,0.0,0.03139344262295084,0.03139344262295082,1.129,,ok,excellent,2179,361,361,361,100.0,0.0,0.0,0.0,0.0,0.03172175411085223,0.03172175411085222,5.862,,ok,excellent,362,360,360,360,100.0,0.0,0.0,0.0,0.0,0.03139344262295084,0.03139344262295082,0.991,,not_run_quota,,,,,,,,,,,,,,
B,eth-corpus,composite-kanuck-integration-01,,plain,strict,1255,False,ok,,0.111,1.599,True,0,0,0,0,0,0,0,0,0,0,1,0,0,ok,excellent,1255,1255,1255,1255,100.0,0.0,0.0,0.0,0.0,0.0,0.0,0.783,,ok,excellent,1254,1253,1253,1253,100.0,0.0,0.0,0.0,0.0,0.0,0.0,0.558,,ok,excellent,8018,1255,1255,1255,100.0,0.0,0.0,0.0,0.0,0.012253859907630104,0.009056824687595489,0.325,,ok,excellent,8018,1255,1255,1255,100.0,0.0,0.0,0.0,0.0,0.012253859907630104,0.009056824687595489,7.013,,ok,excellent,8018,1255,1255,1255,100.0,0.0,0.0,0.0,0.0,0.012253859907630104,0.009056824687595489,12.237,,ok,excellent,1266,1253,1253,1253,100.0,0.0,0.0,0.0,0.0,0.012329184539296325,0.009097906270809713,1.998,,ok,excellent,8018,1255,1255,1255,100.0,0.0,0.0,0.0,0.0,0.012253859907630104,0.009056824687595489,10.254,,ok,excellent,1266,1253,1253,1253,100.0,0.0,0.0,0.0,0.0,0.012329184539296325,0.009097906270809713,1.918,,not_run_quota,,,,,,,,,,,,,,
B,eth-corpus,composite-kanuck-kama-state-recurrence-01,,plain,strict,4979,False,ok,,0.091,1.742,True,0,0,0,0,0,0,0,0,0,0,1,0,0,ok,excellent,4979,4979,4979,4979,100.0,0.0,0.0,0.0,0.0,0.0,0.0,0.964,,ok,strong,4962,4962,4964,4962,99.96,0.00040290088638195,0.0,0.0,0.0,0.017568050661355385,0.001999860474850692,0.57,,ok,excellent,5018,4979,4979,4979,100.0,0.0,0.0,0.0,0.0,3.212644970601377e-05,6.231849737633462e-06,0.252,,ok,strong,29566,4978,4979,4974,99.9,0.0002008435428800964,0.0,0.0,0.0,0.045043047703506624,0.009493709353917232,8.245,,ok,strong,29566,4978,4979,4974,99.9,0.0002008435428800964,0.0,0.0,0.0,0.045043047703506624,0.009493709353917232,5.785,,ok,strong,5001,4962,4964,4962,99.96,0.00040290088638195,0.0,0.0,0.0,0.01751698074664204,0.001999860474850692,1.626,,ok,strong,29566,4978,4979,4974,99.9,0.0002008435428800964,0.0,0.0,0.0,0.045043047703506624,0.009493709353917232,7.566,,ok,strong,5001,4962,4964,4962,99.96,0.00040290088638195,0.0,0.0,0.0,0.01751698074664204,0.001999860474850692,1.39,,not_run_quota,,,,,,,,,,,,,,
B,eth-corpus,composite-kanuck-max-bars-back-500-01,,plain,strict,833,False,ok,,0.05,1.11,True,0,0,0,0,0,0,0,0,0,0,0,0,0,ok,excellent,833,833,833,833,100.0,0.0,0.0,0.0,0.0,0.00019553870914368405,0.00011021619330233919,0.553,,ok,strong,825,824,824,824,100.0,0.0,0.0,0.0,0.0,0.0,0.0,0.434,,ok,excellent,4531,833,833,832,99.88,0.0,0.0,0.0,0.0,0.05969545277419749,0.03370025975344577,0.568,,ok,excellent,4531,833,833,832,99.88,0.0,0.0,0.0,0.0,0.05969545277419749,0.03370025975344577,8.619,,ok,excellent,4531,833,833,832,99.88,0.0,0.0,0.0,0.0,0.05969545277419749,0.03370025975344577,7.725,,ok,strong,834,824,824,824,100.0,0.0,0.0,0.0,0.0,0.0966325391819108,0.030407365560203972,2.093,,ok,excellent,4531,833,833,832,99.88,0.0,0.0,0.0,0.0,0.05969545277419749,0.03370025975344577,11.302,,ok,strong,834,824,824,824,100.0,0.0,0.0,0.0,0.0,0.0966325391819108,0.030407365560203972,1.935,,not_run_quota,,,,,,,,,,,,,,
B,eth-corpus,composite-keystone-udf-tuple-01,,brackets,strict,670,False,ok,,0.053,1.071,True,0,1,0,0,0,0,0,0,0,0,0,0,0,ok,excellent,670,670,670,669,99.85,0.0,0.0,0.0,0.0,3.0239465080268722e-06,0.0005288166476494421,0.77,,ok,excellent,668,667,667,667,100.0,0.0,0.0,0.0,0.0,0.0015568137210255333,0.0015568137210256465,0.426,,ok,strong,3975,670,670,669,99.85,0.0,0.0,0.0,0.14692110980552914,0.1472917051632444,0.14729170516324486,0.504,,ok,strong,3975,670,670,669,99.85,0.0,0.0,0.0,0.14692110980552914,0.14729170491299937,0.14729170491299992,5.894,,ok,strong,3975,670,670,669,99.85,0.0,0.0,0.0,0.14692110980552914,0.14729170491299937,0.14729170491299992,8.058,,ok,excellent,669,667,667,667,100.0,0.0,0.0,0.0,0.0,0.000666834635347822,0.0006668346353478218,2.209,,ok,strong,3969,667,670,666,99.4,0.004477611940298508,0.0,0.0,0.1469360750584831,0.14614349150739103,0.14614349150739056,10.252,,ok,strong,666,664,667,664,99.55,0.004497751124437781,0.0,0.0,0.0,0.0021563476401932555,0.002156347640192568,1.725,,not_run_quota,,,,,,,,,,,,,,
B,eth-corpus,composite-kkb-ema-atr-breakout-band-01,,plain,strict,641,False,ok,,0.096,0.953,True,0,0,0,0,0,0,0,0,0,0,0,0,0,ok,excellent,641,641,641,641,100.0,0.0,0.0,0.0,0.0,0.0,0.0,0.582,,ok,excellent,641,640,640,640,100.0,0.0,0.0,0.0,0.0,0.0,0.0,0.366,,ok,excellent,3803,641,641,641,100.0,0.0,0.0,0.0,0.0,0.007581595954679375,0.0074375945035413385,0.623,,ok,excellent,3803,641,641,641,100.0,0.0,0.0,0.0,0.0,0.007581595954679375,0.0074375945035413385,5.884,,ok,excellent,3803,641,641,641,100.0,0.0,0.0,0.0,0.0,0.007581595954679375,0.0074375945035413385,6.103,,ok,excellent,651,640,640,640,100.0,0.0,0.0,0.0,0.0,0.00765732857211129,0.007510463753557619,1.534,,ok,excellent,3803,641,641,641,100.0,0.0,0.0,0.0,0.0,0.007581595954679375,0.0074375945035413385,5.947,,ok,excellent,651,640,640,640,100.0,0.0,0.0,0.0,0.0,0.00765732857211129,0.007510463753557619,1.458,,not_run_quota,,,,,,,,,,,,,,
B,eth-corpus,composite-kkb-integration-01,,plain,strict,641,False,ok,,0.093,1.516,True,0,0,0,0,0,0,0,0,0,0,1,0,0,ok,excellent,641,641,641,641,100.0,0.0,0.0,0.0,0.0,0.0,0.0,0.672,,ok,excellent,641,640,640,640,100.0,0.0,0.0,0.0,0.0,0.0,0.0,0.293,,ok,excellent,3803,641,641,641,100.0,0.0,0.0,0.0,0.0,0.007581595954679375,0.0074375945035413385,0.873,,ok,excellent,3803,641,641,641,100.0,0.0,0.0,0.0,0.0,0.007581595954679375,0.0074375945035413385,5.691,,ok,excellent,3803,641,641,641,100.0,0.0,0.0,0.0,0.0,0.007581595954679375,0.0074375945035413385,6.912,,ok,excellent,651,640,640,640,100.0,0.0,0.0,0.0,0.0,0.00765732857211129,0.007510463753557619,1.338,,ok,excellent,3803,641,641,641,100.0,0.0,0.0,0.0,0.0,0.007581595954679375,0.0074375945035413385,6.629,,ok,excellent,651,640,640,640,100.0,0.0,0.0,0.0,0.0,0.00765732857211129,0.007510463753557619,1.34,,not_run_quota,,,,,,,,,,,,,,
B,eth-corpus,composite-kkb-kalman-filter-1d-01,,plain,strict,5487,False,ok,,0.067,1.679,True,0,0,0,0,0,0,0,0,0,0,1,0,0,ok,excellent,5487,5487,5487,5487,100.0,0.0,0.0,0.0,0.0,0.0,0.0,0.72,,ok,strong,5470,5470,5472,5470,99.96,0.0003654970760233918,0.0,0.0,0.0,0.004134387273962264,0.0018427275878258815,0.479,,ok,strong,32410,5488,5487,5487,100.0,0.00018221574344023323,0.0,0.0,0.0,1.0309809784000108e-05,4.477658721803469e-06,1.684,,ok,strong,32410,5488,5487,5487,100.0,0.00018221574344023323,0.0,0.0,0.0,1.0309809784000108e-05,4.477658721803469e-06,6.651,,ok,strong,32410,5488,5487,5487,100.0,0.00018221574344023323,0.0,0.0,0.0,1.0309809784000108e-05,4.477658721803469e-06,5.206,,ok,strong,5515,5470,5472,5470,99.96,0.0003654970760233918,0.0,0.0,0.0,0.004144231053185975,0.0018471150344633084,1.044,,ok,strong,32410,5488,5487,5487,100.0,0.00018221574344023323,0.0,0.0,0.0,1.0309809784000108e-05,4.477658721803469e-06,6.956,,ok,strong,5515,5470,5472,5470,99.96,0.0003654970760233918,0.0,0.0,0.0,0.004144231053185975,0.0018471150344633084,1.194,,not_run_quota,,,,,,,,,,,,,,
B,eth-corpus,composite-kkb-margin-100-pct-01,,plain,strict,2522,False,ok,,0.182,1.396,True,0,0,0,0,0,0,0,0,0,0,0,0,0,ok,excellent,2522,2522,2522,2522,100.0,0.0,0.0,0.0,0.0,0.0,0.0,1.01,,ok,excellent,2515,2515,2515,2515,100.0,0.0,0.0,0.0,0.0,0.0,0.0,0.547,,ok,excellent,14882,2522,2522,2522,100.0,0.0,0.0,0.0,0.0,0.00036097724354792245,0.00031597326279848126,1.306,,ok,excellent,14882,2522,2522,2522,100.0,0.0,0.0,0.0,0.0,0.00036097724354792245,0.00031597326279848126,6.711,,ok,excellent,14882,2522,2522,2522,100.0,0.0,0.0,0.0,0.0,0.00036097724354792245,0.00031597326279848126,8.124,,ok,excellent,2538,2515,2515,2515,100.0,0.0,0.0,0.0,0.0,0.00036418383399233886,0.0003184274280911429,1.297,,ok,excellent,14886,2522,2522,2522,100.0,0.0,0.0,0.0,0.0,0.00036097724354792245,0.00031597326279848126,9.256,,ok,excellent,2538,2515,2515,2515,100.0,0.0,0.0,0.0,0.0,0.00036418383399233886,0.0003184274280911429,1.569,,not_run_quota,,,,,,,,,,,,,,
B,eth-corpus,composite-liqsweep-integration-01,,plain,strict,355,False,ok,,0.14,1.305,True,0,0,0,0,0,0,0,0,0,0,1,0,0,ok,excellent,355,355,355,355,100.0,0.0,0.0,0.0,0.0,0.0,0.0,0.813,,ok,excellent,355,354,354,354,100.0,0.0,0.0,0.0,0.0,0.0,0.0,0.27,,ok,excellent,2064,355,355,355,100.0,0.0,0.0,0.0,0.0,0.012489057275297408,0.011574551282477556,0.441,,ok,excellent,2064,355,355,355,100.0,0.0,0.0,0.0,0.0,0.012489057275297408,0.011574551282477556,6.337,,ok,excellent,2064,355,355,355,100.0,0.0,0.0,0.0,0.0,0.012489057275297408,0.011574551282477556,6.764,,ok,excellent,359,354,354,354,100.0,0.0,0.0,0.0,0.0,0.012225016154861892,0.011347411381965388,1.37,,ok,excellent,2064,355,355,355,100.0,0.0,0.0,0.0,0.0,0.012489057275297408,0.011574551282477556,10.106,,ok,excellent,359,354,354,354,100.0,0.0,0.0,0.0,0.0,0.012225016154861892,0.011347411381965388,1.58,,not_run_quota,,,,,,,,,,,,,,
B,eth-corpus,composite-liqsweep-pivot-hh-ll-01,,plain,strict,1171,False,ok,,0.047,1.08,True,0,0,0,0,0,0,0,0,0,0,1,0,0,ok,excellent,1171,1171,1171,1171,100.0,0.0,0.0,0.0,0.0,0.0,0.0,0.739,,ok,excellent,1167,1166,1166,1166,100.0,0.0,0.0,0.0,0.0,0.0,0.0,0.494,,ok,excellent,6968,1171,1171,1171,100.0,0.0,0.0,0.0,0.0,0.04217999847588072,0.02486727717916274,0.531,,ok,excellent,6968,1171,1171,1171,100.0,0.0,0.0,0.0,0.0,0.04217999847588072,0.02486727717916274,6.409,,ok,excellent,6968,1171,1171,1171,100.0,0.0,0.0,0.0,0.0,0.04217999847588072,0.02486727717916274,6.298,,ok,excellent,1176,1166,1166,1166,100.0,0.0,0.0,0.0,0.0,0.045080020089861464,0.025847576351919328,1.719,,ok,excellent,6968,1171,1171,1171,100.0,0.0,0.0,0.0,0.0,0.04217999847588072,0.02486727717916274,11.495,,ok,excellent,1176,1166,1166,1166,100.0,0.0,0.0,0.0,0.0,0.045080020089861464,0.025847576351919328,2.27,,not_run_quota,,,,,,,,,,,,,,
B,eth-corpus,composite-liqsweep-wait-one-continuation-01,,plain,strict,628,False,ok,,0.099,1.858,True,0,0,0,0,0,0,0,0,0,0,1,0,0,ok,excellent,628,628,628,628,100.0,0.0,0.0,0.0,0.0,0.0,0.0,0.669,,ok,excellent,627,626,626,626,100.0,0.0,0.0,0.0,0.0,0.0,0.0,0.378,,ok,excellent,3654,627,627,627,100.0,0.0,0.0,0.0,0.0,0.01321489413482601,0.009596309927232411,0.935,,ok,excellent,3654,627,627,627,100.0,0.0,0.0,0.0,0.0,0.01321489413482601,0.009596309927232411,5.115,,ok,excellent,3654,627,627,627,100.0,0.0,0.0,0.0,0.0,0.01321489413482601,0.009596309927232411,7.76,,ok,excellent,633,626,626,626,100.0,0.0,0.0,0.0,0.0,0.01274797511445007,0.009347684812594424,1.345,,ok,excellent,3654,627,627,627,100.0,0.0,0.0,0.0,0.0,0.01321489413482601,0.009596309927232411,11.533,,ok,excellent,633,626,626,626,100.0,0.0,0.0,0.0,0.0,0.01274797511445007,0.009347684812594424,1.993,,not_run_quota,,,,,,,,,,,,,,
B,eth-corpus,composite-liqsweep-wick-pierce-close-back-01,,plain,strict,1015,False,ok,,0.096,1.061,True,0,0,0,0,0,0,0,0,0,0,1,0,0,ok,excellent,1015,1015,1015,1015,100.0,0.0,0.0,0.0,0.0,0.0,0.0,0.628,,ok,excellent,1010,1010,1010,1010,100.0,0.0,0.0,0.0,0.0,0.0,0.0,0.396,,ok,excellent,5926,1015,1015,1015,100.0,0.0,0.0,0.0,0.0,0.03945317436912841,0.01615525606469004,0.703,,ok,excellent,5926,1015,1015,1015,100.0,0.0,0.0,0.0,0.0,0.03945317436912841,0.01615525606469004,6.592,,ok,excellent,5926,1015,1015,1015,100.0,0.0,0.0,0.0,0.0,0.03945317436912841,0.01615525606469004,5.457,,ok,excellent,1017,1010,1010,1010,100.0,0.0,0.0,0.0,0.0,0.03959244932039648,0.016178560168609465,1.166,,ok,excellent,5926,1015,1015,1015,100.0,0.0,0.0,0.0,0.0,0.03945317436912841,0.01615525606469004,12.407,,ok,excellent,1017,1010,1010,1010,100.0,0.0,0.0,0.0,0.0,0.03959244932039648,0.016178560168609465,2.235,,not_run_quota,,,,,,,,,,,,,,
B,eth-corpus,composite-marketshift-integration-01,,plain,strict,906,False,ok,,0.09,1.235,True,0,0,0,0,0,0,0,0,0,0,1,0,0,ok,excellent,905,905,905,905,100.0,0.0,0.0,0.0,0.0,0.0,0.0,0.565,,ok,excellent,905,904,904,904,100.0,0.0,0.0,0.0,0.0,0.0,0.0,0.233,,ok,excellent,5201,905,905,905,100.0,0.0,0.0,0.0,0.0,0.02434452630693072,0.013332216030502346,0.704,,ok,excellent,5201,905,905,905,100.0,0.0,0.0,0.0,0.0,0.02434452630693072,0.013332216030502346,7.209,,ok,excellent,5201,905,905,905,100.0,0.0,0.0,0.0,0.0,0.02434452630693072,0.013332216030502346,9.367,,ok,excellent,915,904,904,904,100.0,0.0,0.0,0.0,0.0,0.02497253178464914,0.013518393426882973,1.141,,ok,excellent,5201,905,905,905,100.0,0.0,0.0,0.0,0.0,0.02434452630693072,0.013332216030502346,18.924,,ok,excellent,915,904,904,904,100.0,0.0,0.0,0.0,0.0,0.02497253178464914,0.013518393426882973,2.472,,not_run_quota,,,,,,,,,,,,,,
B,eth-corpus,composite-marketshift-pivot-state-machine-01,,plain,strict,906,False,ok,,0.098,1.079,True,0,0,0,0,0,0,0,0,0,0,1,0,0,ok,excellent,906,905,905,905,100.0,0.0,0.0,0.0,0.0,0.0,0.0,0.962,,ok,excellent,905,904,904,904,100.0,0.0,0.0,0.0,0.0,0.0,0.0,0.54,,ok,excellent,5201,905,905,905,100.0,0.0,0.0,0.0,0.0,0.02434452630693072,0.013332216030502346,0.256,,ok,excellent,5201,905,905,905,100.0,0.0,0.0,0.0,0.0,0.02434452630693072,0.013332216030502346,5.794,,ok,excellent,5201,905,905,905,100.0,0.0,0.0,0.0,0.0,0.02434452630693072,0.013332216030502346,7.052,,ok,excellent,915,904,904,904,100.0,0.0,0.0,0.0,0.0,0.02497253178464914,0.013518393426882973,1.122,,ok,excellent,5201,905,905,905,100.0,0.0,0.0,0.0,0.0,0.02434452630693072,0.013332216030502346,10.322,,ok,excellent,915,904,904,904,100.0,0.0,0.0,0.0,0.0,0.02497253178464914,0.013518393426882973,2.061,,not_run_quota,,,,,,,,,,,,,,
B,eth-corpus,composite-marketshift-rolling-highest-lowest-01,,plain,strict,374,False,ok,,0.081,1.361,True,0,0,0,0,0,0,0,0,0,0,0,0,0,ok,excellent,374,374,374,374,100.0,0.0,0.0,0.0,0.0,0.0,0.0,0.651,,ok,excellent,374,373,373,373,100.0,0.0,0.0,0.0,0.0,0.0,0.0,0.23,,ok,excellent,2111,374,374,374,100.0,0.0,0.0,0.0,0.0,0.03159452460229378,0.012008616956054596,0.231,,ok,excellent,2111,374,374,374,100.0,0.0,0.0,0.0,0.0,0.03159452460229378,0.012008616956054596,4.81,,ok,excellent,2111,374,374,374,100.0,0.0,0.0,0.0,0.0,0.03159452460229378,0.012008616956054596,4.868,,ok,excellent,379,373,373,373,100.0,0.0,0.0,0.0,0.0,0.03333073140270084,0.012251174907757494,1.546,,ok,excellent,2111,374,374,374,100.0,0.0,0.0,0.0,0.0,0.03159452460229378,0.012008616956054596,9.991,,ok,excellent,379,373,373,373,100.0,0.0,0.0,0.0,0.0,0.03333073140270084,0.012251174907757494,1.989,,not_run_quota,,,,,,,,,,,,,,
B,eth-corpus,composite-marketshift-state-edge-detector-01,,plain,strict,906,False,ok,,0.098,1.853,True,0,0,0,0,0,0,0,0,0,0,1,0,0,ok,excellent,905,905,905,905,100.0,0.0,0.0,0.0,0.0,0.0,0.0,0.943,,ok,excellent,905,904,904,904,100.0,0.0,0.0,0.0,0.0,0.0,0.0,0.551,,ok,excellent,5201,905,905,905,100.0,0.0,0.0,0.0,0.0,0.02434452630693072,0.013332216030502346,0.489,,ok,excellent,5201,905,905,905,100.0,0.0,0.0,0.0,0.0,0.02434452630693072,0.013332216030502346,7.562,,ok,excellent,5201,905,905,905,100.0,0.0,0.0,0.0,0.0,0.02434452630693072,0.013332216030502346,8.637,,ok,excellent,915,904,904,904,100.0,0.0,0.0,0.0,0.0,0.02497253178464914,0.013518393426882973,1.913,,ok,excellent,5201,905,905,905,100.0,0.0,0.0,0.0,0.0,0.02434452630693072,0.013332216030502346,13.694,,ok,excellent,915,904,904,904,100.0,0.0,0.0,0.0,0.0,0.02497253178464914,0.013518393426882973,2.106,,not_run_quota,,,,,,,,,,,,,,
B,eth-corpus,composite-scalping-fast-ma-cross-trigger-01,,plain,strict,3097,False,ok,,0.091,1.048,True,0,0,0,0,0,0,0,0,0,0,0,0,0,ok,excellent,3097,3097,3097,3097,100.0,0.0,0.0,0.0,0.0,0.0,0.0,1.292,,ok,excellent,3088,3087,3087,3087,100.0,0.0,0.0,0.0,0.0,0.0,0.0,0.51,,ok,excellent,18262,3097,3097,3097,100.0,0.0,0.0,0.0,0.0,7.964510142796421e-06,4.3257646870486236e-06,0.744,,ok,excellent,18260,3097,3097,3097,100.0,0.0,0.0,0.0,0.0,7.964510142796421e-06,4.3257646870486236e-06,4.82,,ok,excellent,18260,3097,3097,3097,100.0,0.0,0.0,0.0,0.0,7.964510142796421e-06,4.3257646870486236e-06,4.799,,ok,excellent,3114,3087,3087,3087,100.0,0.0,0.0,0.0,0.0,7.881711277145326e-06,4.301223267893483e-06,1.549,,ok,excellent,18260,3097,3097,3097,100.0,0.0,0.0,0.0,0.0,7.964510142796421e-06,4.3257646870486236e-06,6.36,,ok,excellent,3114,3087,3087,3087,100.0,0.0,0.0,0.0,0.0,7.881711277145326e-06,4.301223267893483e-06,1.417,,not_run_quota,,,,,,,,,,,,,,
B,eth-corpus,composite-scalping-integration-01,,brackets,strict,3097,False,ok,,0.092,1.324,True,0,1,0,0,0,0,0,0,0,0,0,0,0,ok,excellent,3097,3097,3097,3097,100.0,0.0,0.0,0.0,0.0,0.0,0.0,0.816,,ok,excellent,3088,3087,3087,3087,100.0,0.0,0.0,0.0,0.0,0.0,0.0,0.388,,ok,excellent,18262,3097,3097,3097,100.0,0.0,0.0,0.0,0.0,0.0,0.0,0.423,,ok,excellent,18260,3097,3097,3097,100.0,0.0,0.0,0.0,0.0,0.0,0.0,4.98,,ok,excellent,18260,3097,3097,3097,100.0,0.0,0.0,0.0,0.0,0.0,0.0,2.946,,ok,excellent,3114,3087,3087,3087,100.0,0.0,0.0,0.0,0.0,0.0,0.0,1.375,,ok,excellent,18260,3097,3097,3097,100.0,0.0,0.0,0.0,0.0,0.0,0.0,4.766,,ok,excellent,3114,3087,3087,3087,100.0,0.0,0.0,0.0,0.0,0.0,0.0,1.455,,not_run_quota,,,,,,,,,,,,,,
B,eth-corpus,composite-scalping-tight-tp-sl-points-01,,brackets,strict,3097,False,ok,,0.139,1.128,True,0,1,0,0,0,0,0,0,0,0,0,0,0,ok,excellent,3097,3097,3097,3097,100.0,0.0,0.0,0.0,0.0,0.0,0.0,0.704,,ok,excellent,3088,3087,3087,3087,100.0,0.0,0.0,0.0,0.0,0.0,0.0,0.36,,ok,excellent,18262,3097,3097,3097,100.0,0.0,0.0,0.0,0.0,0.0,0.0,0.583,,ok,excellent,18260,3097,3097,3097,100.0,0.0,0.0,0.0,0.0,0.0,0.0,4.428,,ok,excellent,18260,3097,3097,3097,100.0,0.0,0.0,0.0,0.0,0.0,0.0,3.852,,ok,excellent,3114,3087,3087,3087,100.0,0.0,0.0,0.0,0.0,0.0,0.0,1.173,,ok,excellent,18260,3097,3097,3097,100.0,0.0,0.0,0.0,0.0,0.0,0.0,5.992,,ok,excellent,3114,3087,3087,3087,100.0,0.0,0.0,0.0,0.0,0.0,0.0,0.791,,not_run_quota,,,,,,,,,,,,,,
B,eth-corpus,composite-trendmaster-integration-01,,brackets,strict,629,False,ok,,0.125,2.195,True,0,1,0,0,0,0,0,0,0,0,1,0,0,ok,excellent,629,629,629,629,100.0,0.0,0.0,0.0,0.0,0.0,0.0,0.548,,ok,strong,626,626,627,626,99.84,0.001594896331738437,0.0,0.0,0.0,0.0,0.0,0.486,,ok,excellent,635,629,629,629,100.0,0.0,0.0,0.0,0.0,0.0,0.0,0.232,,ok,strong,3687,628,629,628,99.84,0.001589825119236884,0.0,0.0,0.0,0.0,0.0,10.864,,ok,strong,3687,628,629,628,99.84,0.001589825119236884,0.0,0.0,0.0,0.0,0.0,10.493,,ok,strong,632,626,627,626,99.84,0.001594896331738437,0.0,0.0,0.0,0.0,0.0,1.893,,ok,strong,3687,628,629,628,99.84,0.001589825119236884,0.0,0.0,0.0,0.0,0.0,17.908,,ok,strong,632,626,627,626,99.84,0.001594896331738437,0.0,0.0,0.0,0.0,0.0,2.626,,not_run_quota,,,,,,,,,,,,,,
B,eth-corpus,composite-trendmaster-line-new-projection-01,,plain,strict,1592,False,ok,,0.092,1.782,True,0,0,0,0,0,0,0,0,0,0,1,0,0,ok,excellent,1592,1592,1592,1592,100.0,0.0,0.0,0.0,0.0,0.0,0.0,0.823,,ok,excellent,1590,1588,1588,1588,100.0,0.0,0.0,0.0,0.0,0.0,0.0,0.458,,ok,excellent,1602,1592,1592,1592,100.0,0.0,0.0,0.0,0.0,0.0203700355571628,0.0022773287876593014,0.268,,ok,excellent,9420,1591,1591,1591,100.0,0.0,0.0,0.0,0.0,0.018730431409492643,0.002255257820006403,7.729,,ok,excellent,9420,1591,1591,1591,100.0,0.0,0.0,0.0,0.0,0.018730431409492643,0.002255257820006403,8.939,,ok,excellent,1600,1588,1588,1588,100.0,0.0,0.0,0.0,0.0,0.01872213144265652,0.002255137443287961,1.611,,ok,excellent,9420,1591,1591,1591,100.0,0.0,0.0,0.0,0.0,0.018730431409492643,0.002255257820006403,12.845,,ok,excellent,1600,1588,1588,1588,100.0,0.0,0.0,0.0,0.0,0.01872213144265652,0.002255137443287961,1.946,,not_run_quota,,,,,,,,,,,,,,
B,eth-corpus,composite-trendmaster-pivot-anchored-bracket-01,,brackets,strict,3095,False,ok,,0.091,2.043,True,0,1,0,0,0,0,0,0,0,0,1,0,0,ok,excellent,3095,3094,3094,3094,100.0,0.0,0.0,0.0,0.0,0.0,0.0,0.718,,ok,excellent,3087,3087,3087,3087,100.0,0.0,0.0,0.0,0.0,0.0,0.0,0.43,,ok,excellent,3122,3094,3094,3094,100.0,0.0,0.0,0.0,0.0,9.838646202273616e-06,4.570049722136822e-06,0.198,,ok,strong,18260,3097,3095,3095,100.0,0.0006457862447529867,0.0,0.0,0.0,0.009214038556599045,0.004273425977666602,10.695,,ok,strong,18260,3097,3095,3095,100.0,0.0006457862447529867,0.0,0.0,0.0,0.009214038556599045,0.004273425977666602,11.594,,ok,excellent,3114,3087,3087,3087,100.0,0.0,0.0,0.0,0.0,1.0015122835472467e-05,4.607764082474787e-06,2.269,,ok,strong,18260,3097,3095,3095,100.0,0.0006457862447529867,0.0,0.0,0.0,0.009214038556599045,0.004273425977666602,14.396,,ok,excellent,3114,3087,3087,3087,100.0,0.0,0.0,0.0,0.0,1.0015122835472467e-05,4.607764082474787e-06,3.031,,not_run_quota,,,,,,,,,,,,,,
B,eth-corpus,composite-trendmaster-three-tier-ema-state-01,,plain,strict,224,False,ok,,0.087,0.942,True,0,0,0,0,0,0,0,0,0,0,1,0,0,ok,excellent,224,224,224,224,100.0,0.0,0.0,0.0,0.0,0.0,0.0,0.599,,ok,strong,221,220,220,220,100.0,0.0,0.0,0.0,0.0,0.0,0.0,0.38,,ok,excellent,225,224,224,224,100.0,0.0,0.0,0.0,0.0,0.0341774284970203,0.016053593529631833,0.568,,ok,strong,1194,220,220,220,100.0,0.0,0.0,0.0,0.0,0.038517981388442785,0.016950826647216102,4.527,,ok,strong,1194,220,220,220,100.0,0.0,0.0,0.0,0.0,0.038517981388442785,0.016950826647216102,4.052,,ok,strong,222,220,220,220,100.0,0.0,0.0,0.0,0.0,0.038517981388442785,0.016950826647216102,2.212,,ok,strong,1194,220,220,220,100.0,0.0,0.0,0.0,0.0,0.038517981388442785,0.016950826647216102,4.088,,ok,strong,222,220,220,220,100.0,0.0,0.0,0.0,0.0,0.038517981388442785,0.016950826647216102,1.329,,not_run_quota,,,,,,,,,,,,,,
B,eth-corpus,composite-trendmaster-trend-momentum-structure-gate-01,,plain,strict,362,False,ok,,0.048,1.519,True,0,0,0,0,0,0,0,0,0,0,0,0,0,ok,excellent,362,362,362,362,100.0,0.0,0.0,0.0,0.0,0.0,0.0,0.73,,ok,excellent,362,362,362,362,100.0,0.0,0.0,0.0,0.0,0.0,0.0,0.492,,ok,excellent,2075,361,361,361,100.0,0.0,0.0,0.0,0.0,0.0017491991411776443,0.0016006427679193236,0.488,,ok,excellent,2075,361,361,361,100.0,0.0,0.0,0.0,0.0,0.0017491991411776443,0.0016006427679193236,5.174,,ok,excellent,2075,361,361,361,100.0,0.0,0.0,0.0,0.0,0.0017491991411776443,0.0016006427679193236,7.096,,ok,excellent,363,361,361,361,100.0,0.0,0.0,0.0,0.0,0.0017491991411776443,0.0016006427679193236,1.035,,ok,excellent,2075,361,361,361,100.0,0.0,0.0,0.0,0.0,0.0017491991411776443,0.0016006427679193236,10.35,,ok,excellent,363,361,361,361,100.0,0.0,0.0,0.0,0.0,0.0017491991411776443,0.0016006427679193236,2.498,,not_run_quota,,,,,,,,,,,,,,
B,eth-corpus,composite-vcp-cumulative-volume-delta-01,,plain,strict,3119,False,ok,,0.087,1.356,True,0,0,0,0,0,0,0,0,0,0,0,0,0,ok,excellent,3119,3119,3119,3119,100.0,0.0,0.0,0.0,0.0,0.0,0.0,1.033,,ok,excellent,3108,3108,3108,3108,100.0,0.0,0.0,0.0,0.0,0.0,0.0,0.699,,ok,excellent,18409,3119,3119,3119,100.0,0.0,0.0,0.0,0.0,0.0,0.0,0.86,,ok,excellent,18409,3119,3119,3119,100.0,0.0,0.0,0.0,0.0,0.0,0.0,6.415,,ok,excellent,18409,3119,3119,3119,100.0,0.0,0.0,0.0,0.0,0.0,0.0,4.106,,ok,excellent,3142,3108,3108,3108,100.0,0.0,0.0,0.0,0.0,0.0,0.0,1.098,,ok,excellent,18409,3119,3119,3119,100.0,0.0,0.0,0.0,0.0,0.0,0.0,5.124,,ok,excellent,3142,3108,3108,3108,100.0,0.0,0.0,0.0,0.0,0.0,0.0,1.262,,not_run_quota,,,,,,,,,,,,,,
B,eth-corpus,composite-vcp-fvg-active-zones-01,,plain,strict,11800,False,ok,,0.118,1.262,True,0,0,0,0,0,0,0,0,0,0,0,1,0,ok,excellent,11800,11800,11800,11800,100.0,0.0,0.0,0.0,0.0,0.0,0.0,1.639,,ok,strong,11776,11776,11788,11774,99.88,0.0010179843909060061,0.0,0.0,0.0,0.17728403839317444,0.018279719664536263,1.272,,ok,strong,11926,11802,11800,11800,100.0,0.0001694628029147602,0.0,0.0,0.0,0.0,0.0,0.391,,ok,strong,69300,11854,11800,11797,99.97,0.004555424329340307,0.0,0.0,0.0,0.11651895434572138,0.015231641747072247,13.178,,ok,strong,69300,11854,11800,11797,99.97,0.004555424329340307,0.0,0.0,0.0,0.11651895434572138,0.015231641747072247,11.819,,ok,strong,11902,11778,11788,11774,99.88,0.0008483203257550051,0.0,0.0,0.0,0.17728403839317444,0.018279719664536263,2.148,,ok,strong,69300,11854,11800,11797,99.97,0.004555424329340307,0.0,0.0,0.0,0.11651895434572138,0.015231641747072247,8.814,,ok,strong,11902,11778,11788,11774,99.88,0.0008483203257550051,0.0,0.0,0.0,0.17728403839317444,0.018279719664536263,2.719,,not_run_quota,,,,,,,,,,,,,,
B,eth-corpus,composite-vcp-integration-01,,plain,strict,336,False,ok,,0.131,2.358,True,0,0,0,0,0,0,0,0,0,0,1,1,0,ok,excellent,336,336,336,335,99.7,0.0,0.0,0.0,0.0,0.0,0.0,1.067,,ok,excellent,334,334,334,334,100.0,0.0,0.0,0.0,0.0,0.0,0.0,0.212,,ok,excellent,1824,336,336,335,99.7,0.0,0.0,0.0,0.0,0.0,0.0,0.653,,ok,excellent,1824,336,336,335,99.7,0.0,0.0,0.0,0.0,0.0,0.0,13.782,,ok,excellent,1824,336,336,335,99.7,0.0,0.0,0.0,0.0,0.0,0.0,14.44,,ok,excellent,336,334,334,334,100.0,0.0,0.0,0.0,0.0,0.0,0.0,1.99,,ok,excellent,1822,336,336,335,99.7,0.0,0.0,0.0,0.0,0.0,0.0,23.551,,ok,excellent,336,334,334,334,100.0,0.0,0.0,0.0,0.0,0.0,0.0,4.69,,not_run_quota,,,,,,,,,,,,,,
B,eth-corpus,composite-vcp-manual-adx-regime-01,,plain,strict,636,False,ok,,0.088,1.337,True,0,0,0,0,0,0,0,0,0,0,0,0,0,ok,excellent,636,636,636,636,100.0,0.0,0.0,0.0,0.0,0.0,0.0,0.858,,ok,excellent,635,634,634,633,99.84,0.0,0.0,0.0,0.0,0.0070001196601650545,0.0021468086863184604,0.405,,ok,excellent,646,636,636,636,100.0,0.0,0.0,0.0,0.0,0.0,0.0,0.162,,ok,strong,3408,637,636,636,100.0,0.0015698587127158557,0.0,0.0,0.0,0.04034851763054795,0.012571397338143315,5.898,,ok,strong,3408,637,636,636,100.0,0.0015698587127158557,0.0,0.0,0.0,0.04034851763054795,0.012571397338143315,4.06,,ok,excellent,645,634,634,633,99.84,0.0,0.0,0.0,0.0,0.0070001196601650545,0.0021468086863184604,1.278,,ok,strong,3408,637,636,636,100.0,0.0015698587127158557,0.0,0.0,0.0,0.04034851763054795,0.012571397338143315,11.182,,ok,excellent,645,634,634,633,99.84,0.0,0.0,0.0,0.0,0.0070001196601650545,0.0021468086863184604,2.385,,not_run_quota,,,,,,,,,,,,,,
B,eth-corpus,composite-vcp-pivot-strength-5-01,,plain,strict,1937,False,ok,,0.08,1.524,True,0,0,0,0,0,0,0,0,0,0,0,0,0,ok,excellent,1937,1937,1937,1937,100.0,0.0,0.0,0.0,0.0,0.0,0.0,1.105,,ok,excellent,1931,1931,1931,1931,100.0,0.0,0.0,0.0,0.0,0.0,0.0,0.459,,ok,excellent,11530,1937,1937,1937,100.0,0.0,0.0,0.0,0.0,0.0,0.0,0.893,,ok,excellent,11530,1937,1937,1937,100.0,0.0,0.0,0.0,0.0,0.0,0.0,5.05,,ok,excellent,11530,1937,1937,1937,100.0,0.0,0.0,0.0,0.0,0.0,0.0,5.154,,ok,excellent,1950,1931,1931,1931,100.0,0.0,0.0,0.0,0.0,0.0,0.0,1.653,,ok,excellent,11530,1937,1937,1937,100.0,0.0,0.0,0.0,0.0,0.0,0.0,10.534,,ok,excellent,1950,1931,1931,1931,100.0,0.0,0.0,0.0,0.0,0.0,0.0,1.931,,not_run_quota,,,,,,,,,,,,,,
B,eth-corpus,composite-vcp-rsi-smooth-divergence-01,,plain,strict,142,False,ok,,0.049,1.148,True,0,0,0,0,0,0,0,0,0,0,0,0,0,ok,excellent,142,142,142,142,100.0,0.0,0.0,0.0,0.0,0.0,0.0,0.249,,ok,excellent,142,142,142,142,100.0,0.0,0.0,0.0,0.0,0.0,0.0,0.307,,ok,excellent,820,142,142,142,100.0,0.0,0.0,0.0,0.0,0.02967079392934904,0.014265402103092132,0.704,,ok,excellent,820,142,142,142,100.0,0.0,0.0,0.0,0.0,0.02967079392934904,0.014265402103092132,5.061,,ok,excellent,820,142,142,142,100.0,0.0,0.0,0.0,0.0,0.02967079392934904,0.014265402103092132,4.763,,ok,excellent,144,142,142,142,100.0,0.0,0.0,0.0,0.0,0.02967079392934904,0.014265402103092132,0.827,,ok,excellent,820,142,142,142,100.0,0.0,0.0,0.0,0.0,0.02967079392934904,0.014265402103092132,6.988,,ok,excellent,144,142,142,142,100.0,0.0,0.0,0.0,0.0,0.02967079392934904,0.014265402103092132,1.455,,not_run_quota,,,,,,,,,,,,,,
B,eth-corpus,composite-vcp-session-tz-newyork-01,,plain,strict,396,False,ok,,0.111,1.649,True,0,0,0,0,0,0,0,0,0,0,0,0,0,ok,excellent,396,396,396,396,100.0,0.0,0.0,0.0,0.0,0.0,0.0,0.513,,ok,excellent,395,395,395,395,100.0,0.0,0.0,0.0,0.0,0.0,0.0,0.385,,ok,excellent,2316,396,396,396,100.0,0.0,0.0,0.0,0.0,0.0,0.0,0.465,,ok,excellent,2316,396,396,396,100.0,0.0,0.0,0.0,0.0,0.0,0.0,6.873,,ok,excellent,2316,396,396,396,100.0,0.0,0.0,0.0,0.0,0.0,0.0,4.452,,ok,excellent,399,395,395,395,100.0,0.0,0.0,0.0,0.0,0.0,0.0,1.103,,ok,excellent,2316,396,396,396,100.0,0.0,0.0,0.0,0.0,0.0,0.0,6.926,,ok,excellent,399,395,395,395,100.0,0.0,0.0,0.0,0.0,0.0,0.0,1.52,,not_run_quota,,,,,,,,,,,,,,
B,eth-corpus,composite-vcp-vol-zscore-anomaly-01,,plain,strict,591,False,ok,,0.067,1.757,True,0,0,0,0,0,0,0,0,0,0,0,0,0,ok,excellent,591,591,591,591,100.0,0.0,0.0,0.0,0.0,0.0,0.0,0.381,,ok,excellent,590,589,589,589,100.0,0.0,0.0,0.0,0.0,0.0,0.0,0.323,,ok,excellent,3401,591,591,591,100.0,0.0,0.0,0.0,0.0,0.0,0.0,0.496,,ok,excellent,3401,591,591,591,100.0,0.0,0.0,0.0,0.0,0.0,0.0,4.374,,ok,excellent,3401,591,591,591,100.0,0.0,0.0,0.0,0.0,0.0,0.0,6.74,,ok,excellent,593,589,589,589,100.0,0.0,0.0,0.0,0.0,0.0,0.0,0.742,,ok,excellent,3401,591,591,591,100.0,0.0,0.0,0.0,0.0,0.0,0.0,5.758,,ok,excellent,593,589,589,589,100.0,0.0,0.0,0.0,0.0,0.0,0.0,0.945,,not_run_quota,,,,,,,,,,,,,,
B,eth-corpus,composite-wunderscalper-alert-templates-01,,plain,strict,3097,False,ok,,0.083,0.868,True,0,0,0,0,0,0,0,0,0,0,0,0,0,ok,excellent,3097,3097,3097,3097,100.0,0.0,0.0,0.0,0.0,0.0,0.0,0.919,,ok,excellent,3088,3087,3087,3087,100.0,0.0,0.0,0.0,0.0,0.0,0.0,0.486,,ok,excellent,18262,3097,3097,3097,100.0,0.0,0.0,0.0,0.0,7.964510142796421e-06,4.3257646870486236e-06,1.359,,ok,excellent,18260,3097,3097,3097,100.0,0.0,0.0,0.0,0.0,7.964510142796421e-06,4.3257646870486236e-06,9.754,,ok,excellent,18260,3097,3097,3097,100.0,0.0,0.0,0.0,0.0,7.964510142796421e-06,4.3257646870486236e-06,8.477,,ok,excellent,3114,3087,3087,3087,100.0,0.0,0.0,0.0,0.0,7.881711277145326e-06,4.301223267893483e-06,1.239,,ok,excellent,18260,3097,3097,3097,100.0,0.0,0.0,0.0,0.0,7.964510142796421e-06,4.3257646870486236e-06,9.574,,ok,excellent,3114,3087,3087,3087,100.0,0.0,0.0,0.0,0.0,7.881711277145326e-06,4.301223267893483e-06,1.726,,not_run_quota,,,,,,,,,,,,,,
B,eth-corpus,composite-wunderscalper-explicit-reverse-01,,plain,strict,3097,False,ok,,0.088,0.899,True,0,0,0,0,0,0,0,0,0,0,0,0,0,ok,excellent,3097,3097,3097,3097,100.0,0.0,0.0,0.0,0.0,0.0,0.0,0.883,,ok,excellent,3088,3087,3087,3087,100.0,0.0,0.0,0.0,0.0,0.0,0.0,0.637,,ok,excellent,18262,3097,3097,3097,100.0,0.0,0.0,0.0,0.0,7.964510142796421e-06,4.3257646870486236e-06,0.632,,ok,excellent,18260,3097,3097,3097,100.0,0.0,0.0,0.0,0.0,7.964510142796421e-06,4.3257646870486236e-06,4.553,,ok,excellent,18260,3097,3097,3097,100.0,0.0,0.0,0.0,0.0,7.964510142796421e-06,4.3257646870486236e-06,3.777,,ok,excellent,3114,3087,3087,3087,100.0,0.0,0.0,0.0,0.0,7.881711277145326e-06,4.301223267893483e-06,1.733,,ok,excellent,18260,3097,3097,3097,100.0,0.0,0.0,0.0,0.0,7.964510142796421e-06,4.3257646870486236e-06,7.315,,ok,excellent,3114,3087,3087,3087,100.0,0.0,0.0,0.0,0.0,7.881711277145326e-06,4.301223267893483e-06,1.322,,not_run_quota,,,,,,,,,,,,,,
B,eth-corpus,composite-wunderscalper-integration-01,,plain,strict,3097,False,ok,,0.07,1.728,True,0,0,0,0,0,0,0,0,0,0,0,0,0,ok,excellent,3097,3097,3097,3097,100.0,0.0,0.0,0.0,0.0,0.0,0.0,0.371,,ok,excellent,3088,3087,3087,3087,100.0,0.0,0.0,0.0,0.0,0.0,0.0,0.406,,ok,excellent,18262,3097,3097,3097,100.0,0.0,0.0,0.0,0.0,7.964510142796421e-06,4.3257646870486236e-06,0.704,,ok,excellent,18260,3097,3097,3097,100.0,0.0,0.0,0.0,0.0,7.964510142796421e-06,4.3257646870486236e-06,8.436,,ok,excellent,18260,3097,3097,3097,100.0,0.0,0.0,0.0,0.0,7.964510142796421e-06,4.3257646870486236e-06,8.248,,ok,excellent,3114,3087,3087,3087,100.0,0.0,0.0,0.0,0.0,7.881711277145326e-06,4.301223267893483e-06,1.952,,ok,excellent,18260,3097,3097,3097,100.0,0.0,0.0,0.0,0.0,7.964510142796421e-06,4.3257646870486236e-06,8.69,,ok,excellent,3114,3087,3087,3087,100.0,0.0,0.0,0.0,0.0,7.881711277145326e-06,4.301223267893483e-06,1.451,,not_run_quota,,,,,,,,,,,,,,
B,eth-corpus,control-heliograph-while-channel-01,,brackets,strict,905,False,ok,,0.049,1.252,True,0,1,0,0,0,0,0,0,0,0,1,0,0,ok,excellent,905,905,905,905,100.0,0.0,0.0,0.0,0.0,4.773850228933076e-08,4.407776496011908e-08,0.786,,ok,excellent,903,902,902,902,100.0,0.0,0.0,0.0,0.0,4.683153371619679e-08,4.45445697627057e-08,0.324,,ok,excellent,5375,905,905,905,100.0,0.0,0.0,0.0,0.0,4.773850228933076e-08,4.407776496011908e-08,0.288,,ok,excellent,5375,905,905,905,100.0,0.0,0.0,0.0,0.0,4.773850228933076e-08,4.407776496011908e-08,8.841,,ok,excellent,5375,905,905,905,100.0,0.0,0.0,0.0,0.0,4.773850228933076e-08,4.407776496011908e-08,9.835,,ok,excellent,905,902,902,902,100.0,0.0,0.0,0.0,0.0,4.683153371619679e-08,4.45445697627057e-08,2.858,,ok,excellent,5375,905,905,905,100.0,0.0,0.0,0.0,0.0,4.773850228933076e-08,4.407776496011908e-08,13.074,,ok,excellent,905,902,902,902,100.0,0.0,0.0,0.0,0.0,4.683153371619679e-08,4.45445697627057e-08,3.023,,not_run_quota,,,,,,,,,,,,,,
B,eth-corpus,drawing-box-zone-reentry,,plain,strict,1403,False,ok,,0.095,2.624,True,0,0,0,0,0,0,0,0,0,0,0,1,0,ok,excellent,1403,1403,1403,1403,100.0,0.0,0.0,0.0,0.0,0.0,0.0,0.249,,ok,excellent,1400,1400,1400,1400,100.0,0.0,0.0,0.0,0.0,0.0,0.0,0.454,,ok,excellent,1420,1403,1403,1403,100.0,0.0,0.0,0.0,0.0,0.0,0.0,0.294,,ok,strong,8501,1404,1403,1403,100.0,0.0007122507122507123,0.0,0.0,0.0,0.0,0.0,3.445,,ok,strong,8501,1404,1403,1403,100.0,0.0007122507122507123,0.0,0.0,0.0,0.0,0.0,4.556,,ok,excellent,1417,1400,1400,1400,100.0,0.0,0.0,0.0,0.0,0.0,0.0,0.918,,ok,strong,8501,1404,1403,1403,100.0,0.0007122507122507123,0.0,0.0,0.0,0.0,0.0,4.797,,ok,excellent,1417,1400,1400,1400,100.0,0.0,0.0,0.0,0.0,0.0,0.0,1.056,,not_run_quota,,,,,,,,,,,,,,
B,eth-corpus,drawing-chartpoint-trendline,,plain,strict,2379,False,ok,,0.275,1.52,True,0,0,0,0,0,0,0,0,0,0,1,0,0,ok,excellent,2379,2379,2379,2379,100.0,0.0,0.0,0.0,0.0,0.0,0.0,1.034,,ok,excellent,2374,2374,2374,2374,100.0,0.0,0.0,0.0,0.0,0.0,0.0,0.438,,ok,excellent,13851,2379,2379,2379,100.0,0.0,0.0,0.0,0.0,0.00013431833445272154,1.0464958087848203e-05,1.048,,ok,excellent,13851,2379,2379,2379,100.0,0.0,0.0,0.0,0.0,0.00013431833445272154,1.0464958087848203e-05,5.94,,ok,excellent,13851,2379,2379,2379,100.0,0.0,0.0,0.0,0.0,0.00013431833445272154,1.0464958087848203e-05,7.03,,ok,excellent,2394,2374,2374,2374,100.0,0.0,0.0,0.0,0.0,0.00011576753878202022,1.059726166759051e-05,1.807,,run_error,,,,,,,,,,,,,0.387,AttributeError: module 'pynecore.lib.chart' has no attribute 'point',run_error,,,,,,,,,,,,,0.658,AttributeError: module 'pynecore.lib.chart' has no attribute 'point',not_run_quota,,,,,,,,,,,,,,
B,eth-corpus,drawing-delete-halt,,plain,strict,2504,False,ok,,0.052,1.893,True,0,0,0,0,0,0,0,0,0,0,1,0,0,ok,excellent,2504,2504,2504,2504,100.0,0.0,0.0,0.0,0.0,0.0,0.0,0.683,,ok,excellent,2498,2498,2498,2498,100.0,0.0,0.0,0.0,0.0,0.00131052314667235,0.00029610067422924165,0.619,,ok,excellent,14599,2504,2504,2504,100.0,0.0,0.0,0.0,0.0,0.0,0.0,0.438,,ok,excellent,14599,2504,2504,2504,100.0,0.0,0.0,0.0,0.0,0.0,0.0,5.785,,ok,excellent,14599,2504,2504,2504,100.0,0.0,0.0,0.0,0.0,0.0,0.0,5.568,,ok,excellent,2519,2498,2498,2498,100.0,0.0,0.0,0.0,0.0,0.00131052314667235,0.00029610067422924165,1.92,,run_error,,,,,,,,,,,,,0.381,ValueError: list.remove(x): x not in list,run_error,,,,,,,,,,,,,0.428,ValueError: list.remove(x): x not in list,not_run_quota,,,,,,,,,,,,,,
B,eth-corpus,drawing-line-level-breakout,,plain,strict,2265,False,ok,,0.095,1.544,True,0,0,0,0,0,0,0,0,0,0,1,0,0,ok,excellent,2265,2265,2265,2265,100.0,0.0,0.0,0.0,0.0,0.0,0.0,0.97,,ok,excellent,2259,2259,2259,2259,100.0,0.0,0.0,0.0,0.0,0.0,0.0,0.435,,ok,excellent,13344,2265,2265,2265,100.0,0.0,0.0,0.0,0.0,0.0,0.0,0.583,,ok,excellent,13344,2265,2265,2265,100.0,0.0,0.0,0.0,0.0,0.0,0.0,5.622,,ok,excellent,13344,2265,2265,2265,100.0,0.0,0.0,0.0,0.0,0.0,0.0,7.477,,ok,excellent,2281,2259,2259,2259,100.0,0.0,0.0,0.0,0.0,0.0,0.0,1.042,,ok,excellent,13344,2265,2265,2265,100.0,0.0,0.0,0.0,0.0,0.0,0.0,5.948,,ok,excellent,2281,2259,2259,2259,100.0,0.0,0.0,0.0,0.0,0.0,0.0,1.63,,not_run_quota,,,,,,,,,,,,,,
B,eth-corpus,drawing-udt-alias-identity,,plain,strict,2617,False,ok,,0.046,1.651,True,0,0,0,0,0,0,0,0,0,0,1,1,1,ok,excellent,2617,2617,2617,2617,100.0,0.0,0.0,0.0,0.0,0.0,0.0,0.811,,ok,excellent,2611,2610,2610,2610,100.0,0.0,0.0,0.0,0.0,0.0,0.0,0.454,,ok,excellent,15466,2617,2617,2617,100.0,0.0,0.0,0.0,0.0,0.0,0.0,1.209,,ok,excellent,15466,2617,2617,2617,100.0,0.0,0.0,0.0,0.0,0.0,0.0,6.106,,ok,excellent,15466,2617,2617,2617,100.0,0.0,0.0,0.0,0.0,0.0,0.0,4.814,,ok,excellent,2634,2610,2610,2610,100.0,0.0,0.0,0.0,0.0,0.0,0.0,1.45,,ok,excellent,15466,2617,2617,2617,100.0,0.0,0.0,0.0,0.0,0.0,0.0,6.574,,ok,excellent,2634,2610,2610,2610,100.0,0.0,0.0,0.0,0.0,0.0,0.0,1.237,,not_run_quota,,,,,,,,,,,,,,
B,eth-corpus,drawing-visual-noise-geometry,,plain,strict,2969,False,ok,,0.114,2.016,True,0,0,0,0,0,0,0,0,0,0,1,0,0,ok,excellent,2969,2969,2969,2969,100.0,0.0,0.0,0.0,0.0,0.0,0.0,0.824,,ok,excellent,2962,2962,2962,2962,100.0,0.0,0.0,0.0,0.0,0.0,0.0,0.375,,ok,excellent,17759,2969,2969,2969,100.0,0.0,0.0,0.0,0.0,0.0,0.0,0.904,,ok,excellent,17759,2969,2969,2969,100.0,0.0,0.0,0.0,0.0,0.0,0.0,7.823,,ok,excellent,17759,2969,2969,2969,100.0,0.0,0.0,0.0,0.0,0.0,0.0,8.305,,ok,excellent,2988,2962,2962,2962,100.0,0.0,0.0,0.0,0.0,0.0,0.0,1.794,,ok,excellent,17761,2969,2969,2969,100.0,0.0,0.0,0.0,0.0,0.0,0.0,13.389,,ok,excellent,2988,2962,2962,2962,100.0,0.0,0.0,0.0,0.0,0.0,0.0,2.766,,not_run_quota,,,,,,,,,,,,,,
B,eth-corpus,enum-relay-regime-01,,brackets,strict,447,False,ok,,0.054,0.95,True,0,1,0,0,0,0,0,0,0,0,0,0,0,ok,excellent,447,447,447,447,100.0,0.0,0.0,0.0,0.0,0.00029879671305267484,0.00012644898419909335,0.397,,ok,excellent,446,445,445,445,100.0,0.0,0.0,0.0,0.0,7.13311222818452e-08,3.5201203141111044e-08,0.36,,ok,excellent,2609,447,447,447,100.0,0.0,0.0,0.0,0.0,0.0074000837994737285,0.003131600071418861,0.628,,ok,excellent,2608,447,447,447,100.0,0.0,0.0,0.0,0.0,0.0074000837994737285,0.003131600071418861,8.245,,ok,excellent,2608,447,447,447,100.0,0.0,0.0,0.0,0.0,0.0074000837994737285,0.003131600071418861,7.849,,ok,excellent,446,445,445,445,100.0,0.0,0.0,0.0,0.0,0.007349842134823374,0.0033248181428125714,1.932,,ok,excellent,2608,447,447,447,100.0,0.0,0.0,0.0,0.0,0.007400117762136247,0.0031316144438879793,11.198,,ok,excellent,446,445,445,445,100.0,0.0,0.0,0.0,0.0,0.007349874558060775,0.003324832809980313,2.032,,not_run_quota,,,,,,,,,,,,,,
B,eth-corpus,input-source-runtime-override-high-01,,plain,strict,1524,False,ok,,0.045,1.287,True,0,0,0,0,0,0,0,0,0,0,0,0,0,ok,excellent,1524,1524,1524,1524,100.0,0.0,0.0,0.0,0.0,0.0,0.0,0.969,,ok,excellent,1521,1521,1521,1521,100.0,0.0,0.0,0.0,0.0,0.0,0.0,0.225,,ok,excellent,9091,1524,1524,1524,100.0,0.0,0.0,0.0,0.0,0.0007573550830177687,0.0007462223926415583,1.037,,ok,weak,9107,1552,1524,851,55.84,0.01804123711340206,0.0007425137146650032,0.005735487022431542,1.3131818181818182,0.07001756081047722,0.14105666846828852,4.639,,ok,weak,9107,1552,1524,851,55.84,0.01804123711340206,0.0007425137146650032,0.005735487022431542,1.3131818181818182,0.07001756081047722,0.14105666846828852,4.85,,ok,weak,1557,1549,1521,849,55.82,0.018076178179470628,0.0007434763873986096,0.005737809054230845,1.3285615403363429,0.06833354258963635,0.14061220060351876,1.631,,ok,weak,9107,1552,1524,851,55.84,0.01804123711340206,0.0007425137146650032,0.005735487022431542,1.3131818181818182,0.07001756081047722,0.14105666846828852,6.673,,ok,weak,1557,1549,1521,849,55.82,0.018076178179470628,0.0007434763873986096,0.005737809054230845,1.3285615403363429,0.06833354258963635,0.14061220060351876,0.998,,not_run_quota,,,,,,,,,,,,,,
B,eth-corpus,input-source-subscript-hl2-01,,plain,strict,16347,False,ok,,0.05,1.046,True,0,0,0,0,0,0,0,0,0,0,0,0,0,ok,excellent,16347,16347,16347,16347,100.0,0.0,0.0,0.0,0.0,0.0,0.0,2.834,,ok,strong,16306,16306,16307,16306,99.99,6.132335806708775e-05,0.0,0.0,0.0,0.0,0.0,1.089,,ok,strong,96177,16348,16347,16347,100.0,6.116956202593589e-05,0.0,0.0,0.0,0.0003232234373647142,0.0003130941122167397,2.881,,ok,strong,96177,16348,16347,16347,100.0,6.116956202593589e-05,0.0,0.0,0.0,0.0003232234373647142,0.0003130941122167397,11.984,,ok,strong,96177,16348,16347,16347,100.0,6.116956202593589e-05,0.0,0.0,0.0,0.0003232234373647142,0.0003130941122167397,12.1,,ok,strong,16456,16306,16307,16306,99.99,6.132335806708775e-05,0.0,0.0,0.0,0.0003200084455838025,0.0003100765281657544,2.033,,ok,strong,96181,16348,16347,16347,100.0,6.116956202593589e-05,0.0,0.0,0.0,0.0003232234373647142,0.0003130941122167397,8.794,,ok,strong,16456,16306,16307,16306,99.99,6.132335806708775e-05,0.0,0.0,0.0,0.0003200084455838025,0.0003100765281657544,1.579,,not_run_quota,,,,,,,,,,,,,,
B,eth-corpus,ltf-bool-array-bull-majority-01,,security,strict,3117,False,ok,,0.073,1.046,True,0,0,0,0,0,0,0,1,0,0,0,1,0,ok,excellent,3116,3116,3116,3116,100.0,0.0,0.0,0.0,0.0,1.0098256031174229e-05,6.016376577037243e-06,2.515,,ok,excellent,3108,3108,3108,3108,100.0,0.0,0.0,0.0,0.0,1.0240340798532461e-05,6.066525518834083e-06,2.396,,ok,excellent,18859,3116,3116,3116,100.0,0.0,0.0,0.0,0.0,0.0,0.0,3.122,,run_error,,,,,,,,,,,,,1.465,ValueError: No OHLCV data found for security context,run_error,,,,,,,,,,,,,1.09,ValueError: No OHLCV data found for security context,run_error,,,,,,,,,,,,,1.16,ValueError: No OHLCV data found for security context,run_error,,,,,,,,,,,,,0.481,ValueError: No OHLCV data found for security context,run_error,,,,,,,,,,,,,0.477,ValueError: No OHLCV data found for security context,not_run_quota,,,,,,,,,,,,,,
B,eth-corpus,ltf-numeric-float-ratio15-01,,security,strict,820,False,ok,,0.054,2.038,True,0,0,0,0,0,0,0,1,0,0,0,1,0,ok,excellent,820,820,820,820,100.0,0.0,0.0,0.0,0.0,5.7558263352025785e-06,3.842784020163437e-06,6.494,,ok,excellent,819,818,818,818,100.0,0.0,0.0,0.0,0.0,5.861767791925359e-06,3.889718695540404e-06,2.113,,ok,excellent,4978,820,820,820,100.0,0.0,0.0,0.0,0.0,0.0,0.0,3.127,,run_error,,,,,,,,,,,,,1.408,ValueError: No OHLCV data found for security context,run_error,,,,,,,,,,,,,1.066,ValueError: No OHLCV data found for security context,run_error,,,,,,,,,,,,,1.18,ValueError: No OHLCV data found for security context,run_error,,,,,,,,,,,,,0.54,ValueError: No OHLCV data found for security context,run_error,,,,,,,,,,,,,0.421,ValueError: No OHLCV data found for security context,not_run_quota,,,,,,,,,,,,,,
B,eth-corpus,magnifier-tick-dist-endpoints-01,,brackets,strict,871,False,ok,,0.121,1.896,True,0,1,0,0,0,0,0,0,1,0,0,0,0,ok,excellent,871,871,871,871,100.0,0.0,0.0,0.0,0.0,17.030188679245338,0.23649941045460487,0.321,,ok,excellent,870,869,869,869,100.0,0.0,0.0,0.0,0.0,7.392301392301381,0.2478716976986878,0.796,,ok,excellent,5218,871,871,871,100.0,0.0,0.0,0.0,0.0,17.030188679245338,0.23649941045460487,0.268,,ok,excellent,5217,871,871,871,100.0,0.0,0.0,0.0,0.0,17.030188679245338,0.23649941045460487,3.239,,ok,excellent,5217,871,871,871,100.0,0.0,0.0,0.0,0.0,17.030188679245338,0.23649941045460487,3.473,,ok,excellent,876,869,869,869,100.0,0.0,0.0,0.0,0.0,7.392301392301381,0.2478716976986878,1.018,,ok,excellent,5217,871,871,871,100.0,0.0,0.0,0.0,0.0,17.030188679245338,0.23649941045460487,5.036,,ok,excellent,876,869,869,869,100.0,0.0,0.0,0.0,0.0,7.392301392301381,0.2478716976986878,1.447,,not_run_quota,,,,,,,,,,,,,,
B,eth-corpus,magnifier-tick-dist-endpoints-rsi-cross-08a,,brackets,strict,2345,False,ok,,0.08,1.531,True,0,1,0,0,0,0,0,0,1,0,0,0,0,ok,excellent,2345,2345,2345,2345,100.0,0.0,0.0,0.0,0.0,1.3166774100335639,0.5929410822606174,0.682,,ok,excellent,2336,2336,2336,2336,100.0,0.0,0.0,0.0,0.0,1.2427306675617842,0.6092671637953214,0.879,,ok,excellent,13944,2345,2345,2345,100.0,0.0,0.0,0.0,0.0,1.3166774100335639,0.5929410822606174,0.608,,ok,excellent,13944,2345,2345,2345,100.0,0.0,0.0,0.0,0.0,1.3166774100335639,0.5929410822606174,3.612,,ok,excellent,13944,2345,2345,2345,100.0,0.0,0.0,0.0,0.0,1.3166774100335639,0.5929410822606174,5.946,,ok,excellent,2355,2336,2336,2336,100.0,0.0,0.0,0.0,0.0,1.2427306675617842,0.6092671637953214,1.126,,ok,excellent,13944,2345,2345,2345,100.0,0.0,0.0,0.0,0.0,1.3166774100335639,0.5929410822606174,6.689,,ok,excellent,2355,2336,2336,2336,100.0,0.0,0.0,0.0,0.0,1.2427306675617842,0.6092671637953214,1.534,,not_run_quota,,,,,,,,,,,,,,
B,eth-corpus,magnifier-tick-dist-volume-weighted-on-01,,brackets,strict,871,False,ok,,0.085,1.249,True,0,1,0,0,0,0,0,0,1,0,0,0,0,ok,excellent,871,871,871,871,100.0,0.0,0.0,0.0,0.0,17.030188679245338,0.23649941045460487,1.161,,ok,excellent,870,869,869,869,100.0,0.0,0.0,0.0,0.0,7.392301392301381,0.2478716976986878,0.334,,ok,excellent,5218,871,871,871,100.0,0.0,0.0,0.0,0.0,17.030188679245338,0.23649941045460487,0.582,,ok,excellent,5217,871,871,871,100.0,0.0,0.0,0.0,0.0,17.030188679245338,0.23649941045460487,4.093,,ok,excellent,5217,871,871,871,100.0,0.0,0.0,0.0,0.0,17.030188679245338,0.23649941045460487,2.816,,ok,excellent,876,869,869,869,100.0,0.0,0.0,0.0,0.0,7.392301392301381,0.2478716976986878,0.991,,ok,excellent,5217,871,871,871,100.0,0.0,0.0,0.0,0.0,17.030188679245338,0.23649941045460487,5.268,,ok,excellent,876,869,869,869,100.0,0.0,0.0,0.0,0.0,7.392301392301381,0.2478716976986878,0.957,,not_run_quota,,,,,,,,,,,,,,
B,eth-corpus,map-archive-presence-01,,plain,strict,856,False,ok,,0.054,1.207,True,0,0,0,0,0,0,0,0,0,0,0,0,0,ok,excellent,856,855,855,855,100.0,0.0,0.0,0.0,0.0,5.555922144201403e-08,4.558237637920691e-08,0.578,,ok,excellent,852,852,852,852,100.0,0.0,0.0,0.0,0.0,5.5914785055212025e-08,4.534580154282137e-08,0.505,,ok,excellent,4962,855,855,855,100.0,0.0,0.0,0.0,0.0,5.555922144201403e-08,4.558237637920691e-08,0.521,,ok,excellent,4962,855,855,855,100.0,0.0,0.0,0.0,0.0,5.555922144201403e-08,4.558237637920691e-08,6.267,,ok,excellent,4962,855,855,855,100.0,0.0,0.0,0.0,0.0,5.555922144201403e-08,4.558237637920691e-08,5.517,,ok,excellent,854,852,852,852,100.0,0.0,0.0,0.0,0.0,5.5914785055212025e-08,4.534580154282137e-08,1.277,,ok,excellent,4962,855,855,855,100.0,0.0,0.0,0.0,0.0,5.555922144201403e-08,4.558237637920691e-08,9.899,,ok,excellent,854,852,852,852,100.0,0.0,0.0,0.0,0.0,5.5914785055212025e-08,4.534580154282137e-08,1.781,,not_run_quota,,,,,,,,,,,,,,
B,eth-corpus,map-mosaic-regime-weight-01,,brackets,strict,836,False,ok,,0.069,2.177,True,0,1,0,0,0,0,0,0,0,0,0,1,0,ok,excellent,836,836,836,836,100.0,0.0,0.0,0.0,0.0,1.5700643885192586e-07,3.9205778420890555e-08,0.49,,ok,excellent,832,832,832,832,100.0,0.0,0.0,0.0,0.0,8.432527430818867e-05,1.9476458671166316e-05,0.465,,ok,strong,4893,836,836,836,100.0,0.0,0.0,0.0,0.07162102917150025,0.0715483033183506,0.07159270808990836,0.277,,ok,strong,4893,836,836,836,100.0,0.0,0.0,0.0,0.07162102917150025,0.0715483033183506,0.07159270808990836,7.234,,ok,strong,4893,836,836,836,100.0,0.0,0.0,0.0,0.07162102917150025,0.0715483033183506,0.07159270808990836,6.767,,ok,excellent,835,832,832,832,100.0,0.0,0.0,0.0,0.0,8.432527430818867e-05,1.9476458671166316e-05,1.177,,ok,strong,4893,836,836,836,100.0,0.0,0.0,0.0,0.0716203822803684,0.07073374819957731,0.07178139185897961,7.497,,ok,excellent,835,832,832,832,100.0,0.0,0.0,0.0,0.0,0.0007835417640780919,0.00020757055850735817,1.707,,not_run_quota,,,,,,,,,,,,,,
B,eth-corpus,math-forge-log-channel-01,,brackets,strict,813,False,ok,,0.054,1.871,True,0,1,0,0,0,0,0,0,0,0,0,0,0,ok,excellent,813,813,813,813,100.0,0.0,0.0,0.0,0.0,0.0002500795592149751,0.0002909773847603851,0.798,,ok,excellent,812,811,811,811,100.0,0.0,0.0,0.0,0.0,0.0007076360973947819,0.0007110723117562659,0.343,,ok,strong,4611,812,812,812,100.0,0.0,0.0,0.0,0.24336703259580622,0.24333755798210951,0.24333750512322916,0.877,,ok,strong,4611,812,812,812,100.0,0.0,0.0,0.0,0.24336703259580622,0.2433375581988039,0.24333750512322916,20.07,,ok,strong,4611,812,812,812,100.0,0.0,0.0,0.0,0.24336703259580622,0.2433375581988039,0.24333750512322916,20.013,,ok,excellent,815,811,811,811,100.0,0.0,0.0,0.0,0.0,0.0007076360973947819,0.0007110723117562659,4.014,,ok,strong,4611,812,812,812,100.0,0.0,0.0,0.0,0.24339507892054119,0.24341201266004925,0.243412844586653,18.599,,ok,excellent,815,811,811,811,100.0,0.0,0.0,0.0,0.0,0.0007295849264202387,0.0007275754912281604,3.958,,not_run_quota,,,,,,,,,,,,,,
B,eth-corpus,math-kiln-power-efficiency-01,,plain,strict,28,False,ok,,0.091,1.185,True,0,0,0,0,0,0,0,0,0,0,0,0,0,ok,excellent,28,28,28,28,100.0,0.0,0.0,0.0,0.0,0.0,0.0,0.862,,ok,excellent,28,28,28,28,100.0,0.0,0.0,0.0,0.0,0.0,0.0,0.2,,ok,excellent,126,28,28,28,100.0,0.0,0.0,0.0,0.0,0.0,0.0,0.344,,ok,excellent,126,28,28,28,100.0,0.0,0.0,0.0,0.0,0.0,0.0,5.611,,ok,excellent,126,28,28,28,100.0,0.0,0.0,0.0,0.0,0.0,0.0,5.724,,ok,excellent,28,28,28,28,100.0,0.0,0.0,0.0,0.0,0.0,0.0,1.44,,ok,excellent,126,28,28,28,100.0,0.0,0.0,0.0,0.0,0.0,0.0,9.673,,ok,excellent,28,28,28,28,100.0,0.0,0.0,0.0,0.0,0.0,0.0,1.545,,not_run_quota,,,,,,,,,,,,,,
B,eth-corpus,matrix-bool-mask-explicit-utc-tz-01,,plain,strict,774,False,ok,,0.062,1.703,True,0,0,0,0,0,0,0,0,0,0,0,1,0,ok,excellent,774,774,774,774,100.0,0.0,0.0,0.0,0.0,0.0,0.0,0.652,,ok,excellent,773,772,772,770,99.74,0.0,0.0,0.0,0.0,0.0,0.0,0.415,,ok,excellent,781,774,774,774,100.0,0.0,0.0,0.0,0.0,0.0,0.0,0.682,,ok,strong,4510,782,771,745,96.63,0.014066496163682864,0.0,0.0,0.0,0.004425055835020649,0.0022841217623651875,25.272,,ok,strong,4510,782,771,745,96.63,0.014066496163682864,0.0,0.0,0.0,0.004425055835020649,0.0022841217623651875,26.049,,ok,excellent,780,772,772,770,99.74,0.0,0.0,0.0,0.0,0.0,0.0,5.078,,ok,strong,4510,782,771,745,96.63,0.014066496163682864,0.0,0.0,0.0,0.004425055835020649,0.0022841217623651875,29.952,,ok,excellent,780,772,772,770,99.74,0.0,0.0,0.0,0.0,0.0,0.0,5.985,,not_run_quota,,,,,,,,,,,,,,
B,eth-corpus,matrix-bool-mask-no-transpose-01,,plain,strict,774,False,ok,,0.088,2.242,True,0,0,0,0,0,0,0,0,0,0,0,1,0,ok,excellent,774,774,774,774,100.0,0.0,0.0,0.0,0.0,0.0,0.0,0.542,,ok,excellent,773,772,772,770,99.74,0.0,0.0,0.0,0.0,0.0,0.0,0.428,,ok,excellent,781,774,774,774,100.0,0.0,0.0,0.0,0.0,0.0,0.0,0.382,,ok,strong,4510,782,771,745,96.63,0.014066496163682864,0.0,0.0,0.0,0.004425055835020649,0.0022841217623651875,22.919,,ok,strong,4510,782,771,745,96.63,0.014066496163682864,0.0,0.0,0.0,0.004425055835020649,0.0022841217623651875,23.545,,ok,excellent,780,772,772,770,99.74,0.0,0.0,0.0,0.0,0.0,0.0,4.523,,ok,strong,4510,782,771,745,96.63,0.014066496163682864,0.0,0.0,0.0,0.004425055835020649,0.0022841217623651875,26.77,,ok,excellent,780,772,772,770,99.74,0.0,0.0,0.0,0.0,0.0,0.0,4.827,,not_run_quota,,,,,,,,,,,,,,
B,eth-corpus,matrix-bool-mask-transpose-roundtrip-01,,plain,strict,774,False,ok,,0.048,1.666,True,0,0,0,0,0,0,0,0,0,0,0,1,0,ok,excellent,774,774,774,774,100.0,0.0,0.0,0.0,0.0,0.0,0.0,0.836,,ok,excellent,773,772,772,770,99.74,0.0,0.0,0.0,0.0,0.0,0.0,0.458,,ok,excellent,781,774,774,774,100.0,0.0,0.0,0.0,0.0,0.0,0.0,0.206,,ok,strong,4510,782,771,745,96.63,0.014066496163682864,0.0,0.0,0.0,0.004425055835020649,0.0022841217623651875,7.79,,ok,strong,4510,782,771,745,96.63,0.014066496163682864,0.0,0.0,0.0,0.004425055835020649,0.0022841217623651875,8.93,,ok,excellent,780,772,772,770,99.74,0.0,0.0,0.0,0.0,0.0,0.0,1.706,,ok,strong,4510,782,771,745,96.63,0.014066496163682864,0.0,0.0,0.0,0.004425055835020649,0.0022841217623651875,10.964,,ok,excellent,780,772,772,770,99.74,0.0,0.0,0.0,0.0,0.0,0.0,1.938,,not_run_quota,,,,,,,,,,,,,,
B,eth-corpus,matrix-bool-regime-mask-24x7-01,,plain,strict,774,False,ok,,0.051,1.806,True,0,0,0,0,0,0,0,0,0,0,0,1,0,ok,excellent,774,774,774,774,100.0,0.0,0.0,0.0,0.0,0.0,0.0,0.29,,ok,excellent,773,772,772,770,99.74,0.0,0.0,0.0,0.0,0.0,0.0,0.471,,ok,excellent,781,774,774,774,100.0,0.0,0.0,0.0,0.0,0.0,0.0,0.349,,ok,strong,4510,782,771,745,96.63,0.014066496163682864,0.0,0.0,0.0,0.004425055835020649,0.0022841217623651875,25.317,,ok,strong,4510,782,771,745,96.63,0.014066496163682864,0.0,0.0,0.0,0.004425055835020649,0.0022841217623651875,25.441,,ok,excellent,780,772,772,770,99.74,0.0,0.0,0.0,0.0,0.0,0.0,4.788,,ok,strong,4510,782,771,745,96.63,0.014066496163682864,0.0,0.0,0.0,0.004425055835020649,0.0022841217623651875,29.528,,ok,excellent,780,772,772,770,99.74,0.0,0.0,0.0,0.0,0.0,0.0,5.851,,not_run_quota,,,,,,,,,,,,,,
B,eth-corpus,matrix-cadence-transpose-pairs-01,,plain,strict,2358,False,ok,,0.104,3.351,True,0,0,0,0,0,0,0,0,0,0,0,1,0,ok,excellent,2358,2358,2358,2358,100.0,0.0,0.0,0.0,0.0,0.00031769173148923013,0.0003176917314893855,0.671,,ok,strong,2349,2349,2352,2348,99.83,0.0012755102040816326,0.0,0.0,0.0,2.0532338814215432e-05,2.0536619416865006e-05,0.439,,ok,excellent,13999,2358,2358,2358,100.0,0.0,0.0,0.0,0.0,0.00031769173148923013,0.0003176917314893855,0.628,,ok,excellent,13997,2358,2358,2358,100.0,0.0,0.0,0.0,0.0,0.00031769173148923013,0.0003176917314893855,8.329,,ok,excellent,13997,2358,2358,2358,100.0,0.0,0.0,0.0,0.0,0.00031769173148923013,0.0003176917314893855,9.974,,ok,strong,2349,2346,2345,2345,100.0,0.00042625745950554135,0.0,0.0,0.0,4.2932136636595795e-09,4.293213976031993e-09,2.18,,ok,excellent,13997,2358,2358,2358,100.0,0.0,0.0,0.0,0.0,0.00031769173148923013,0.0003176917314893855,13.02,,ok,strong,2349,2346,2345,2345,100.0,0.00042625745950554135,0.0,0.0,0.0,4.2932136636595795e-09,4.293213976031993e-09,2.599,,not_run_quota,,,,,,,,,,,,,,
B,eth-corpus,matrix-covariance-eigen-pca-01,,plain,strict,2851,False,ok,,0.056,1.738,True,0,0,0,0,0,0,0,0,0,0,1,1,0,ok,excellent,2851,2851,2851,2851,100.0,0.0,0.0,0.0,0.0,0.0,0.0,0.527,,ok,excellent,2851,2851,2851,2851,100.0,0.0,0.0,0.0,0.0,0.0,0.0,0.344,,ok,excellent,19100,2851,2851,2851,100.0,0.0,0.0,0.0,0.0,0.0079196984707181,0.0052155980502437424,1.623,,ok,excellent,19100,2851,2851,2851,100.0,0.0,0.0,0.0,0.0,0.0079196984707181,0.0052155980502437424,6.652,,ok,excellent,19100,2851,2851,2851,100.0,0.0,0.0,0.0,0.0,0.0079196984707181,0.0052155980502437424,8.138,,ok,excellent,3113,2851,2851,2851,100.0,0.0,0.0,0.0,0.0,0.0079196984707181,0.0052155980502437424,1.639,,ok,excellent,19100,2851,2851,2851,100.0,0.0,0.0,0.0,0.0,0.0079196984707181,0.0052155980502437424,11.114,,ok,excellent,3113,2851,2851,2851,100.0,0.0,0.0,0.0,0.0,0.0079196984707181,0.0052155980502437424,2.687,,not_run_quota,,,,,,,,,,,,,,
B,eth-corpus,matrix-eigen-covariance-01,,plain,strict,542,False,ok,,0.107,2.271,True,0,0,0,0,0,0,0,0,0,0,0,1,0,ok,excellent,542,542,542,542,100.0,0.0,0.0,0.0,0.0,4.1586251864490015e-08,2.1024466870138663e-08,0.779,,ok,excellent,541,540,540,540,100.0,0.0,0.0,0.0,0.0,4.209826245178359e-08,2.0921553041796967e-08,0.417,,ok,excellent,3265,542,542,542,100.0,0.0,0.0,0.0,0.0,0.006137080720391202,0.002482148535325857,0.3,,ok,excellent,3264,542,542,542,100.0,0.0,0.0,0.0,0.0,0.006137080720391202,0.002482148535325857,9.254,,ok,excellent,3264,542,542,542,100.0,0.0,0.0,0.0,0.0,0.006137080720391202,0.002482148535325857,9.242,,ok,excellent,540,540,540,540,100.0,0.0,0.0,0.0,0.0,4.209826245178359e-08,2.0921553041796967e-08,1.857,,ok,excellent,3264,542,542,542,100.0,0.0,0.0,0.0,0.0,0.006137080720391202,0.002482148535325857,10.533,,ok,excellent,540,540,540,540,100.0,0.0,0.0,0.0,0.0,4.209826245178359e-08,2.0921553041796967e-08,2.232,,not_run_quota,,,,,,,,,,,,,,
B,eth-corpus,matrix-eigen-rank-deficient-cov-01,,plain,strict,871,False,ok,,0.097,1.872,True,0,0,0,0,0,0,0,0,0,0,0,1,0,ok,excellent,871,871,871,871,100.0,0.0,0.0,0.0,0.0,0.0,0.0,0.579,,ok,excellent,870,869,869,869,100.0,0.0,0.0,0.0,0.0,0.0,0.0,0.203,,ok,excellent,5218,871,871,871,100.0,0.0,0.0,0.0,0.0,0.0,0.0,0.42,,ok,excellent,5217,871,871,871,100.0,0.0,0.0,0.0,0.0,0.0,0.0,4.761,,ok,excellent,5217,871,871,871,100.0,0.0,0.0,0.0,0.0,0.0,0.0,5.216,,ok,excellent,876,869,869,869,100.0,0.0,0.0,0.0,0.0,0.0,0.0,1.416,,ok,excellent,5217,871,871,871,100.0,0.0,0.0,0.0,0.0,0.0,0.0,8.581,,ok,excellent,876,869,869,869,100.0,0.0,0.0,0.0,0.0,0.0,0.0,1.994,,not_run_quota,,,,,,,,,,,,,,
B,eth-corpus,matrix-prism-factor-vote-01,,brackets,strict,1454,False,ok,,0.098,1.85,True,0,1,0,0,0,0,0,0,0,0,0,1,0,ok,excellent,1454,1453,1453,1453,100.0,0.0,0.0,0.0,0.0,6.06678695703768e-08,1.4682777796234428e-05,0.656,,ok,excellent,1450,1449,1449,1449,100.0,0.0,0.0,0.0,0.0,0.0008582480074654225,0.0008582480074659846,0.427,,ok,strong,8773,1453,1453,1453,100.0,0.0,0.0,0.0,0.27457731138090546,0.27453768991576394,0.2745376899157635,0.749,,ok,strong,8771,1453,1453,1453,100.0,0.0,0.0,0.0,0.27430777271592605,0.2742879112558141,0.27428791125581387,8.8,,ok,strong,8771,1453,1453,1453,100.0,0.0,0.0,0.0,0.27430777271592605,0.2742879112558141,0.27428791125581387,8.858,,ok,excellent,1453,1449,1449,1449,100.0,0.0,0.0,0.0,0.0,0.0003850703880443844,0.0003850703880450591,1.981,,ok,strong,8771,1453,1453,1453,100.0,0.0,0.0,0.0,0.2743073015286703,0.274291260339555,0.2742912603395553,10.763,,ok,excellent,1453,1449,1449,1449,100.0,0.0,0.0,0.0,0.0,0.0003798289740816896,0.00037982897408180195,2.071,,not_run_quota,,,,,,,,,,,,,,
B,eth-corpus,mtf-cascade-tuple-01,,brackets,strict,159,False,ok,,0.102,1.022,True,0,1,0,0,0,0,0,1,0,0,0,0,0,ok,excellent,159,159,159,159,100.0,0.0,0.0,0.0,0.0,9.765938822660347e-08,3.927036795418585e-08,1.04,,ok,excellent,159,159,159,159,100.0,0.0,0.0,0.0,0.0,9.765938822660347e-08,3.927036795418585e-08,0.353,,ok,excellent,887,159,159,159,100.0,0.0,0.0,0.0,0.0,0.0626270320770202,0.025183309364795247,0.22,,ok,excellent,885,159,159,159,100.0,0.0,0.0,0.0,0.0,0.01621189467390711,0.006519056474852117,165.646,,ok,excellent,885,159,159,159,100.0,0.0,0.0,0.0,0.0,0.01621189467390711,0.006519056474852117,175.838,,ok,excellent,159,159,159,159,100.0,0.0,0.0,0.0,0.0,0.01621189467390711,0.006519056474852117,30.979,,run_error,,,,,,,,,,,,,0.647,ValueError: No OHLCV data found for security context,run_error,,,,,,,,,,,,,0.802,ValueError: No OHLCV data found for security context,not_run_quota,,,,,,,,,,,,,,
B,eth-corpus,mtf-daily-array-median-percentrank-01,,security,strict,362,False,ok,,0.095,1.244,True,0,0,0,0,0,0,0,1,0,0,1,1,0,ok,excellent,362,362,362,362,100.0,0.0,0.0,0.0,0.0,0.0,0.0,0.237,,ok,strong,363,363,362,362,100.0,0.0027548209366391185,0.0,0.0,0.0,0.0,0.0,0.405,,ok,excellent,386,362,362,362,100.0,0.0,0.0,0.0,0.0,0.0066527517239557965,0.00634986281471913,0.165,,ok,weak,315,48,332,32,9.64,0.8554216867469879,0.0,0.15252963114029844,123.36542389565672,4.0099784637473075,4.872952633908809,12.408,,run_error,,,,,,,,,,,,,0.712,ValueError: No OHLCV data found for security context,run_error,,,,,,,,,,,,,0.995,ValueError: No OHLCV data found for security context,run_error,,,,,,,,,,,,,0.564,ValueError: No OHLCV data found for security context,run_error,,,,,,,,,,,,,0.569,ValueError: No OHLCV data found for security context,not_run_quota,,,,,,,,,,,,,,
B,eth-corpus,mtf-daily-ema26-warmup-01,,security,strict,31,False,ok,,0.089,1.5,True,0,0,0,0,0,0,0,1,0,0,0,0,0,ok,excellent,31,31,31,31,100.0,0.0,0.0,0.0,0.0,0.0,0.0,0.501,,ok,excellent,31,31,31,31,100.0,0.0,0.0,0.0,0.0,0.0,0.0,0.342,,ok,excellent,224,30,30,30,100.0,0.0,0.0,0.0,0.0,0.02191429823674185,0.01991901061617589,0.426,,ok,weak,22,1,1,1,100.0,0.0,0.0,0.25791319954315545,1.0,1.0,1.0,11.897,,run_error,,,,,,,,,,,,,1.253,ValueError: No OHLCV data found for security context,run_error,,,,,,,,,,,,,0.728,ValueError: No OHLCV data found for security context,run_error,,,,,,,,,,,,,0.559,ValueError: No OHLCV data found for security context,run_error,,,,,,,,,,,,,0.56,ValueError: No OHLCV data found for security context,not_run_quota,,,,,,,,,,,,,,
B,eth-corpus,mtf-daily-prev-high-break-01,,security,strict,147,False,ok,,0.105,1.945,True,0,0,0,0,0,0,0,1,0,0,0,0,0,ok,excellent,147,147,147,147,100.0,0.0,0.0,0.0,0.0,0.0,0.0,0.821,,ok,excellent,147,147,147,147,100.0,0.0,0.0,0.0,0.0,0.0,0.0,0.525,,ok,excellent,1015,147,147,147,100.0,0.0,0.0,0.0,0.0,0.0,0.0,0.363,,ok,weak,452,51,134,5,3.73,0.6194029850746269,0.0,0.023429183361345574,1.0384538367575153,0.5970741117839344,0.49746487595309064,11.377,,run_error,,,,,,,,,,,,,0.752,ValueError: No OHLCV data found for security context,run_error,,,,,,,,,,,,,0.806,ValueError: No OHLCV data found for security context,run_error,,,,,,,,,,,,,0.523,ValueError: No OHLCV data found for security context,run_error,,,,,,,,,,,,,0.566,ValueError: No OHLCV data found for security context,not_run_quota,,,,,,,,,,,,,,
B,eth-corpus,mtf-dual-tf-60-240-rising-01,,security,strict,736,False,ok,,0.044,1.067,True,0,0,0,0,0,0,0,1,0,0,0,0,0,ok,excellent,736,736,736,736,100.0,0.0,0.0,0.0,0.0,0.0,0.0,0.801,,ok,excellent,736,736,736,736,100.0,0.0,0.0,0.0,0.0,0.0,0.0,0.428,,ok,excellent,4609,736,736,736,100.0,0.0,0.0,0.0,0.0,0.0,0.0,0.709,,timeout,,,,,,,,,,,,,600.111,,timeout,,,,,,,,,,,,,600.108,,ok,excellent,803,736,736,736,100.0,0.0,0.0,0.0,0.0,0.0,0.0,140.316,,run_error,,,,,,,,,,,,,0.492,ValueError: No OHLCV data found for security context,run_error,,,,,,,,,,,,,0.733,ValueError: No OHLCV data found for security context,not_run_quota,,,,,,,,,,,,,,
B,eth-corpus,mtf-htf-60-close-change-baseline-01,,security,strict,8779,False,ok,,0.116,1.641,True,0,0,0,0,0,0,0,1,0,0,0,0,0,ok,excellent,8779,8779,8779,8779,100.0,0.0,0.0,0.0,0.0,0.0,0.0,0.793,,ok,excellent,8779,8779,8779,8779,100.0,0.0,0.0,0.0,0.0,0.0,0.0,0.534,,ok,strong,55521,8781,8779,8779,100.0,0.0002277644915157727,0.0,0.0,0.0,0.0,0.0,1.006,,timeout,,,,,,,,,,,,,600.109,,timeout,,,,,,,,,,,,,600.108,,ok,strong,9562,8781,8779,8779,100.0,0.0002277644915157727,0.0,0.0,0.0,0.0,0.0,117.645,,run_error,,,,,,,,,,,,,0.407,ValueError: No OHLCV data found for security context,run_error,,,,,,,,,,,,,0.6,ValueError: No OHLCV data found for security context,not_run_quota,,,,,,,,,,,,,,
B,eth-corpus,mtf-htf-60-close-roll-01,,security,strict,8779,False,ok,,0.09,2.455,True,0,0,0,0,0,0,0,1,0,0,0,0,0,ok,excellent,8779,8779,8779,8779,100.0,0.0,0.0,0.0,0.0,0.0,0.0,1.1,,ok,excellent,8779,8779,8779,8779,100.0,0.0,0.0,0.0,0.0,0.0,0.0,0.752,,ok,strong,55521,8781,8779,8779,100.0,0.0002277644915157727,0.0,0.0,0.0,0.0,0.0,1.391,,timeout,,,,,,,,,,,,,600.1,,timeout,,,,,,,,,,,,,600.107,,ok,strong,9562,8781,8779,8779,100.0,0.0002277644915157727,0.0,0.0,0.0,0.0,0.0,117.806,,run_error,,,,,,,,,,,,,0.606,ValueError: No OHLCV data found for security context,run_error,,,,,,,,,,,,,0.552,ValueError: No OHLCV data found for security context,not_run_quota,,,,,,,,,,,,,,
B,eth-corpus,mtf-htf-60-gaps-on-roll-01,,security,strict,2247,False,ok,,0.089,1.433,True,0,0,0,0,0,0,0,1,0,0,1,0,0,ok,excellent,2247,2247,2247,2247,100.0,0.0,0.0,0.0,0.0,0.0,0.0,1.139,,ok,excellent,2240,2240,2240,2240,100.0,0.0,0.0,0.0,0.0,0.0,0.0,0.458,,ok,excellent,14711,2247,2247,2247,100.0,0.0,0.0,0.0,0.0,0.004519272525972598,0.004425978201940417,0.794,,timeout,,,,,,,,,,,,,600.051,,timeout,,,,,,,,,,,,,600.046,,ok,excellent,2457,2240,2240,2240,100.0,0.0,0.0,0.0,0.0,0.00450379755263558,0.00441113450466723,117.514,,run_error,,,,,,,,,,,,,0.601,ValueError: No OHLCV data found for security context,run_error,,,,,,,,,,,,,0.688,ValueError: No OHLCV data found for security context,not_run_quota,,,,,,,,,,,,,,
B,eth-corpus,mtf-htf-60-rsi14-inside-security-01,,security,strict,496,False,ok,,0.081,0.974,True,0,0,0,0,0,0,0,1,0,0,0,0,0,ok,excellent,496,496,496,496,100.0,0.0,0.0,0.0,0.0,0.0,0.0,0.338,,ok,excellent,496,496,496,496,100.0,0.0,0.0,0.0,0.0,0.0,0.0,0.357,,ok,excellent,3170,496,496,496,100.0,0.0,0.0,0.0,0.0,0.003997390824399177,0.0028886247809359095,0.735,,timeout,,,,,,,,,,,,,600.102,,timeout,,,,,,,,,,,,,600.108,,ok,excellent,547,496,496,496,100.0,0.0,0.0,0.0,0.0,0.003997390824399177,0.0028886247809359095,117.906,,run_error,,,,,,,,,,,,,0.403,ValueError: No OHLCV data found for security context,run_error,,,,,,,,,,,,,0.457,ValueError: No OHLCV data found for security context,not_run_quota,,,,,,,,,,,,,,
B,eth-corpus,mtf-htf-60-sma20-inside-security-01,,security,strict,540,False,ok,,0.109,1.205,True,0,0,0,0,0,0,0,1,0,0,0,0,0,ok,excellent,540,540,540,540,100.0,0.0,0.0,0.0,0.0,0.0,0.0,0.509,,ok,excellent,540,540,540,540,100.0,0.0,0.0,0.0,0.0,0.0,0.0,0.216,,ok,excellent,3373,540,540,540,100.0,0.0,0.0,0.0,0.0,0.00417922279279336,0.0025550748704645018,0.658,,timeout,,,,,,,,,,,,,600.107,,timeout,,,,,,,,,,,,,600.108,,ok,excellent,593,540,540,540,100.0,0.0,0.0,0.0,0.0,0.00417922279279336,0.0025550748704645018,118.617,,run_error,,,,,,,,,,,,,0.576,ValueError: No OHLCV data found for security context,run_error,,,,,,,,,,,,,0.529,ValueError: No OHLCV data found for security context,not_run_quota,,,,,,,,,,,,,,
B,eth-corpus,mtf-htf-60-volume-spike-01,,security,strict,584,False,ok,,0.12,1.421,True,0,0,0,0,0,0,0,1,0,0,0,0,0,ok,excellent,584,584,584,584,100.0,0.0,0.0,0.0,0.0,0.0,0.0,1.509,,ok,excellent,584,584,584,584,100.0,0.0,0.0,0.0,0.0,0.0,0.0,0.41,,ok,excellent,3526,584,584,584,100.0,0.0,0.0,0.0,0.0,0.0,0.0,0.262,,timeout,,,,,,,,,,,,,600.074,,timeout,,,,,,,,,,,,,600.088,,ok,excellent,649,584,584,584,100.0,0.0,0.0,0.0,0.0,0.0,0.0,119.189,,run_error,,,,,,,,,,,,,0.507,ValueError: No OHLCV data found for security context,run_error,,,,,,,,,,,,,0.409,ValueError: No OHLCV data found for security context,not_run_quota,,,,,,,,,,,,,,
B,eth-corpus,mtf-htf-confluence-manual-trail-01,,brackets,strict,345,False,ok,,0.097,1.111,True,0,1,0,0,0,0,0,1,0,0,1,0,0,ok,excellent,345,345,345,345,100.0,0.0,0.0,0.0,0.0,2.2548931180641528e-05,6.696667738132171e-06,0.752,,ok,excellent,344,344,344,344,100.0,0.0,0.0,0.0,0.0,0.0,0.0,0.387,,ok,excellent,2199,345,345,345,100.0,0.0,0.0,0.0,0.0,2.2548931180641528e-05,6.696667738132171e-06,0.426,,timeout,,,,,,,,,,,,,600.091,,timeout,,,,,,,,,,,,,600.11,,ok,excellent,348,343,343,343,100.0,0.0,0.0,0.0,0.0,0.0,0.0,119.214,,run_error,,,,,,,,,,,,,0.877,ValueError: Invalid timeframe: None,run_error,,,,,,,,,,,,,0.469,ValueError: Invalid timeframe: None,not_run_quota,,,,,,,,,,,,,,
B,eth-corpus,mtf-htf-confluence-static-bracket-01,,brackets,strict,283,False,ok,,0.111,1.188,True,0,1,0,0,0,0,0,1,0,0,1,0,0,ok,excellent,283,283,283,283,100.0,0.0,0.0,0.0,0.0,1.900851581506787e-05,5.75010062688648e-06,0.555,,ok,excellent,282,282,282,282,100.0,0.0,0.0,0.0,0.0,0.00010154552285792028,2.9318463009001876e-05,0.34,,ok,excellent,1839,283,283,283,100.0,0.0,0.0,0.0,0.0,1.900851581506787e-05,5.75010062688648e-06,0.415,,timeout,,,,,,,,,,,,,600.028,,timeout,,,,,,,,,,,,,600.024,,ok,excellent,286,281,281,281,100.0,0.0,0.0,0.0,0.0,0.0,0.0,119.191,,run_error,,,,,,,,,,,,,0.515,ValueError: Invalid timeframe: None,run_error,,,,,,,,,,,,,0.508,ValueError: Invalid timeframe: None,not_run_quota,,,,,,,,,,,,,,
B,eth-corpus,mtf-htf-weekly-sma-cross-01,,security,strict,102,False,ok,,0.06,1.736,True,0,0,0,0,0,0,0,1,0,0,0,0,0,ok,excellent,102,102,102,102,100.0,0.0,0.0,0.0,0.0,0.0,0.0,0.303,,ok,excellent,102,102,102,102,100.0,0.0,0.0,0.0,0.0,0.0,0.0,0.327,,ok,excellent,930,102,102,102,100.0,0.0,0.0,0.0,0.0,0.03573115280798947,0.035731152807989476,0.403,,ok,weak,897,102,92,16,17.39,0.09803921568627451,0.0,0.04758865461318365,1.2794683385040844,0.062387398160105856,0.21042394094481914,12.028,,run_error,,,,,,,,,,,,,0.595,ValueError: No OHLCV data found for security context,run_error,,,,,,,,,,,,,0.623,ValueError: No OHLCV data found for security context,run_error,,,,,,,,,,,,,0.386,ValueError: No OHLCV data found for security context,run_error,,,,,,,,,,,,,0.546,ValueError: No OHLCV data found for security context,not_run_quota,,,,,,,,,,,,,,
B,eth-corpus,mtf-orbit-trend-01,,brackets,strict,289,False,ok,,0.089,1.066,True,0,1,0,0,0,0,0,1,0,0,0,0,0,ok,excellent,289,289,289,288,99.65,0.0,0.0,0.0,0.0,3.900220805436126e-05,4.452426530538491e-05,0.615,,ok,excellent,289,289,289,288,99.65,0.0,0.0,0.0,0.0,0.01198859104187753,0.00871960087960541,0.398,,ok,strong,1608,289,289,288,99.65,0.0,0.0,0.0,0.13659451133762787,0.04771339866638502,0.1366038456955456,0.29,,timeout,,,,,,,,,,,,,600.102,,timeout,,,,,,,,,,,,,600.046,,ok,excellent,288,287,287,287,100.0,0.0,0.0,0.0,0.0,0.008857529978585205,0.005808649896167898,119.223,,run_error,,,,,,,,,,,,,0.638,ValueError: No OHLCV data found for security context,run_error,,,,,,,,,,,,,0.681,ValueError: No OHLCV data found for security context,not_run_quota,,,,,,,,,,,,,,
B,eth-corpus,mtf-rangefinder-daily-reference-01,,security,strict,109,False,ok,,0.088,1.314,True,0,0,0,0,0,0,0,1,0,0,0,0,0,ok,excellent,109,109,109,109,100.0,0.0,0.0,0.0,0.0,7.329727173591788e-08,4.9545385460959775e-08,0.655,,ok,excellent,108,108,108,108,100.0,0.0,0.0,0.0,0.0,6.954582017906458e-08,4.780240162143692e-08,0.462,,ok,excellent,658,108,108,108,100.0,0.0,0.0,0.0,0.0,0.004195126606099849,0.0028835252032673652,0.344,,ok,weak,241,10,22,2,9.09,0.5454545454545454,0.0,0.014856247129179085,0.3175024439516916,0.4132484544787828,0.4132484544787828,14.413,,run_error,,,,,,,,,,,,,0.631,ValueError: No OHLCV data found for security context,run_error,,,,,,,,,,,,,0.776,ValueError: No OHLCV data found for security context,run_error,,,,,,,,,,,,,0.853,ValueError: No OHLCV data found for security context,run_error,,,,,,,,,,,,,0.516,ValueError: No OHLCV data found for security context,not_run_quota,,,,,,,,,,,,,,
B,eth-corpus,mtf-roll-state-60-240-d-minimal-01,,security,strict,2938,False,ok,,0.051,1.543,True,0,0,0,0,0,0,0,1,0,0,0,0,0,ok,excellent,2938,2938,2938,2938,100.0,0.0,0.0,0.0,0.0,0.0,0.0,0.704,,ok,excellent,2936,2935,2935,2935,100.0,0.0,0.0,0.0,0.0,0.020862963531936146,0.020396496259834928,0.34,,ok,excellent,3196,2938,2938,2938,100.0,0.0,0.0,0.0,0.0,0.0044124455530673064,0.004318296353490073,0.604,,timeout,,,,,,,,,,,,,600.053,,run_error,,,,,,,,,,,,,0.707,ValueError: No OHLCV data found for security context,run_error,,,,,,,,,,,,,0.665,ValueError: No OHLCV data found for security context,run_error,,,,,,,,,,,,,0.76,ValueError: No OHLCV data found for security context,run_error,,,,,,,,,,,,,0.561,ValueError: No OHLCV data found for security context,not_run_quota,,,,,,,,,,,,,,
B,eth-corpus,mtf-triple-tf-close-confluence-01,,security,strict,48,False,ok,,0.088,1.587,True,0,0,0,0,0,0,0,1,0,0,0,0,0,ok,excellent,48,48,48,48,100.0,0.0,0.0,0.0,0.0,0.0,0.0,0.858,,ok,excellent,48,48,48,48,100.0,0.0,0.0,0.0,0.0,0.0,0.0,0.334,,ok,excellent,448,47,47,47,100.0,0.0,0.0,0.0,0.0,0.0537044250085573,0.041913464815718934,0.303,,timeout,,,,,,,,,,,,,600.031,,run_error,,,,,,,,,,,,,0.577,ValueError: No OHLCV data found for security context,run_error,,,,,,,,,,,,,0.63,ValueError: No OHLCV data found for security context,run_error,,,,,,,,,,,,,0.524,ValueError: No OHLCV data found for security context,run_error,,,,,,,,,,,,,0.446,ValueError: No OHLCV data found for security context,not_run_quota,,,,,,,,,,,,,,
B,eth-corpus,mtf-triple-tf-macd-hist-confluence-01,,security,strict,24,False,ok,,0.062,1.379,True,0,0,0,0,0,0,0,1,0,0,0,0,0,ok,excellent,24,24,24,23,95.83,0.0,0.0,0.0,0.0,0.022779549942495068,0.014161220043572988,0.541,,ok,excellent,24,24,24,23,95.83,0.0,0.0,0.0,0.0,0.022779549942495068,0.014161220043572988,0.402,,ok,moderate,157,22,22,22,100.0,0.0,0.0,0.0,0.0,0.0030521181080735574,0.002128457394433604,0.276,,timeout,,,,,,,,,,,,,600.097,,run_error,,,,,,,,,,,,,0.583,ValueError: No OHLCV data found for security context,run_error,,,,,,,,,,,,,0.617,ValueError: No OHLCV data found for security context,run_error,,,,,,,,,,,,,0.523,ValueError: No OHLCV data found for security context,run_error,,,,,,,,,,,,,0.488,ValueError: No OHLCV data found for security context,not_run_quota,,,,,,,,,,,,,,
B,eth-corpus,na-deep-history-int-na-01,,plain,strict,106,False,ok,,0.146,0.825,True,0,0,0,0,0,0,0,0,0,0,0,0,0,ok,excellent,106,106,106,106,100.0,0.0,0.0,0.0,0.0,0.0,0.0,0.616,,ok,excellent,106,106,106,106,100.0,0.0,0.0,0.0,0.0,0.11100062150403986,0.021531561942421795,0.359,,ok,excellent,534,106,106,106,100.0,0.0,0.0,0.0,0.0,0.0,0.0,0.45,,ok,excellent,534,106,106,106,100.0,0.0,0.0,0.0,0.0,0.0,0.0,2.688,,ok,excellent,534,106,106,106,100.0,0.0,0.0,0.0,0.0,0.0,0.0,3.067,,ok,excellent,106,106,106,106,100.0,0.0,0.0,0.0,0.0,0.11100062150403986,0.021531561942421795,0.752,,ok,excellent,534,106,106,106,100.0,0.0,0.0,0.0,0.0,0.0,0.0,7.115,,ok,excellent,106,106,106,106,100.0,0.0,0.0,0.0,0.0,0.11100062150403986,0.021531561942421795,1.357,,not_run_quota,,,,,,,,,,,,,,
B,eth-corpus,na-ledger-history-anchor-01,,brackets,strict,228,False,ok,,0.051,1.122,True,0,1,0,0,0,0,0,0,0,0,1,0,0,ok,excellent,228,228,228,228,100.0,0.0,0.0,0.0,0.0,1.1537595195708462e-08,1.8500286170693364e-08,0.982,,ok,excellent,228,228,228,228,100.0,0.0,0.0,0.0,0.0,1.1537595195708462e-08,1.8500286170693364e-08,0.404,,ok,strong,1401,228,228,228,100.0,0.0,0.0,0.0,0.08303652845112368,0.08299123505064972,0.08299542392809166,0.252,,ok,strong,1401,228,228,228,100.0,0.0,0.0,0.0,0.08303652845112368,0.08299123505064972,0.08299542392809166,7.015,,ok,strong,1401,228,228,228,100.0,0.0,0.0,0.0,0.08303652845112368,0.08299123505064972,0.08299542392809166,5.924,,ok,excellent,228,228,228,228,100.0,0.0,0.0,0.0,0.0,1.1537595195708462e-08,1.8500286170693364e-08,1.151,,ok,strong,1401,228,228,228,100.0,0.0,0.0,0.0,0.08303720080846405,0.0830078784322674,0.08300612445605678,7.841,,ok,excellent,228,228,228,228,100.0,0.0,0.0,0.0,0.0,2.0979514340199707e-05,1.696373270398989e-05,1.675,,not_run_quota,,,,,,,,,,,,,,
B,eth-corpus,na-nz-fixnan-history-chain-01,,plain,strict,3094,False,ok,,0.206,1.504,True,0,0,0,0,0,0,0,0,0,0,0,0,0,ok,excellent,3093,3093,3093,3093,100.0,0.0,0.0,0.0,0.0,0.0,0.0,1.312,,ok,excellent,3085,3085,3085,3085,100.0,0.0,0.0,0.0,0.0,0.0,0.0,0.52,,ok,excellent,19572,3093,3093,3093,100.0,0.0,0.0,0.0,0.0,0.004777286637198332,0.0014041504889542122,0.714,,ok,excellent,19572,3093,3093,3093,100.0,0.0,0.0,0.0,0.0,0.004777286637198332,0.0014041504889542122,3.555,,ok,excellent,19572,3093,3093,3093,100.0,0.0,0.0,0.0,0.0,0.004777286637198332,0.0014041504889542122,4.194,,ok,excellent,3375,3085,3085,3085,100.0,0.0,0.0,0.0,0.0,0.004845495930473075,0.0014099842944810198,0.896,,ok,excellent,19572,3093,3093,3093,100.0,0.0,0.0,0.0,0.0,0.004777286637198332,0.0014041504889542122,6.433,,ok,excellent,3375,3085,3085,3085,100.0,0.0,0.0,0.0,0.0,0.004845495930473075,0.0014099842944810198,1.311,,not_run_quota,,,,,,,,,,,,,,
B,eth-corpus,oca-exit-bracket-internal-cancel-01,,brackets,strict,421,False,ok,,0.089,1.056,True,0,1,0,0,0,0,0,0,0,0,0,0,0,ok,excellent,421,421,421,421,100.0,0.0,0.0,0.0,0.0,0.0,0.0,0.88,,ok,excellent,421,421,421,421,100.0,0.0,0.0,0.0,0.0,0.0,0.0,0.249,,ok,excellent,2517,421,421,421,100.0,0.0,0.0,0.0,0.0,0.0,0.0,0.615,,ok,excellent,2517,421,421,421,100.0,0.0,0.0,0.0,0.0,0.0,0.0,2.104,,ok,excellent,2517,421,421,421,100.0,0.0,0.0,0.0,0.0,0.0,0.0,2.537,,ok,excellent,422,421,421,421,100.0,0.0,0.0,0.0,0.0,0.0,0.0,0.634,,ok,excellent,2517,421,421,421,100.0,0.0,0.0,0.0,0.0,0.0,0.0,5.474,,ok,excellent,422,421,421,421,100.0,0.0,0.0,0.0,0.0,0.0,0.0,1.316,,not_run_quota,,,,,,,,,,,,,,
B,eth-corpus,oca-multi-bracket-isolation-01,,brackets,strict,1244,False,ok,,0.054,1.022,True,0,1,0,0,0,0,0,0,0,0,0,0,0,ok,excellent,622,622,622,622,100.0,0.0,0.0,0.0,0.0,0.00047903766655426754,0.00021708193637087498,0.572,,ok,excellent,620,620,620,620,100.0,0.0,0.0,0.0,0.0,6.512112529298584e-05,3.352442254188651e-05,0.362,,ok,excellent,3669,622,622,622,100.0,0.0,0.0,0.0,0.0,0.00047903766655426754,0.00021708193637087498,0.506,,ok,excellent,3669,622,622,622,100.0,0.0,0.0,0.0,0.0,0.00047903766655426754,0.00021708193637087498,3.062,,ok,excellent,3669,622,622,622,100.0,0.0,0.0,0.0,0.0,0.00047903766655426754,0.00021708193637087498,3.472,,ok,excellent,623,620,620,620,100.0,0.0,0.0,0.0,0.0,6.512112529298584e-05,3.352442254188651e-05,0.785,,ok,moderate,4200,707,622,622,100.0,0.12022630834512023,0.0,0.006626850970851356,3.4833793536542688,0.1807391373773577,0.5871664375246227,6.273,,ok,moderate,708,705,620,620,100.0,0.12056737588652482,0.0,0.006635560136303037,3.4881585076495334,0.1421431362333942,0.599869254752087,1.571,,not_run_quota,,,,,,,,,,,,,,
B,eth-corpus,oca-raw-strategy-order-reduce-01,,plain,strict,366,False,ok,,0.122,1.297,True,0,0,0,0,0,0,0,0,0,0,0,0,0,ok,excellent,366,366,366,366,100.0,0.0,0.0,0.0,0.0,0.0,0.0,0.384,,ok,excellent,365,365,365,365,100.0,0.0,0.0,0.0,0.0,0.0,0.0,0.381,,ok,minimal,1198,1198,366,0,0.0,0.6944908180300501,0.0,0.0,0.0,,,0.373,,ok,minimal,1197,1197,366,0,0.0,0.6942355889724311,0.0,0.0,0.0,,,1.913,,ok,minimal,1197,1197,366,0,0.0,0.6942355889724311,0.0,0.0,0.0,,,2.165,,ok,excellent,399,365,365,365,100.0,0.0,0.0,5.091263051848827e-06,0.0,0.0005526342231303228,0.000565110921130617,0.519,,ok,minimal,1197,1197,366,0,0.0,0.6942355889724311,0.0,0.0,0.0,,,4.273,,ok,excellent,399,365,365,365,100.0,0.0,0.0,5.091263051848827e-06,0.0,0.0005526342231303228,0.000565110921130617,0.877,,not_run_quota,,,,,,,,,,,,,,
B,eth-corpus,order-close-all-cancel-all-01,,plain,strict,732,False,ok,,0.083,0.838,True,0,0,0,1,0,0,0,0,0,0,0,0,0,ok,excellent,732,732,732,732,100.0,0.0,0.0,0.0,0.0,0.0,0.0,1.023,,ok,excellent,730,730,730,730,100.0,0.0,0.0,0.0,0.0,0.0,0.0,0.382,,ok,excellent,4632,732,732,732,100.0,0.0,0.0,0.0,0.0,0.0,0.0,0.73,,ok,excellent,4632,732,732,732,100.0,0.0,0.0,0.0,0.0,0.0,0.0,2.178,,ok,excellent,4632,732,732,732,100.0,0.0,0.0,0.0,0.0,0.0,0.0,2.324,,ok,excellent,798,730,730,730,100.0,0.0,0.0,0.0,0.0,0.0,0.0,0.588,,ok,excellent,4632,732,732,732,100.0,0.0,0.0,0.0,0.0,0.0,0.0,3.081,,ok,excellent,798,730,730,730,100.0,0.0,0.0,0.0,0.0,0.0,0.0,1.002,,not_run_quota,,,,,,,,,,,,,,
B,eth-corpus,order-close-immediate-vs-next-bar-01,,plain,strict,732,False,ok,,0.058,1.184,True,0,0,0,0,0,0,0,0,0,0,0,0,0,ok,excellent,732,732,732,732,100.0,0.0,0.0,0.0,0.0,0.0,0.0,0.415,,ok,excellent,730,730,730,730,100.0,0.0,0.0,0.0,0.0,0.0,0.0,0.245,,ok,excellent,4632,732,732,732,100.0,0.0,0.0,0.0,0.0,0.0,0.0,0.839,,ok,excellent,4632,732,732,732,100.0,0.0,0.0,0.0,0.0,0.0,0.0,2.27,,ok,excellent,4632,732,732,732,100.0,0.0,0.0,0.0,0.0,0.0,0.0,2.21,,ok,excellent,798,730,730,730,100.0,0.0,0.0,0.0,0.0,0.0,0.0,0.542,,ok,excellent,4632,732,732,732,100.0,0.0,0.0,0.0,0.0,0.0,0.0,4.151,,ok,excellent,798,730,730,730,100.0,0.0,0.0,0.0,0.0,0.0,0.0,0.901,,not_run_quota,,,,,,,,,,,,,,
B,eth-corpus,order-cross-entry-cancel-same-pass-01,,plain,strict,495,False,ok,,0.084,1.423,True,0,0,0,0,0,0,0,0,0,0,0,0,0,ok,excellent,495,495,495,495,100.0,0.0,0.0,0.0,0.0,0.0,0.0,0.623,,ok,excellent,493,493,493,493,100.0,0.0,0.0,0.0,0.0,0.0,0.0,0.491,,ok,excellent,3220,495,495,495,100.0,0.0,0.0,0.0,0.0,0.11136741591116367,0.049916445256615226,0.34,,ok,excellent,3220,495,495,495,100.0,0.0,0.0,0.0,0.0,0.11136741591116367,0.049916445256615226,2.49,,ok,excellent,3220,495,495,495,100.0,0.0,0.0,0.0,0.0,0.11136741591116367,0.049916445256615226,2.372,,ok,excellent,543,493,493,493,100.0,0.0,0.0,0.0,0.0,0.10939270188380973,0.05032361282815793,0.618,,ok,excellent,3220,495,495,495,100.0,0.0,0.0,0.0,0.0,0.11136741591116367,0.049916445256615226,4.613,,ok,excellent,543,493,493,493,100.0,0.0,0.0,0.0,0.0,0.10939270188380973,0.05032361282815793,0.9,,not_run_quota,,,,,,,,,,,,,,
B,eth-corpus,order-cross-entry-close-same-pass-01,,plain,strict,732,False,ok,,0.114,1.333,False,0,0,0,0,0,0,0,0,0,0,0,0,0,ok,excellent,732,732,732,732,100.0,0.0,0.0,0.0,0.0,0.0,0.0,1.073,,ok,excellent,730,730,730,730,100.0,0.0,0.0,0.0,0.0,0.0,0.0,0.626,,ok,excellent,4632,732,732,732,100.0,0.0,0.0,0.0,0.0,0.0,0.0,0.289,,not_run_quota,,,,,,,,,,,,,,,not_run_quota,,,,,,,,,,,,,,,not_run_quota,,,,,,,,,,,,,,,not_run_quota,,,,,,,,,,,,,,,not_run_quota,,,,,,,,,,,,,,,not_run_quota,,,,,,,,,,,,,,
B,eth-corpus,order-cross-exit-close-same-pass-01,,brackets,strict,732,False,ok,,0.107,1.023,False,0,1,0,0,0,0,0,0,0,0,0,0,0,ok,excellent,732,732,732,732,100.0,0.0,0.0,0.0,0.0,0.0,0.0,0.685,,ok,excellent,730,730,730,730,100.0,0.0,0.0,0.0,0.0,0.0,0.0,0.368,,ok,excellent,4632,732,732,732,100.0,0.0,0.0,0.0,0.0,0.0,0.0,0.836,,not_run_quota,,,,,,,,,,,,,,,not_run_quota,,,,,,,,,,,,,,,not_run_quota,,,,,,,,,,,,,,,not_run_quota,,,,,,,,,,,,,,,not_run_quota,,,,,,,,,,,,,,,not_run_quota,,,,,,,,,,,,,,
B,eth-corpus,order-crosscurrent-opposite-market-pair-01,,brackets,strict,885,False,ok,,0.095,0.92,False,0,1,0,0,0,0,0,0,0,0,0,0,0,ok,excellent,885,885,885,885,100.0,0.0,0.0,0.0,0.0,0.0005299852067410764,0.0002383905959556513,0.572,,ok,strong,884,884,883,883,100.0,0.0011312217194570137,0.0,0.0,0.0,0.004514159945754736,0.00262163865215105,0.482,,ok,strong,5244,884,884,884,100.0,0.0,0.0,0.0,0.24213709391629518,0.24202805748534287,0.2420880841359487,0.776,,not_run_quota,,,,,,,,,,,,,,,not_run_quota,,,,,,,,,,,,,,,not_run_quota,,,,,,,,,,,,,,,not_run_quota,,,,,,,,,,,,,,,not_run_quota,,,,,,,,,,,,,,,not_run_quota,,,,,,,,,,,,,,
B,eth-corpus,order-deferred-flip-guaranteed-gap-stops-01,,plain,strict,792,False,ok,,0.057,0.871,False,0,0,0,0,0,0,0,0,0,0,0,0,0,ok,excellent,792,792,792,792,100.0,0.0,0.0,0.0,0.0,0.0,0.0,1.239,,ok,excellent,790,790,790,790,100.0,0.0,0.0,0.0,0.0,0.0012505079369241792,0.01947981981216098,0.244,,ok,excellent,4632,792,792,792,100.0,0.0,0.0,0.0,0.0,0.022277379460203986,0.008426125131904872,0.475,,not_run_quota,,,,,,,,,,,,,,,not_run_quota,,,,,,,,,,,,,,,not_run_quota,,,,,,,,,,,,,,,not_run_quota,,,,,,,,,,,,,,,not_run_quota,,,,,,,,,,,,,,,not_run_quota,,,,,,,,,,,,,,
B,eth-corpus,order-deferred-flip-pooc-cross-bar-01,,plain,strict,792,False,ok,,0.088,1.498,False,0,0,0,0,0,1,0,0,0,0,0,0,0,ok,excellent,791,791,791,791,100.0,0.0,4.809611527781893e-06,0.0,0.0009345794392523316,0.0001631432084137284,9.028494520681193e-05,0.634,,ok,excellent,789,789,789,789,100.0,0.0,4.80067547860959e-06,0.0,0.0010254754100124765,0.001419217410466207,0.01949770402993413,0.216,,ok,excellent,4632,792,792,792,100.0,0.0,4.808494521635355e-06,0.0,0.000941714305848037,0.02210981490609676,0.008364924841483821,0.509,,not_run_quota,,,,,,,,,,,,,,,not_run_quota,,,,,,,,,,,,,,,not_run_quota,,,,,,,,,,,,,,,not_run_quota,,,,,,,,,,,,,,,not_run_quota,,,,,,,,,,,,,,,not_run_quota,,,,,,,,,,,,,,
B,eth-corpus,order-dual-four-bar-stop-no-close-01,,plain,strict,366,False,ok,,0.043,1.48,False,0,0,0,0,0,0,0,0,0,0,0,0,0,ok,excellent,366,366,366,366,100.0,0.0,0.0,0.0,0.0,0.0,0.0,0.655,,ok,excellent,365,365,365,365,100.0,0.0,0.0,0.0,0.0,0.0,0.0,0.445,,ok,excellent,2318,366,366,366,100.0,0.0,0.0,0.0,0.0,0.0,0.0,0.823,,not_run_quota,,,,,,,,,,,,,,,not_run_quota,,,,,,,,,,,,,,,not_run_quota,,,,,,,,,,,,,,,not_run_quota,,,,,,,,,,,,,,,not_run_quota,,,,,,,,,,,,,,,not_run_quota,,,,,,,,,,,,,,
B,eth-corpus,order-dual-side-same-id-stop-no-cancel-01,,plain,strict,689,False,ok,,0.078,1.009,False,0,0,0,0,0,0,0,0,0,0,0,0,0,ok,excellent,689,689,689,689,100.0,0.0,0.0,0.0,0.0,0.0,0.0,0.552,,ok,excellent,687,687,687,687,100.0,0.0,0.0,0.0,0.0,0.0,0.0,0.528,,ok,excellent,4400,689,689,689,100.0,0.0,0.0,0.0,0.0,0.0,0.0,0.413,,not_run_quota,,,,,,,,,,,,,,,not_run_quota,,,,,,,,,,,,,,,not_run_quota,,,,,,,,,,,,,,,not_run_quota,,,,,,,,,,,,,,,not_run_quota,,,,,,,,,,,,,,,not_run_quota,,,,,,,,,,,,,,
B,eth-corpus,order-dual-stop-both-touch-priority-01,,plain,strict,757,False,ok,,0.084,0.939,False,0,0,0,0,0,0,0,0,0,0,0,0,0,ok,excellent,757,757,757,757,100.0,0.0,0.0,0.0,0.0,0.08837769579031908,0.13075955420634616,0.656,,ok,excellent,755,755,755,755,100.0,0.0,0.0,0.0,0.0,0.08726154906917956,0.12928243239076173,0.344,,ok,excellent,4738,757,757,757,100.0,0.0,0.0,0.0,0.0,0.08837769579031908,0.13075955420634616,0.925,,not_run_quota,,,,,,,,,,,,,,,not_run_quota,,,,,,,,,,,,,,,not_run_quota,,,,,,,,,,,,,,,not_run_quota,,,,,,,,,,,,,,,not_run_quota,,,,,,,,,,,,,,,not_run_quota,,,,,,,,,,,,,,
B,eth-corpus,order-dual-stop-cancel-rotation-01,,plain,strict,792,False,ok,,0.044,0.888,False,0,0,0,0,0,0,0,0,0,0,0,0,0,ok,excellent,792,792,792,792,100.0,0.0,0.0,0.0,0.0,0.0,0.0,1.248,,ok,excellent,790,790,790,790,100.0,0.0,0.0,0.0,0.0,0.024828277880791574,0.01777399311664763,0.6,,ok,excellent,4632,792,792,792,100.0,0.0,0.0,0.0,0.0,2.9195460690409234e-06,2.0892092342554114e-06,0.262,,not_run_quota,,,,,,,,,,,,,,,not_run_quota,,,,,,,,,,,,,,,not_run_quota,,,,,,,,,,,,,,,not_run_quota,,,,,,,,,,,,,,,not_run_quota,,,,,,,,,,,,,,,not_run_quota,,,,,,,,,,,,,,
B,eth-corpus,order-dual-stop-far-only-01,,plain,strict,364,False,ok,,0.094,1.017,False,0,0,0,0,0,0,0,0,0,0,0,0,0,ok,excellent,364,364,364,364,100.0,0.0,0.0,0.0,0.0,0.039157986141022456,0.08338081225827669,0.468,,ok,excellent,363,363,363,363,100.0,0.0,0.0,0.0,0.0,0.0389603710903351,0.08297148574287157,0.272,,ok,excellent,2290,364,364,364,100.0,0.0,0.0,0.0,0.0,0.039157986141022456,0.08338081225827669,0.707,,not_run_quota,,,,,,,,,,,,,,,not_run_quota,,,,,,,,,,,,,,,not_run_quota,,,,,,,,,,,,,,,not_run_quota,,,,,,,,,,,,,,,not_run_quota,,,,,,,,,,,,,,,not_run_quota,,,,,,,,,,,,,,
B,eth-corpus,order-dual-stop-near-only-01,,plain,strict,365,False,ok,,0.088,1.683,False,0,0,0,0,0,0,0,0,0,0,0,0,0,ok,excellent,365,365,365,365,100.0,0.0,0.0,0.0,0.0,0.12294691740061893,0.07447812994436795,1.103,,ok,excellent,364,364,364,364,100.0,0.0,0.0,0.0,0.0,0.1265931372549019,0.07517450995543881,0.335,,ok,excellent,2313,365,365,365,100.0,0.0,0.0,0.0,0.0,0.12294691740061893,0.07447812994436795,0.291,,not_run_quota,,,,,,,,,,,,,,,not_run_quota,,,,,,,,,,,,,,,not_run_quota,,,,,,,,,,,,,,,not_run_quota,,,,,,,,,,,,,,,not_run_quota,,,,,,,,,,,,,,,not_run_quota,,,,,,,,,,,,,,
B,eth-corpus,order-dual-stop-open-high-first-path-01,,plain,strict,216,False,ok,,0.092,1.185,False,0,0,0,0,0,0,0,0,0,0,0,0,0,ok,excellent,216,216,216,216,100.0,0.0,0.0,0.0,0.0,0.6192823343848579,0.1018168852007331,0.547,,ok,excellent,215,215,215,215,100.0,0.0,0.0,0.0,0.0,0.6670205988532596,0.10063275931117367,0.519,,ok,excellent,1344,216,216,216,100.0,0.0,0.0,0.0,0.0,0.6192823343848579,0.1018168852007331,0.739,,not_run_quota,,,,,,,,,,,,,,,not_run_quota,,,,,,,,,,,,,,,not_run_quota,,,,,,,,,,,,,,,not_run_quota,,,,,,,,,,,,,,,not_run_quota,,,,,,,,,,,,,,,not_run_quota,,,,,,,,,,,,,,
B,eth-corpus,order-dual-stop-open-low-first-path-01,,plain,strict,189,False,ok,,0.048,0.827,False,0,0,0,0,0,0,0,0,0,0,0,0,0,ok,excellent,189,189,189,189,100.0,0.0,0.0,0.0,0.0,0.2961482073837132,0.06371447960773488,0.429,,ok,excellent,189,189,189,189,100.0,0.0,0.0,0.0,0.0,0.2961482073837132,0.06371447960773488,0.422,,ok,excellent,1245,189,189,189,100.0,0.0,0.0,0.0,0.0,0.2961482073837132,0.06371447960773488,0.421,,not_run_quota,,,,,,,,,,,,,,,not_run_quota,,,,,,,,,,,,,,,not_run_quota,,,,,,,,,,,,,,,not_run_quota,,,,,,,,,,,,,,,not_run_quota,,,,,,,,,,,,,,,not_run_quota,,,,,,,,,,,,,,
B,eth-corpus,order-dual-stop-open-tie-01,,plain,strict,732,False,ok,,0.06,1.383,False,0,0,0,0,0,0,0,0,0,0,0,0,0,ok,excellent,732,732,732,732,100.0,0.0,0.0,0.0,0.0,0.0,0.0,0.638,,ok,excellent,730,730,730,730,100.0,0.0,0.0,0.0,0.0,0.0,0.0,0.711,,ok,excellent,4630,732,732,732,100.0,0.0,0.0,0.0,0.0,0.0,0.0,0.854,,not_run_quota,,,,,,,,,,,,,,,not_run_quota,,,,,,,,,,,,,,,not_run_quota,,,,,,,,,,,,,,,not_run_quota,,,,,,,,,,,,,,,not_run_quota,,,,,,,,,,,,,,,not_run_quota,,,,,,,,,,,,,,
B,eth-corpus,order-dual-stop-source-order-long-first-01,,plain,strict,365,False,ok,,0.1,1.5,False,0,0,0,0,0,0,0,0,0,0,0,0,0,ok,excellent,365,365,365,365,100.0,0.0,0.0,0.0,0.0,0.12294691740061893,0.07447812994436795,1.077,,ok,excellent,364,364,364,364,100.0,0.0,0.0,0.0,0.0,0.1265931372549019,0.07517450995543881,0.471,,ok,excellent,2313,365,365,365,100.0,0.0,0.0,0.0,0.0,0.12294691740061893,0.07447812994436795,0.496,,not_run_quota,,,,,,,,,,,,,,,not_run_quota,,,,,,,,,,,,,,,not_run_quota,,,,,,,,,,,,,,,not_run_quota,,,,,,,,,,,,,,,not_run_quota,,,,,,,,,,,,,,,not_run_quota,,,,,,,,,,,,,,
B,eth-corpus,order-dual-stop-source-order-short-first-01,,plain,strict,365,False,ok,,0.116,0.802,False,0,0,0,0,0,0,0,0,0,0,0,0,0,ok,excellent,365,365,365,365,100.0,0.0,0.0,0.0,0.0,0.06625406649210512,0.021308630633389426,0.517,,ok,excellent,364,364,364,364,100.0,0.0,0.0,0.0,0.0,0.06821895424836596,0.021507869046699192,0.325,,ok,excellent,2313,365,365,365,100.0,0.0,0.0,0.0,0.0,0.06625406649210512,0.021308630633389426,0.233,,not_run_quota,,,,,,,,,,,,,,,not_run_quota,,,,,,,,,,,,,,,not_run_quota,,,,,,,,,,,,,,,not_run_quota,,,,,,,,,,,,,,,not_run_quota,,,,,,,,,,,,,,,not_run_quota,,,,,,,,,,,,,,
B,eth-corpus,order-entry-implicit-reversal-exit-01,,plain,strict,1098,False,ok,,0.103,0.838,False,0,0,0,0,0,0,0,0,0,0,0,0,0,ok,excellent,1098,1098,1098,1098,100.0,0.0,0.0,0.0,0.0,0.0,0.0,0.33,,ok,excellent,1095,1095,1095,1095,100.0,0.0,0.0,0.0,0.0,0.0,0.0,0.268,,ok,excellent,6945,1098,1098,1098,100.0,0.0,0.0,0.0,0.0,0.0,0.0,0.972,,not_run_quota,,,,,,,,,,,,,,,not_run_quota,,,,,,,,,,,,,,,not_run_quota,,,,,,,,,,,,,,,not_run_quota,,,,,,,,,,,,,,,not_run_quota,,,,,,,,,,,,,,,not_run_quota,,,,,,,,,,,,,,
B,eth-corpus,order-flashpoint-immediate-close-01,,plain,strict,705,False,ok,,0.07,1.122,False,0,0,0,0,0,0,0,0,0,0,0,0,0,ok,excellent,705,705,705,705,100.0,0.0,0.0,0.0,0.0,1.1842124367639357e-07,1.519274246116054e-08,0.777,,ok,excellent,703,702,702,702,100.0,0.0,0.0,0.0,0.0,1.1969717541899315e-07,1.5171993948487774e-08,0.428,,ok,excellent,4137,705,705,705,100.0,0.0,0.0,0.0,0.0,1.1842124367639357e-07,1.519274246116054e-08,0.319,,not_run_quota,,,,,,,,,,,,,,,not_run_quota,,,,,,,,,,,,,,,not_run_quota,,,,,,,,,,,,,,,not_run_quota,,,,,,,,,,,,,,,not_run_quota,,,,,,,,,,,,,,,not_run_quota,,,,,,,,,,,,,,
B,eth-corpus,order-flip-stop-no-paired-close-01,,plain,strict,724,False,ok,,0.088,1.042,False,0,0,0,0,0,0,0,0,0,0,0,0,0,ok,excellent,724,724,724,724,100.0,0.0,0.0,0.0,0.0,0.0,0.0,0.735,,ok,excellent,723,723,723,723,100.0,0.0,0.0,0.0,0.0,0.0,0.0,0.358,,ok,excellent,4293,723,723,723,100.0,0.0,0.0,0.0,0.0,0.0,0.0,0.907,,not_run_quota,,,,,,,,,,,,,,,not_run_quota,,,,,,,,,,,,,,,not_run_quota,,,,,,,,,,,,,,,not_run_quota,,,,,,,,,,,,,,,not_run_quota,,,,,,,,,,,,,,,not_run_quota,,,,,,,,,,,,,,
B,eth-corpus,order-harbor-stop-limit-01,,brackets,strict,471,False,ok,,0.064,1.654,False,0,1,0,0,0,0,0,0,0,0,1,0,0,ok,excellent,471,471,471,471,100.0,0.0,5.435521130583452e-06,5.111847217105725e-06,0.0003897713071311144,0.112076264273792,0.0014764639645573191,0.47,,ok,excellent,469,468,468,468,100.0,0.0,5.418822109305692e-06,5.111105205052604e-06,0.0002782980408379877,16.11164737734598,0.0012549791750868932,0.193,,ok,strong,2667,471,471,471,100.0,0.0,5.435521130583452e-06,5.131125922956608e-06,0.06203278449004393,0.8570993772347182,0.06259258962438387,0.407,,not_run_quota,,,,,,,,,,,,,,,not_run_quota,,,,,,,,,,,,,,,not_run_quota,,,,,,,,,,,,,,,not_run_quota,,,,,,,,,,,,,,,not_run_quota,,,,,,,,,,,,,,,not_run_quota,,,,,,,,,,,,,,
B,eth-corpus,order-horizon-next-bar-close-01,,brackets,strict,1144,False,ok,,0.083,1.948,False,0,1,0,0,0,0,0,0,0,0,1,0,0,ok,excellent,1144,1144,1144,1144,100.0,0.0,0.0,0.0,0.0,5.942843841258089e-10,7.617541346461941e-09,0.477,,ok,excellent,1142,1142,1142,1142,100.0,0.0,0.0,0.0,0.0,0.00046729724820952914,0.0004677793497492588,0.474,,ok,strong,6771,1144,1144,1144,100.0,0.0,0.0,0.0,0.21056097934482665,0.21052268263508372,0.2105234208322758,0.409,,not_run_quota,,,,,,,,,,,,,,,not_run_quota,,,,,,,,,,,,,,,not_run_quota,,,,,,,,,,,,,,,not_run_quota,,,,,,,,,,,,,,,not_run_quota,,,,,,,,,,,,,,,not_run_quota,,,,,,,,,,,,,,
B,eth-corpus,order-keystone-limit-replace-01,,brackets,strict,686,False,ok,,0.073,0.942,False,0,1,0,0,0,0,0,0,0,0,0,0,0,ok,excellent,686,686,686,686,100.0,0.0,0.0,0.0,0.0,0.0001408386772917865,0.00015150332188833393,0.617,,ok,excellent,685,684,684,684,100.0,0.0,0.0,0.0,0.0,0.0007335788165337617,0.0007333361631255248,0.247,,ok,strong,3980,686,686,686,100.0,0.0,0.0,0.0,0.1228639855743485,0.13091100346624054,0.13043485309515707,0.481,,not_run_quota,,,,,,,,,,,,,,,not_run_quota,,,,,,,,,,,,,,,not_run_quota,,,,,,,,,,,,,,,not_run_quota,,,,,,,,,,,,,,,not_run_quota,,,,,,,,,,,,,,,not_run_quota,,,,,,,,,,,,,,
B,eth-corpus,order-market-close-fill-basis-01,,plain,strict,732,False,ok,,0.081,0.861,False,0,0,0,0,0,0,0,0,0,0,0,0,0,ok,excellent,732,732,732,732,100.0,0.0,0.0,0.0,0.0,0.0,0.0,0.354,,ok,excellent,730,730,730,730,100.0,0.0,0.0,0.0,0.0,0.0,0.0,0.643,,ok,excellent,4631,732,732,732,100.0,0.0,0.0,0.0,0.0,0.0,0.0,0.559,,not_run_quota,,,,,,,,,,,,,,,not_run_quota,,,,,,,,,,,,,,,not_run_quota,,,,,,,,,,,,,,,not_run_quota,,,,,,,,,,,,,,,not_run_quota,,,,,,,,,,,,,,,not_run_quota,,,,,,,,,,,,,,
B,eth-corpus,order-one-side-four-bar-far-opposite-01,,plain,strict,349,False,ok,,0.107,0.905,False,0,0,0,0,0,0,0,0,0,0,0,0,0,ok,excellent,349,349,349,349,100.0,0.0,0.0,0.0,0.0,0.0,0.0,0.913,,ok,excellent,348,348,348,348,100.0,0.0,0.0,0.0,0.0,0.0,0.0,0.275,,ok,minimal,67,67,349,0,0.0,0.8080229226361032,0.0,0.0,0.0,,,0.467,,not_run_quota,,,,,,,,,,,,,,,not_run_quota,,,,,,,,,,,,,,,not_run_quota,,,,,,,,,,,,,,,not_run_quota,,,,,,,,,,,,,,,not_run_quota,,,,,,,,,,,,,,,not_run_quota,,,,,,,,,,,,,,
B,eth-corpus,order-opposite-entry-close-same-pass-01,,plain,strict,843,False,ok,,0.051,0.845,False,0,0,0,0,0,0,0,0,0,0,0,0,0,ok,excellent,843,843,843,843,100.0,0.0,0.0,0.0,0.0,0.31114306921506774,0.06164796571083973,0.95,,ok,excellent,840,840,840,840,100.0,0.0,0.0,0.0,0.0,0.28976929059016676,0.062457174464009925,0.356,,ok,excellent,4954,840,840,840,100.0,0.0,0.0,0.0,0.0,0.28976929059016676,0.062457174464009925,0.314,,not_run_quota,,,,,,,,,,,,,,,not_run_quota,,,,,,,,,,,,,,,not_run_quota,,,,,,,,,,,,,,,not_run_quota,,,,,,,,,,,,,,,not_run_quota,,,,,,,,,,,,,,,not_run_quota,,,,,,,,,,,,,,
B,eth-corpus,order-percent-equity-cash-commission-01,,plain,strict,366,False,ok,,0.092,0.887,False,0,0,0,0,0,0,0,0,0,0,0,0,0,ok,excellent,366,366,366,366,100.0,0.0,0.0,0.0,0.0,7.201293978335955e-06,6.4249891849057095e-06,0.563,,ok,excellent,365,365,365,365,100.0,0.0,0.0,0.0,1.9871160628620268e-05,0.0017071481374314119,0.001761605292248086,0.41,,ok,strong,2316,366,366,366,100.0,0.0,0.0,0.0,0.15781554079217802,0.14774848397253798,0.15308903423683273,0.398,,not_run_quota,,,,,,,,,,,,,,,not_run_quota,,,,,,,,,,,,,,,not_run_quota,,,,,,,,,,,,,,,not_run_quota,,,,,,,,,,,,,,,not_run_quota,,,,,,,,,,,,,,,not_run_quota,,,,,,,,,,,,,,
B,eth-corpus,order-process-on-close-false-01,,plain,strict,857,False,ok,,0.074,1.192,False,0,0,0,0,0,0,0,0,0,0,0,0,0,ok,excellent,857,857,857,857,100.0,0.0,0.0,0.0,0.0,0.0,0.0,0.704,,ok,excellent,855,855,855,855,100.0,0.0,0.0,0.0,0.0,0.0,0.0,0.558,,ok,excellent,5162,857,857,857,100.0,0.0,0.0,0.0,0.0,0.0,0.0,0.4,,not_run_quota,,,,,,,,,,,,,,,not_run_quota,,,,,,,,,,,,,,,not_run_quota,,,,,,,,,,,,,,,not_run_quota,,,,,,,,,,,,,,,not_run_quota,,,,,,,,,,,,,,,not_run_quota,,,,,,,,,,,,,,
B,eth-corpus,order-process-on-close-true-01,,plain,strict,857,False,ok,,0.049,0.852,False,0,0,0,0,0,1,0,0,0,0,0,0,0,ok,excellent,857,857,857,857,100.0,0.0,0.0,0.0,0.0,0.0,0.0,0.743,,ok,excellent,855,855,855,855,100.0,0.0,0.0,0.0,0.0,0.0,0.0,0.527,,ok,excellent,5162,857,857,857,100.0,0.0,0.0,0.0,0.0,0.0,0.0,0.39,,not_run_quota,,,,,,,,,,,,,,,not_run_quota,,,,,,,,,,,,,,,not_run_quota,,,,,,,,,,,,,,,not_run_quota,,,,,,,,,,,,,,,not_run_quota,,,,,,,,,,,,,,,not_run_quota,,,,,,,,,,,,,,
B,eth-corpus,order-range-expansion-pending-stop-01,,plain,strict,2947,False,ok,,0.053,1.083,False,0,0,0,0,0,0,0,0,0,0,0,0,0,ok,excellent,2947,2947,2947,2947,100.0,0.0,0.0,0.0,0.0,0.0,0.0,0.879,,ok,excellent,2942,2941,2941,2941,100.0,0.0,0.0,0.0,0.0,0.0,0.0,0.408,,ok,strong,17472,2946,2947,2946,99.97,0.00033932813030200206,0.0,0.0,0.0,0.0012343912125658424,0.0007679294840403563,0.716,,not_run_quota,,,,,,,,,,,,,,,not_run_quota,,,,,,,,,,,,,,,not_run_quota,,,,,,,,,,,,,,,not_run_quota,,,,,,,,,,,,,,,not_run_quota,,,,,,,,,,,,,,,not_run_quota,,,,,,,,,,,,,,
B,eth-corpus,order-same-id-entry-close-same-bar-01,,plain,strict,732,False,ok,,0.088,1.37,False,0,0,0,0,0,0,0,0,0,0,0,0,0,ok,excellent,732,732,732,732,100.0,0.0,0.0,0.0,0.0,0.0,0.0,0.78,,ok,excellent,730,730,730,730,100.0,0.0,0.0,0.0,0.0,0.0,0.0,0.194,,ok,excellent,4632,732,732,732,100.0,0.0,0.0,0.0,0.0,0.0,0.0,0.456,,not_run_quota,,,,,,,,,,,,,,,not_run_quota,,,,,,,,,,,,,,,not_run_quota,,,,,,,,,,,,,,,not_run_quota,,,,,,,,,,,,,,,not_run_quota,,,,,,,,,,,,,,,not_run_quota,,,,,,,,,,,,,,
B,eth-corpus,order-same-id-market-entry-repeat-01,,plain,strict,732,False,ok,,0.11,1.109,False,0,0,0,1,0,0,0,0,0,0,0,0,0,ok,excellent,732,732,732,732,100.0,0.0,0.0,0.0,0.0,0.0,0.0,0.457,,ok,excellent,730,730,730,730,100.0,0.0,0.0,0.0,0.0,0.0,0.0,0.193,,ok,excellent,4630,732,732,732,100.0,0.0,0.0,0.0,0.0,0.0,0.0,0.299,,not_run_quota,,,,,,,,,,,,,,,not_run_quota,,,,,,,,,,,,,,,not_run_quota,,,,,,,,,,,,,,,not_run_quota,,,,,,,,,,,,,,,not_run_quota,,,,,,,,,,,,,,,not_run_quota,,,,,,,,,,,,,,
B,eth-corpus,order-same-id-stop-after-flat-01,,plain,strict,703,False,ok,,0.123,0.921,False,0,0,0,0,0,0,0,0,0,0,0,0,0,ok,excellent,703,703,703,703,100.0,0.0,0.0,0.0,0.0,0.0,0.0,0.953,,ok,excellent,701,701,701,701,100.0,0.0,0.0,0.0,0.0,0.0,0.0,0.257,,ok,excellent,4461,703,703,703,100.0,0.0,0.0,0.0,0.0,0.0,0.0,0.608,,not_run_quota,,,,,,,,,,,,,,,not_run_quota,,,,,,,,,,,,,,,not_run_quota,,,,,,,,,,,,,,,not_run_quota,,,,,,,,,,,,,,,not_run_quota,,,,,,,,,,,,,,,not_run_quota,,,,,,,,,,,,,,
B,eth-corpus,order-same-id-stop-cross-before-modify-01,,plain,strict,732,False,ok,,0.136,1.047,False,0,0,0,0,0,0,0,0,0,0,0,0,0,ok,excellent,732,732,732,732,100.0,0.0,0.0,0.0,0.0,0.0,0.0,0.466,,ok,excellent,730,730,730,730,100.0,0.0,0.0,0.0,0.0,0.0,0.0,0.345,,ok,excellent,4614,732,732,732,100.0,0.0,0.0,0.0,0.0,0.0,0.0,0.591,,not_run_quota,,,,,,,,,,,,,,,not_run_quota,,,,,,,,,,,,,,,not_run_quota,,,,,,,,,,,,,,,not_run_quota,,,,,,,,,,,,,,,not_run_quota,,,,,,,,,,,,,,,not_run_quota,,,,,,,,,,,,,,
B,eth-corpus,order-same-id-stop-minute-zero-01,,plain,strict,578,False,ok,,0.099,1.299,False,0,0,0,0,0,0,0,0,0,0,0,0,0,ok,excellent,578,578,578,578,100.0,0.0,0.0,0.0,0.0,0.0,0.0,0.763,,ok,excellent,576,576,576,576,100.0,0.0,0.0,0.0,0.0,0.0,0.0,0.43,,ok,excellent,3515,578,578,578,100.0,0.0,0.0,0.0,0.0,0.0,0.0,0.631,,not_run_quota,,,,,,,,,,,,,,,not_run_quota,,,,,,,,,,,,,,,not_run_quota,,,,,,,,,,,,,,,not_run_quota,,,,,,,,,,,,,,,not_run_quota,,,,,,,,,,,,,,,not_run_quota,,,,,,,,,,,,,,
B,eth-corpus,order-same-id-stop-modification-01,,plain,strict,689,False,ok,,0.101,0.898,False,0,0,0,0,0,0,0,0,0,0,0,0,0,ok,excellent,689,689,689,689,100.0,0.0,0.0,0.0,0.0,0.0,0.0,0.974,,ok,excellent,687,687,687,687,100.0,0.0,0.0,0.0,0.0,0.0,0.0,0.392,,ok,excellent,4400,689,689,689,100.0,0.0,0.0,0.0,0.0,0.0,0.0,0.47,,not_run_quota,,,,,,,,,,,,,,,not_run_quota,,,,,,,,,,,,,,,not_run_quota,,,,,,,,,,,,,,,not_run_quota,,,,,,,,,,,,,,,not_run_quota,,,,,,,,,,,,,,,not_run_quota,,,,,,,,,,,,,,
B,eth-corpus,order-same-id-stop-raise-only-01,,plain,strict,666,False,ok,,0.093,1.746,False,0,0,0,0,0,0,0,0,0,0,0,0,0,ok,excellent,666,666,666,666,100.0,0.0,0.0,0.0,0.0,0.0,0.0,0.681,,ok,excellent,664,664,664,664,100.0,0.0,0.0,0.0,0.0,0.0,0.0,0.614,,ok,excellent,4223,666,666,666,100.0,0.0,0.0,0.0,0.0,0.01577273884188892,0.015772738841888914,0.259,,not_run_quota,,,,,,,,,,,,,,,not_run_quota,,,,,,,,,,,,,,,not_run_quota,,,,,,,,,,,,,,,not_run_quota,,,,,,,,,,,,,,,not_run_quota,,,,,,,,,,,,,,,not_run_quota,,,,,,,,,,,,,,
B,eth-corpus,order-same-id-stop-window-four-bars-01,,plain,strict,349,False,ok,,0.103,0.908,False,0,0,0,0,0,0,0,0,0,0,0,0,0,ok,excellent,349,349,349,349,100.0,0.0,0.0,0.0,0.0,0.0,0.0,0.696,,ok,excellent,348,348,348,348,100.0,0.0,0.0,0.0,0.0,0.0,0.0,0.441,,ok,excellent,2231,349,349,349,100.0,0.0,0.0,0.0,0.0,0.0,0.0,0.411,,not_run_quota,,,,,,,,,,,,,,,not_run_quota,,,,,,,,,,,,,,,not_run_quota,,,,,,,,,,,,,,,not_run_quota,,,,,,,,,,,,,,,not_run_quota,,,,,,,,,,,,,,,not_run_quota,,,,,,,,,,,,,,
B,eth-corpus,order-stale-stop-after-close-no-cancel-01,,plain,strict,572,False,ok,,0.082,0.875,False,0,0,0,0,0,0,0,0,0,0,0,0,0,ok,excellent,572,572,572,572,100.0,0.0,0.0,0.0,0.0,0.0,0.0,0.526,,ok,excellent,570,570,570,570,100.0,0.0,0.0,0.0,0.0,0.0,0.0,0.645,,ok,excellent,3595,572,572,572,100.0,0.0,0.0,0.0,0.0,0.028663739541048783,0.02411331865936452,0.756,,not_run_quota,,,,,,,,,,,,,,,not_run_quota,,,,,,,,,,,,,,,not_run_quota,,,,,,,,,,,,,,,not_run_quota,,,,,,,,,,,,,,,not_run_quota,,,,,,,,,,,,,,,not_run_quota,,,,,,,,,,,,,,
B,eth-corpus,order-stop-cancel-no-regime-close-01,,plain,strict,1611,False,ok,,0.069,1.322,False,0,0,0,0,0,0,0,0,0,0,0,0,0,ok,excellent,1613,1610,1610,1610,100.0,0.0,0.0,0.0,0.0,0.0015662060431060095,0.0009711531544493453,0.538,,ok,excellent,1607,1605,1605,1605,100.0,0.0,0.0,0.0,0.0,0.0,0.0,0.417,,ok,excellent,9446,1610,1610,1610,100.0,0.0,0.0,0.0,0.0,0.000657419820563049,0.0009711531544493453,1.089,,not_run_quota,,,,,,,,,,,,,,,not_run_quota,,,,,,,,,,,,,,,not_run_quota,,,,,,,,,,,,,,,not_run_quota,,,,,,,,,,,,,,,not_run_quota,,,,,,,,,,,,,,,not_run_quota,,,,,,,,,,,,,,
B,eth-corpus,order-stop-entry-cancel-opposite-01,,plain,strict,1739,False,ok,,0.086,1.395,False,0,0,0,0,0,0,0,0,0,0,0,0,0,ok,excellent,1741,1738,1738,1738,100.0,0.0,0.0,0.0,0.0,0.0019881111229260195,0.001598719259271137,0.508,,ok,excellent,1735,1733,1733,1733,100.0,0.0,0.0,0.0,0.0,0.0025539154143769454,0.007165400019026145,0.8,,ok,excellent,10272,1738,1738,1738,100.0,0.0,0.0,0.0,0.0,0.0023208350341127715,0.0018662757950699456,0.372,,not_run_quota,,,,,,,,,,,,,,,not_run_quota,,,,,,,,,,,,,,,not_run_quota,,,,,,,,,,,,,,,not_run_quota,,,,,,,,,,,,,,,not_run_quota,,,,,,,,,,,,,,,not_run_quota,,,,,,,,,,,,,,
B,eth-corpus,order-stop-entry-reversal-grouping-01,,plain,strict,1464,False,ok,,0.071,1.26,False,0,0,0,1,0,0,0,0,0,0,0,0,0,ok,excellent,1464,1464,1464,1464,100.0,0.0,0.0,0.0,0.0,0.0,0.0,0.324,,ok,excellent,1460,1460,1460,1460,100.0,0.0,0.0,0.0,0.0,0.0,0.0,0.395,,ok,excellent,9260,1464,1464,1464,100.0,0.0,0.0,0.0,0.0,0.0,0.0,0.877,,not_run_quota,,,,,,,,,,,,,,,not_run_quota,,,,,,,,,,,,,,,not_run_quota,,,,,,,,,,,,,,,not_run_quota,,,,,,,,,,,,,,,not_run_quota,,,,,,,,,,,,,,,not_run_quota,,,,,,,,,,,,,,
B,eth-corpus,order-stop-entry-touch-boundary-01,,plain,strict,548,False,ok,,0.067,1.139,False,0,0,0,0,0,0,0,0,0,0,0,0,0,ok,excellent,548,548,548,548,100.0,0.0,0.0,0.0,0.0,0.0,0.0,0.633,,ok,excellent,546,546,546,546,100.0,0.0,0.0,0.0,0.0,0.0,0.0,0.463,,ok,excellent,3326,548,548,548,100.0,0.0,0.0,0.0,0.0,0.0,0.0,0.628,,not_run_quota,,,,,,,,,,,,,,,not_run_quota,,,,,,,,,,,,,,,not_run_quota,,,,,,,,,,,,,,,not_run_quota,,,,,,,,,,,,,,,not_run_quota,,,,,,,,,,,,,,,not_run_quota,,,,,,,,,,,,,,
B,eth-corpus,order-switchback-all-in-reversal-01,,plain,strict,430,False,ok,,0.089,1.196,False,0,0,0,0,0,0,1,0,0,0,0,0,0,ok,excellent,430,429,429,429,100.0,0.0,0.0,0.0,0.0,0.0028672968025111943,0.0028673105964875066,0.473,,ok,excellent,430,429,429,429,100.0,0.0,0.0,0.0,0.0,0.0028672968025111943,0.0028673105964875066,0.338,,ok,moderate,2482,429,429,429,100.0,0.0,0.0,0.0,1.5171862636236741,1.7384340026786913,1.517179279226345,0.55,,not_run_quota,,,,,,,,,,,,,,,not_run_quota,,,,,,,,,,,,,,,not_run_quota,,,,,,,,,,,,,,,not_run_quota,,,,,,,,,,,,,,,not_run_quota,,,,,,,,,,,,,,,not_run_quota,,,,,,,,,,,,,,
B,eth-corpus,order-tranche-partial-market-close-01,,partial,strict,552,False,ok,,0.082,1.079,False,0,0,1,0,0,0,0,0,0,0,1,0,0,ok,excellent,352,352,352,352,100.0,0.0,0.0,0.0,0.0,1.4419003826888153e-07,2.3890336592922933e-08,0.306,,ok,excellent,352,352,352,352,100.0,0.0,0.0,0.0,0.0,1.4419003826888153e-07,2.3890336592922933e-08,0.386,,ok,excellent,2057,352,352,352,100.0,0.0,0.0,0.0,0.0,0.008029572470561987,0.0013303913727117063,0.842,,not_run_quota,,,,,,,,,,,,,,,not_run_quota,,,,,,,,,,,,,,,not_run_quota,,,,,,,,,,,,,,,not_run_quota,,,,,,,,,,,,,,,not_run_quota,,,,,,,,,,,,,,,not_run_quota,,,,,,,,,,,,,,
B,eth-corpus,order-vector-stop-breakout-01,,brackets,strict,146,False,ok,,0.09,1.233,False,0,1,0,0,0,0,0,0,0,0,1,0,0,ok,excellent,146,146,146,146,100.0,0.0,0.0,0.0,0.0,4.545287087198167e-09,8.647716998215462e-09,0.88,,ok,excellent,146,146,146,146,100.0,0.0,0.0,0.0,0.0,4.545287087198167e-09,8.647716998215462e-09,0.208,,ok,excellent,791,146,146,146,100.0,0.0,0.0,0.0,0.0,0.011245762200689548,0.01124471564693533,0.377,,not_run_quota,,,,,,,,,,,,,,,not_run_quota,,,,,,,,,,,,,,,not_run_quota,,,,,,,,,,,,,,,not_run_quota,,,,,,,,,,,,,,,not_run_quota,,,,,,,,,,,,,,,not_run_quota,,,,,,,,,,,,,,
B,eth-corpus,pyramid-cash-fractional-commission-01,,plain,strict,790,False,ok,,0.112,1.455,False,0,0,0,1,0,0,0,0,0,0,0,0,0,ok,excellent,790,790,790,790,100.0,0.0,0.0,0.0,0.0,1.2836039805669756e-07,2.770364355516225e-08,0.877,,ok,excellent,788,788,788,788,100.0,0.0,0.0,0.0,0.0,1.597766782061995e-07,2.9156377777206252e-08,0.319,,ok,excellent,4741,790,790,790,100.0,0.0,0.0,0.0,0.0,1.2836039805669756e-07,2.770364355516225e-08,0.319,,not_run_quota,,,,,,,,,,,,,,,not_run_quota,,,,,,,,,,,,,,,not_run_quota,,,,,,,,,,,,,,,not_run_quota,,,,,,,,,,,,,,,not_run_quota,,,,,,,,,,,,,,,not_run_quota,,,,,,,,,,,,,,
B,eth-corpus,pyramid-close-id-grouping-01,,plain,strict,2196,False,ok,,0.12,0.872,False,0,0,0,1,0,0,0,0,0,0,0,0,0,ok,excellent,2196,2196,2196,2196,100.0,0.0,0.0,0.0,0.0,0.0,0.0,1.028,,ok,excellent,2190,2190,2190,2190,100.0,0.0,0.0,0.0,0.0,0.0,0.0,0.447,,ok,excellent,13890,2196,2196,2196,100.0,0.0,0.0,0.0,0.0,0.0,0.0,0.682,,not_run_quota,,,,,,,,,,,,,,,not_run_quota,,,,,,,,,,,,,,,not_run_quota,,,,,,,,,,,,,,,not_run_quota,,,,,,,,,,,,,,,not_run_quota,,,,,,,,,,,,,,,not_run_quota,,,,,,,,,,,,,,
B,eth-corpus,pyramid-deferred-flip-close-all-01,,plain,strict,2356,False,ok,,0.084,1.356,False,0,0,0,1,0,0,0,0,0,0,0,0,0,ok,excellent,2356,2356,2356,2356,100.0,0.0,0.0,0.0,0.0,9.959233537393002e-05,5.221823042879719e-05,0.989,,ok,excellent,2350,2350,2350,2350,100.0,0.0,0.0,0.0,0.0,1.341993665788677e-05,7.000987139220054e-06,0.54,,ok,strong,14032,2357,2356,2356,100.0,0.00042426813746287653,0.0,0.0,0.0,9.959233537393002e-05,5.221823042879719e-05,1.163,,not_run_quota,,,,,,,,,,,,,,,not_run_quota,,,,,,,,,,,,,,,not_run_quota,,,,,,,,,,,,,,,not_run_quota,,,,,,,,,,,,,,,not_run_quota,,,,,,,,,,,,,,,not_run_quota,,,,,,,,,,,,,,
B,eth-corpus,pyramid-flip-stop-pyramiding-2-01,,plain,strict,843,False,ok,,0.049,1.254,False,0,0,0,1,0,0,0,0,0,0,0,0,0,ok,excellent,843,843,843,843,100.0,0.0,0.0,0.0,0.0,0.31114306921506774,0.06164796571083973,1.38,,ok,excellent,840,840,840,840,100.0,0.0,0.0,0.0,0.0,0.28976929059016676,0.062457174464009925,0.259,,ok,excellent,4954,840,840,840,100.0,0.0,0.0,0.0,0.0,0.28976929059016676,0.062457174464009925,0.717,,not_run_quota,,,,,,,,,,,,,,,not_run_quota,,,,,,,,,,,,,,,not_run_quota,,,,,,,,,,,,,,,not_run_quota,,,,,,,,,,,,,,,not_run_quota,,,,,,,,,,,,,,,not_run_quota,,,,,,,,,,,,,,
B,eth-corpus,pyramid-terrace-staged-entry-01,,brackets,strict,1251,False,ok,,0.12,1.025,False,0,1,0,1,0,0,0,0,0,0,0,0,0,ok,excellent,1251,1251,1251,1251,100.0,0.0,0.0,0.0,0.0,6.879651565393602e-09,7.50843246168318e-09,0.394,,ok,excellent,1246,1246,1246,1246,100.0,0.0,0.0,0.0,0.0,6.9184043785947886e-09,7.55063568111653e-09,0.262,,ok,strong,7800,1252,1251,1251,100.0,0.0007987220447284345,0.0,0.0,0.0,6.879651565393602e-09,7.50843246168318e-09,1.11,,not_run_quota,,,,,,,,,,,,,,,not_run_quota,,,,,,,,,,,,,,,not_run_quota,,,,,,,,,,,,,,,not_run_quota,,,,,,,,,,,,,,,not_run_quota,,,,,,,,,,,,,,,not_run_quota,,,,,,,,,,,,,,
B,eth-corpus,recompute-alma-sar-corr-magnifier-01,,plain,strict,582,False,ok,,0.14,2.196,False,0,0,0,0,0,0,0,0,1,0,0,0,0,ok,excellent,582,582,582,582,100.0,0.0,0.0,0.0,0.0,0.0,0.0,0.469,,ok,excellent,582,582,582,582,100.0,0.0,0.0,0.0,0.0,0.0,0.0,0.396,,ok,excellent,3450,582,582,582,100.0,0.0,0.0,0.0,0.0,0.0,0.0,0.335,,not_run_quota,,,,,,,,,,,,,,,not_run_quota,,,,,,,,,,,,,,,not_run_quota,,,,,,,,,,,,,,,not_run_quota,,,,,,,,,,,,,,,not_run_quota,,,,,,,,,,,,,,,not_run_quota,,,,,,,,,,,,,,
B,eth-corpus,recompute-mtf-rsi-macd-bb-01,,security,strict,286,False,ok,,0.12,1.65,False,0,0,0,0,0,0,0,1,0,0,0,0,0,ok,excellent,286,286,286,286,100.0,0.0,0.0,0.0,0.0,0.04838485585272667,0.013328102874201353,0.317,,ok,excellent,286,285,285,285,100.0,0.0,0.0,0.0,0.0,0.007084529624520059,0.0018528450923984642,0.3,,ok,excellent,1716,285,285,285,100.0,0.0,0.0,0.0,0.0,0.0,0.0,0.743,,not_run_quota,,,,,,,,,,,,,,,not_run_quota,,,,,,,,,,,,,,,not_run_quota,,,,,,,,,,,,,,,not_run_quota,,,,,,,,,,,,,,,not_run_quota,,,,,,,,,,,,,,,not_run_quota,,,,,,,,,,,,,,
B,eth-corpus,risk-max-contracts-held-gate-pyramid-01,,plain,strict,5,False,ok,,0.058,1.313,False,0,0,0,1,0,0,0,0,0,0,0,0,0,ok,excellent,5,5,5,5,100.0,0.0,0.0,0.0,0.0,0.0,0.0,0.641,,ok,minimal,0,0,5,0,0.0,1.0,0.0,0.0,0.0,,,0.245,,ok,minimal,5,5,5,0,0.0,0.0,0.0,0.0,0.0,,,0.301,,not_run_quota,,,,,,,,,,,,,,,not_run_quota,,,,,,,,,,,,,,,not_run_quota,,,,,,,,,,,,,,,not_run_quota,,,,,,,,,,,,,,,not_run_quota,,,,,,,,,,,,,,,not_run_quota,,,,,,,,,,,,,,
B,eth-corpus,session-borough-new-york-01,,plain,strict,159,False,ok,,0.122,1.191,False,0,0,0,0,0,0,0,0,0,0,0,0,0,ok,excellent,159,159,159,159,100.0,0.0,0.0,0.0,0.0,1.482273893994129e-07,4.8851869351724635e-08,0.871,,ok,excellent,159,159,159,159,100.0,0.0,0.0,0.0,0.0,1.482273893994129e-07,4.8851869351724635e-08,0.212,,ok,excellent,987,159,159,159,100.0,0.0,0.0,0.0,0.0,1.482273893994129e-07,4.8851869351724635e-08,0.353,,not_run_quota,,,,,,,,,,,,,,,not_run_quota,,,,,,,,,,,,,,,not_run_quota,,,,,,,,,,,,,,,not_run_quota,,,,,,,,,,,,,,,not_run_quota,,,,,,,,,,,,,,,not_run_quota,,,,,,,,,,,,,,
B,eth-corpus,session-compass-utc-market-window-01,,brackets,strict,448,False,ok,,0.09,1.539,False,0,1,0,0,0,0,0,0,0,0,0,0,0,ok,excellent,448,448,448,447,99.78,0.0,0.0,0.0,0.0,0.000801067992156864,0.0007696471782046249,1.413,,ok,excellent,446,446,446,446,100.0,0.0,0.0,0.0,0.0,0.0017665859533914391,0.0017679506872999842,0.428,,ok,strong,2634,448,448,447,99.78,0.0,0.0,0.0,0.09524991512391753,0.09597637075107153,0.09592003162717855,0.45,,not_run_quota,,,,,,,,,,,,,,,not_run_quota,,,,,,,,,,,,,,,not_run_quota,,,,,,,,,,,,,,,not_run_quota,,,,,,,,,,,,,,,not_run_quota,,,,,,,,,,,,,,,not_run_quota,,,,,,,,,,,,,,
B,eth-corpus,session-hour-minute-pulse-filter-01,,plain,strict,366,False,ok,,0.152,1.36,False,0,0,0,0,0,0,0,0,0,0,0,0,0,ok,excellent,366,366,366,366,100.0,0.0,0.0,0.0,0.0,0.0,0.0,0.87,,ok,excellent,365,365,365,365,100.0,0.0,0.0,0.0,0.0,0.0,0.0,0.554,,ok,excellent,2316,366,366,366,100.0,0.0,0.0,0.0,0.0,0.0,0.0,0.217,,not_run_quota,,,,,,,,,,,,,,,not_run_quota,,,,,,,,,,,,,,,not_run_quota,,,,,,,,,,,,,,,not_run_quota,,,,,,,,,,,,,,,not_run_quota,,,,,,,,,,,,,,,not_run_quota,,,,,,,,,,,,,,
B,eth-corpus,session-ny-spring-forward-dst-01,,plain,strict,396,False,ok,,0.054,1.859,False,0,0,0,0,0,0,0,0,0,0,0,0,0,ok,excellent,396,396,396,396,100.0,0.0,0.0,0.0,0.0,0.0,0.0,0.985,,ok,excellent,395,395,395,395,100.0,0.0,0.0,0.0,0.0,0.0,0.0,0.428,,ok,excellent,2316,396,396,396,100.0,0.0,0.0,0.0,0.0,0.0,0.0,0.602,,not_run_quota,,,,,,,,,,,,,,,not_run_quota,,,,,,,,,,,,,,,not_run_quota,,,,,,,,,,,,,,,not_run_quota,,,,,,,,,,,,,,,not_run_quota,,,,,,,,,,,,,,,not_run_quota,,,,,,,,,,,,,,
B,eth-corpus,stats-eventrades-zero-pnl-count-01,,brackets,strict,140,False,ok,,0.089,1.633,False,0,1,0,0,0,0,0,0,0,0,1,0,0,ok,excellent,140,140,140,140,100.0,0.0,0.0,0.0,0.0,0.0,0.0,0.71,,ok,excellent,139,139,139,139,100.0,0.0,0.0,0.0,0.0,0.0,0.0,0.4,,ok,weak,524,9,9,9,100.0,0.0,0.0,0.008764994143986078,0.016419021670257283,0.041667504170770475,0.041667504170770475,0.388,,not_run_quota,,,,,,,,,,,,,,,not_run_quota,,,,,,,,,,,,,,,not_run_quota,,,,,,,,,,,,,,,not_run_quota,,,,,,,,,,,,,,,not_run_quota,,,,,,,,,,,,,,,not_run_quota,,,,,,,,,,,,,,
B,eth-corpus,stats-ledger-outcome-throttle-01,,plain,strict,425,False,ok,,0.12,1.261,False,0,0,0,0,0,0,0,0,0,0,0,0,0,ok,excellent,425,425,425,425,100.0,0.0,0.0,0.0,0.0,7.555711064504021e-07,3.9000434570673835e-08,0.617,,ok,excellent,425,424,424,424,100.0,0.0,0.0,0.0,0.0,3.714158906995053e-06,4.0454108686998513e-08,0.21,,ok,excellent,2428,425,425,425,100.0,0.0,0.0,0.0,0.0,0.43945683562490945,0.019824247418213096,0.452,,not_run_quota,,,,,,,,,,,,,,,not_run_quota,,,,,,,,,,,,,,,not_run_quota,,,,,,,,,,,,,,,not_run_quota,,,,,,,,,,,,,,,not_run_quota,,,,,,,,,,,,,,,not_run_quota,,,,,,,,,,,,,,
B,eth-corpus,syntax-caliper-scalar-switch-01,,brackets,strict,342,False,ok,,0.111,1.271,False,0,1,0,0,0,0,0,0,0,0,0,0,0,ok,excellent,342,341,341,341,100.0,0.0,0.0,0.0,0.0,3.2017599731427584e-07,5.0380702600445884e-05,0.403,,ok,excellent,342,341,341,341,100.0,0.0,0.0,0.0,0.0,3.2017599731427584e-07,5.0380702600445884e-05,0.405,,ok,excellent,2048,341,341,341,100.0,0.0,0.0,0.0,0.0,0.003911274183283657,0.0039081636790391115,0.518,,not_run_quota,,,,,,,,,,,,,,,not_run_quota,,,,,,,,,,,,,,,not_run_quota,,,,,,,,,,,,,,,not_run_quota,,,,,,,,,,,,,,,not_run_quota,,,,,,,,,,,,,,,not_run_quota,,,,,,,,,,,,,,
B,eth-corpus,syntax-glyph-string-regex-01,,plain,strict,271,False,ok,,0.092,1.166,False,0,0,0,0,0,0,0,0,0,0,0,0,0,ok,excellent,271,271,271,271,100.0,0.0,0.0,0.0,0.0,9.439623603996217e-08,3.3444422609036496e-08,4.05,,ok,excellent,271,271,271,271,100.0,0.0,0.0,0.0,0.0,9.439623603996217e-08,3.3444422609036496e-08,1.205,,ok,excellent,1613,271,271,271,100.0,0.0,0.0,0.0,0.0,9.439623603996217e-08,3.3444422609036496e-08,4.019,,not_run_quota,,,,,,,,,,,,,,,not_run_quota,,,,,,,,,,,,,,,not_run_quota,,,,,,,,,,,,,,,not_run_quota,,,,,,,,,,,,,,,not_run_quota,,,,,,,,,,,,,,,not_run_quota,,,,,,,,,,,,,,
B,eth-corpus,ta-accdist-ema-cross-01,,plain,strict,5770,False,ok,,0.048,1.537,False,0,0,0,0,0,0,0,0,0,0,0,0,0,ok,excellent,5770,5770,5770,5770,100.0,0.0,0.0,0.0,0.0,0.0,0.0,1.517,,ok,excellent,5755,5754,5754,5754,100.0,0.0,0.0,0.0,0.0,0.0,0.0,0.484,,ok,excellent,32432,5770,5770,5770,100.0,0.0,0.0,0.0,0.0,0.0012523626749538217,0.001145542196789344,0.548,,not_run_quota,,,,,,,,,,,,,,,not_run_quota,,,,,,,,,,,,,,,not_run_quota,,,,,,,,,,,,,,,not_run_quota,,,,,,,,,,,,,,,not_run_quota,,,,,,,,,,,,,,,not_run_quota,,,,,,,,,,,,,,
B,eth-corpus,ta-aperture-cog-linreg-01,,plain,strict,530,False,ok,,0.089,1.098,False,0,0,0,0,0,0,0,0,0,0,0,0,0,ok,excellent,530,530,530,530,100.0,0.0,0.0,0.0,0.0,6.45502717986183e-09,1.8071020002858647e-08,0.558,,ok,excellent,527,527,527,527,100.0,0.0,0.0,0.0,0.0,6.4703120266670675e-09,1.8110944193828255e-08,0.227,,ok,excellent,3075,530,530,530,100.0,0.0,0.0,0.0,0.0,6.45502717986183e-09,1.8071020002858647e-08,0.282,,not_run_quota,,,,,,,,,,,,,,,not_run_quota,,,,,,,,,,,,,,,not_run_quota,,,,,,,,,,,,,,,not_run_quota,,,,,,,,,,,,,,,not_run_quota,,,,,,,,,,,,,,,not_run_quota,,,,,,,,,,,,,,
B,eth-corpus,ta-bb-kc-squeeze-breakout-01,,plain,strict,814,False,ok,,0.151,1.702,False,0,0,0,0,0,0,0,0,0,0,1,0,0,ok,excellent,814,814,814,814,100.0,0.0,0.0,0.0,0.0,0.0005806856831351495,0.0005111052390026342,0.485,,ok,excellent,814,814,814,814,100.0,0.0,0.0,0.0,0.0,0.0005806856831351495,0.0005111052390026342,0.575,,ok,excellent,5339,814,814,814,100.0,0.0,0.0,0.0,0.0,0.0005806856831351495,0.0005111052390026342,0.42,,not_run_quota,,,,,,,,,,,,,,,not_run_quota,,,,,,,,,,,,,,,not_run_quota,,,,,,,,,,,,,,,not_run_quota,,,,,,,,,,,,,,,not_run_quota,,,,,,,,,,,,,,,not_run_quota,,,,,,,,,,,,,,
B,eth-corpus,ta-bb-rsi-mean-reversion-01,,plain,strict,496,False,ok,,0.087,1.739,False,0,0,0,0,0,0,0,0,0,0,0,0,0,ok,excellent,496,496,496,496,100.0,0.0,0.0,0.0,0.0,0.0,0.0,0.558,,ok,excellent,496,496,496,496,100.0,0.0,0.0,0.0,0.0,0.0,0.0,0.392,,ok,excellent,3138,496,496,496,100.0,0.0,0.0,0.0,0.0,0.002058690964904867,0.0015649597184923974,0.775,,not_run_quota,,,,,,,,,,,,,,,not_run_quota,,,,,,,,,,,,,,,not_run_quota,,,,,,,,,,,,,,,not_run_quota,,,,,,,,,,,,,,,not_run_quota,,,,,,,,,,,,,,,not_run_quota,,,,,,,,,,,,,,
B,eth-corpus,ta-cci-threshold-cross-01,,plain,strict,2463,False,ok,,0.063,1.081,False,0,0,0,0,0,0,0,0,0,0,0,0,0,ok,excellent,2463,2463,2463,2463,100.0,0.0,0.0,0.0,0.0,0.0,0.0,0.676,,ok,excellent,2463,2463,2463,2463,100.0,0.0,0.0,0.0,0.0,0.0,0.0,0.491,,ok,excellent,15696,2462,2462,2462,100.0,0.0,0.0,0.0,0.0,0.0008723128819269341,0.0008115674259281354,0.606,,not_run_quota,,,,,,,,,,,,,,,not_run_quota,,,,,,,,,,,,,,,not_run_quota,,,,,,,,,,,,,,,not_run_quota,,,,,,,,,,,,,,,not_run_quota,,,,,,,,,,,,,,,not_run_quota,,,,,,,,,,,,,,
B,eth-corpus,ta-chandelier-exit-direction-01,,plain,strict,1606,False,ok,,0.046,1.718,False,0,0,0,0,0,0,0,0,0,0,1,0,0,ok,excellent,1606,1605,1605,1605,100.0,0.0,0.0,0.0,0.0,0.030983332004147098,0.005213225624647781,0.817,,ok,excellent,1606,1605,1605,1605,100.0,0.0,0.0,0.0,0.0,0.030983332004147098,0.005213225624647781,0.592,,ok,excellent,10205,1605,1605,1605,100.0,0.0,0.0,0.0,0.0,0.02424435760427471,0.005213225624647781,0.546,,not_run_quota,,,,,,,,,,,,,,,not_run_quota,,,,,,,,,,,,,,,not_run_quota,,,,,,,,,,,,,,,not_run_quota,,,,,,,,,,,,,,,not_run_quota,,,,,,,,,,,,,,,not_run_quota,,,,,,,,,,,,,,
B,eth-corpus,ta-closedtrades-risk-introspection-01,,plain,strict,751,False,ok,,0.085,1.146,False,0,0,0,0,0,0,0,0,0,0,0,0,0,ok,excellent,751,751,751,751,100.0,0.0,0.0,0.0,0.0,0.0,0.0,0.776,,ok,excellent,751,751,751,751,100.0,0.0,0.0,0.0,0.0,0.0,0.0,0.206,,ok,excellent,4807,751,751,751,100.0,0.0,0.0,0.0,0.0,0.006775826138731831,0.004057576222175271,0.826,,not_run_quota,,,,,,,,,,,,,,,not_run_quota,,,,,,,,,,,,,,,not_run_quota,,,,,,,,,,,,,,,not_run_quota,,,,,,,,,,,,,,,not_run_quota,,,,,,,,,,,,,,,not_run_quota,,,,,,,,,,,,,,
B,eth-corpus,ta-cmo-9-zero-cross-01,,plain,strict,6465,False,ok,,0.229,1.29,False,0,0,0,0,0,0,0,0,0,0,0,0,0,ok,excellent,6465,6465,6465,6465,100.0,0.0,0.0,0.0,0.0,0.0,0.0,1.11,,ok,excellent,6445,6445,6445,6445,100.0,0.0,0.0,0.0,0.0,0.0,0.0,0.976,,ok,strong,37076,6466,6465,6465,100.0,0.0001546551190844417,0.0,0.0,0.0,6.433929973100321e-06,6.433929973100339e-06,0.585,,not_run_quota,,,,,,,,,,,,,,,not_run_quota,,,,,,,,,,,,,,,not_run_quota,,,,,,,,,,,,,,,not_run_quota,,,,,,,,,,,,,,,not_run_quota,,,,,,,,,,,,,,,not_run_quota,,,,,,,,,,,,,,
B,eth-corpus,ta-cog-10-signal-cross-01,,plain,strict,5803,False,ok,,0.103,1.184,False,0,0,0,0,0,0,0,0,0,0,0,0,0,ok,excellent,5803,5803,5803,5803,100.0,0.0,0.0,0.0,0.0,0.0,0.0,1.526,,ok,excellent,5789,5788,5788,5788,100.0,0.0,0.0,0.0,0.0,0.0,0.0,0.545,,ok,excellent,34049,5803,5803,5803,100.0,0.0,0.0,0.0,0.0,0.0028788661696315518,0.0015022302341167512,1.996,,not_run_quota,,,,,,,,,,,,,,,not_run_quota,,,,,,,,,,,,,,,not_run_quota,,,,,,,,,,,,,,,not_run_quota,,,,,,,,,,,,,,,not_run_quota,,,,,,,,,,,,,,,not_run_quota,,,,,,,,,,,,,,
B,eth-corpus,ta-conduit-obv-accdist-01,,plain,strict,1576,False,ok,,0.104,1.565,False,0,0,0,0,0,0,0,0,0,0,0,0,0,ok,excellent,1576,1576,1576,1576,100.0,0.0,0.0,0.0,0.0,2.5264564646996026e-09,2.526456579589539e-09,0.5,,ok,excellent,1574,1573,1573,1573,100.0,0.0,0.0,0.0,0.0,2.5158422584421546e-09,2.515842487256681e-09,0.49,,ok,excellent,9311,1576,1576,1576,100.0,0.0,0.0,0.0,0.0,2.5264564646996026e-09,2.526456579589539e-09,0.447,,not_run_quota,,,,,,,,,,,,,,,not_run_quota,,,,,,,,,,,,,,,not_run_quota,,,,,,,,,,,,,,,not_run_quota,,,,,,,,,,,,,,,not_run_quota,,,,,,,,,,,,,,,not_run_quota,,,,,,,,,,,,,,
B,eth-corpus,ta-dmi-adx-di-cross-01,,plain,strict,2747,False,ok,,0.156,0.959,False,0,0,0,0,0,0,0,0,0,0,0,0,0,ok,excellent,2747,2747,2747,2747,100.0,0.0,0.0,0.0,0.0,0.0,0.0,0.291,,ok,strong,2743,2743,2747,2741,99.78,0.0014561339643247178,0.0,0.0,0.0,0.001474152638291569,0.0011367071254933722,0.446,,ok,excellent,2967,2747,2747,2747,100.0,0.0,0.0,0.0,0.0,0.005696439725171762,0.004386855680571908,0.35,,not_run_quota,,,,,,,,,,,,,,,not_run_quota,,,,,,,,,,,,,,,not_run_quota,,,,,,,,,,,,,,,not_run_quota,,,,,,,,,,,,,,,not_run_quota,,,,,,,,,,,,,,,not_run_quota,,,,,,,,,,,,,,
B,eth-corpus,ta-donchian-channel-breakout-01,,plain,strict,1003,False,ok,,0.159,1.133,False,0,0,0,0,0,0,0,0,0,0,0,0,0,ok,excellent,1003,1003,1003,1003,100.0,0.0,0.0,0.0,0.0,0.0,0.0,0.521,,ok,excellent,1003,1003,1003,1003,100.0,0.0,0.0,0.0,0.0,0.0,0.0,0.446,,ok,excellent,6283,1003,1003,1003,100.0,0.0,0.0,0.0,0.0,0.009084556254367562,0.0012458441146766318,0.978,,not_run_quota,,,,,,,,,,,,,,,not_run_quota,,,,,,,,,,,,,,,not_run_quota,,,,,,,,,,,,,,,not_run_quota,,,,,,,,,,,,,,,not_run_quota,,,,,,,,,,,,,,,not_run_quota,,,,,,,,,,,,,,
B,eth-corpus,ta-dual-ma-switch-dispatch-01,,plain,strict,1239,False,ok,,0.11,1.633,False,0,0,0,0,0,0,0,0,0,0,0,0,0,ok,excellent,1238,1238,1238,1238,100.0,0.0,0.0,0.0,0.0,0.0008716372630589735,0.0007666077606590843,0.354,,ok,excellent,1238,1238,1238,1238,100.0,0.0,0.0,0.0,0.0,0.0008716372630589735,0.0007666077606590843,0.243,,ok,excellent,8107,1239,1239,1239,100.0,0.0,0.0,0.0,0.0,0.005212131185681789,0.004582658740355062,0.414,,not_run_quota,,,,,,,,,,,,,,,not_run_quota,,,,,,,,,,,,,,,not_run_quota,,,,,,,,,,,,,,,not_run_quota,,,,,,,,,,,,,,,not_run_quota,,,,,,,,,,,,,,,not_run_quota,,,,,,,,,,,,,,
B,eth-corpus,ta-dual-thrust-open-anchored-range-01,,plain,strict,2871,False,ok,,0.055,1.12,False,0,0,0,0,0,0,0,0,0,0,0,0,0,ok,excellent,2871,2871,2871,2871,100.0,0.0,0.0,0.0,0.0,0.0,0.0,1.021,,ok,strong,2872,2872,2871,2871,100.0,0.00034818941504178273,0.0,0.0,0.0,0.0,0.0,0.328,,ok,excellent,3080,2871,2871,2871,100.0,0.0,0.0,0.0,0.0,0.006805335744969457,0.005116806840541845,0.738,,not_run_quota,,,,,,,,,,,,,,,not_run_quota,,,,,,,,,,,,,,,not_run_quota,,,,,,,,,,,,,,,not_run_quota,,,,,,,,,,,,,,,not_run_quota,,,,,,,,,,,,,,,not_run_quota,,,,,,,,,,,,,,
B,eth-corpus,ta-elder-ray-bull-bear-power-01,,plain,strict,2484,False,ok,,0.087,1.702,False,0,0,0,0,0,0,0,0,0,0,0,0,0,ok,excellent,2484,2484,2484,2484,100.0,0.0,0.0,0.0,0.0,0.0,0.0,0.932,,ok,excellent,2484,2484,2484,2484,100.0,0.0,0.0,0.0,0.0,0.0,0.0,0.51,,ok,excellent,15875,2484,2484,2484,100.0,0.0,0.0,0.0,0.0,0.0,0.0,1.271,,not_run_quota,,,,,,,,,,,,,,,not_run_quota,,,,,,,,,,,,,,,not_run_quota,,,,,,,,,,,,,,,not_run_quota,,,,,,,,,,,,,,,not_run_quota,,,,,,,,,,,,,,,not_run_quota,,,,,,,,,,,,,,
B,eth-corpus,ta-ema-ribbon-stack-transition-01,,plain,strict,628,False,ok,,0.133,0.961,False,0,0,0,0,0,0,0,0,0,0,1,0,0,ok,excellent,627,626,626,626,100.0,0.0,0.0,0.0,0.0,0.0,0.0,0.987,,ok,excellent,627,626,626,626,100.0,0.0,0.0,0.0,0.0,0.0,0.0,0.381,,ok,excellent,3937,626,626,626,100.0,0.0,0.0,0.0,0.0,0.005112347543108475,0.004745584814128575,0.502,,not_run_quota,,,,,,,,,,,,,,,not_run_quota,,,,,,,,,,,,,,,not_run_quota,,,,,,,,,,,,,,,not_run_quota,,,,,,,,,,,,,,,not_run_quota,,,,,,,,,,,,,,,not_run_quota,,,,,,,,,,,,,,
B,eth-corpus,ta-engulfing-candle-pattern-01,,plain,strict,826,False,ok,,0.179,1.832,False,0,0,0,0,0,0,0,0,0,0,0,0,0,ok,excellent,826,826,826,826,100.0,0.0,0.0,0.0,0.0,0.0,0.0,0.473,,ok,excellent,826,826,826,826,100.0,0.0,0.0,0.0,0.0,0.0,0.0,0.366,,ok,excellent,5512,825,825,825,100.0,0.0,0.0,0.0,0.0,0.006126832780331586,0.0058596625541061575,0.327,,not_run_quota,,,,,,,,,,,,,,,not_run_quota,,,,,,,,,,,,,,,not_run_quota,,,,,,,,,,,,,,,not_run_quota,,,,,,,,,,,,,,,not_run_quota,,,,,,,,,,,,,,,not_run_quota,,,,,,,,,,,,,,
B,eth-corpus,ta-gyroscope-cmo-median-01,,plain,strict,547,False,ok,,0.059,1.145,False,0,0,0,0,0,0,0,0,0,0,0,0,0,ok,excellent,547,547,547,547,100.0,0.0,0.0,0.0,0.0,4.52494911004768e-08,2.2751398200729915e-08,1.124,,ok,excellent,546,546,546,546,100.0,0.0,0.0,0.0,0.0,4.605150276943625e-08,2.2553904479708974e-08,0.355,,ok,excellent,3447,547,547,547,100.0,0.0,0.0,0.0,0.0,4.52494911004768e-08,2.2751398200729915e-08,0.38,,not_run_quota,,,,,,,,,,,,,,,not_run_quota,,,,,,,,,,,,,,,not_run_quota,,,,,,,,,,,,,,,not_run_quota,,,,,,,,,,,,,,,not_run_quota,,,,,,,,,,,,,,,not_run_quota,,,,,,,,,,,,,,
B,eth-corpus,ta-highestbars-lowestbars-breakout-01,,plain,strict,1587,False,ok,,0.171,1.491,False,0,0,0,0,0,0,0,0,0,0,0,0,0,ok,excellent,1587,1587,1587,1587,100.0,0.0,0.0,0.0,0.0,0.0004485555962781722,0.0003450684666337269,1.008,,ok,excellent,1587,1587,1587,1587,100.0,0.0,0.0,0.0,0.0,0.0004485555962781722,0.0003450684666337269,0.39,,ok,excellent,10213,1587,1587,1587,100.0,0.0,0.0,0.0,0.0,0.0046660722393318714,0.0035895536833955555,0.598,,not_run_quota,,,,,,,,,,,,,,,not_run_quota,,,,,,,,,,,,,,,not_run_quota,,,,,,,,,,,,,,,not_run_quota,,,,,,,,,,,,,,,not_run_quota,,,,,,,,,,,,,,,not_run_quota,,,,,,,,,,,,,,
B,eth-corpus,ta-hma-55-close-cross-01,,plain,strict,4839,False,ok,,0.089,1.419,False,0,0,0,0,0,0,0,0,0,0,0,0,0,ok,excellent,4839,4839,4839,4839,100.0,0.0,0.0,0.0,0.0,0.0,0.0,0.739,,ok,excellent,4833,4833,4833,4833,100.0,0.0,0.0,0.0,0.0,0.0,0.0,0.611,,ok,excellent,28672,4839,4839,4839,100.0,0.0,0.0,0.0,0.0,2.9245752054487487e-05,4.168629396336984e-06,0.737,,not_run_quota,,,,,,,,,,,,,,,not_run_quota,,,,,,,,,,,,,,,not_run_quota,,,,,,,,,,,,,,,not_run_quota,,,,,,,,,,,,,,,not_run_quota,,,,,,,,,,,,,,,not_run_quota,,,,,,,,,,,,,,
B,eth-corpus,ta-hma-fast-slow-cross-01,,plain,strict,4716,False,ok,,0.053,1.094,False,0,0,0,0,0,0,0,0,0,0,0,0,0,ok,excellent,4716,4716,4716,4716,100.0,0.0,0.0,0.0,0.0,0.0,0.0,0.986,,ok,excellent,4716,4716,4716,4716,100.0,0.0,0.0,0.0,0.0,0.0,0.0,0.693,,ok,excellent,30476,4716,4716,4716,100.0,0.0,0.0,0.0,0.0,0.0011224645983014944,0.0009171565116217657,1.672,,not_run_quota,,,,,,,,,,,,,,,not_run_quota,,,,,,,,,,,,,,,not_run_quota,,,,,,,,,,,,,,,not_run_quota,,,,,,,,,,,,,,,not_run_quota,,,,,,,,,,,,,,,not_run_quota,,,,,,,,,,,,,,
B,eth-corpus,ta-inside-bar-engulfing-01,,plain,strict,3614,False,ok,,0.082,0.893,False,0,0,0,0,0,0,0,0,0,0,0,0,0,ok,excellent,3614,3614,3614,3614,100.0,0.0,0.0,0.0,0.0,0.0,0.0,1.023,,ok,strong,3604,3604,3605,3604,99.97,0.00027739251040221914,0.0,0.0,0.0,0.0,0.0,0.596,,ok,excellent,19236,3613,3613,3613,100.0,0.0,0.0,0.0,0.0,0.008656620711766578,0.0019351284038326235,0.752,,not_run_quota,,,,,,,,,,,,,,,not_run_quota,,,,,,,,,,,,,,,not_run_quota,,,,,,,,,,,,,,,not_run_quota,,,,,,,,,,,,,,,not_run_quota,,,,,,,,,,,,,,,not_run_quota,,,,,,,,,,,,,,
B,eth-corpus,ta-kama-style-efficiency-ratio-01,,plain,strict,4601,False,ok,,0.051,1.247,False,0,0,0,0,0,0,0,0,0,0,1,0,0,ok,excellent,4601,4601,4601,4601,100.0,0.0,0.0,0.0,0.0,0.0,0.0,0.364,,ok,strong,4610,4602,4600,4600,100.0,0.000434593654932638,0.0,0.0,0.0,0.0,0.0,0.362,,ok,excellent,4949,4601,4601,4601,100.0,0.0,0.0,0.0,0.0,0.019896397457028467,0.001010342559933042,0.426,,not_run_quota,,,,,,,,,,,,,,,not_run_quota,,,,,,,,,,,,,,,not_run_quota,,,,,,,,,,,,,,,not_run_quota,,,,,,,,,,,,,,,not_run_quota,,,,,,,,,,,,,,,not_run_quota,,,,,,,,,,,,,,
B,eth-corpus,ta-keltner-channel-break-01,,plain,strict,706,False,ok,,0.085,0.958,False,0,0,0,0,0,0,0,0,0,0,0,0,0,ok,excellent,706,706,706,706,100.0,0.0,0.0,0.0,0.0,0.0,0.0,0.451,,ok,excellent,705,705,705,705,100.0,0.0,0.0,0.0,0.0,0.0,0.0,0.339,,ok,excellent,4171,706,706,706,100.0,0.0,0.0,0.0,0.0,0.0,0.0,0.424,,not_run_quota,,,,,,,,,,,,,,,not_run_quota,,,,,,,,,,,,,,,not_run_quota,,,,,,,,,,,,,,,not_run_quota,,,,,,,,,,,,,,,not_run_quota,,,,,,,,,,,,,,,not_run_quota,,,,,,,,,,,,,,
B,eth-corpus,ta-linreg-stdev-channel-revert-01,,plain,strict,248,False,ok,,0.055,1.211,False,0,0,0,0,0,0,0,0,0,0,0,0,0,ok,excellent,248,248,248,248,100.0,0.0,0.0,0.0,0.0,0.0,0.0,0.298,,ok,excellent,248,248,248,248,100.0,0.0,0.0,0.0,0.0,0.0,0.0,0.539,,ok,excellent,1569,248,248,248,100.0,0.0,0.0,0.0,0.0,0.0,0.0,0.279,,not_run_quota,,,,,,,,,,,,,,,not_run_quota,,,,,,,,,,,,,,,not_run_quota,,,,,,,,,,,,,,,not_run_quota,,,,,,,,,,,,,,,not_run_quota,,,,,,,,,,,,,,,not_run_quota,,,,,,,,,,,,,,
B,eth-corpus,ta-macd-12-26-9-line-signal-cross-01,,plain,strict,3022,False,ok,,0.084,1.238,False,0,0,0,0,0,0,0,0,0,0,0,0,0,ok,excellent,3022,3022,3022,3022,100.0,0.0,0.0,0.0,0.0,0.0,0.0,0.84,,ok,excellent,3020,3020,3020,3020,100.0,0.0,0.0,0.0,0.0,0.001101835627548993,0.0005465829078969857,0.431,,ok,excellent,17656,3022,3022,3022,100.0,0.0,0.0,0.0,0.0,7.953994098129145e-06,3.868666509337376e-06,1.316,,not_run_quota,,,,,,,,,,,,,,,not_run_quota,,,,,,,,,,,,,,,not_run_quota,,,,,,,,,,,,,,,not_run_quota,,,,,,,,,,,,,,,not_run_quota,,,,,,,,,,,,,,,not_run_quota,,,,,,,,,,,,,,
B,eth-corpus,ta-macd-histogram-reversal-01,,plain,strict,2816,False,ok,,0.087,1.703,False,0,0,0,0,0,0,0,0,0,0,0,0,0,ok,excellent,2816,2816,2816,2816,100.0,0.0,0.0,0.0,0.0,0.0006812990101126025,0.00036782338707645615,0.769,,ok,excellent,2816,2816,2816,2816,100.0,0.0,0.0,0.0,0.0,0.0006812990101126025,0.00036782338707645615,0.794,,ok,excellent,17656,2816,2816,2816,100.0,0.0,0.0,0.0,0.0,0.0073607010700401975,0.0039739350250806585,0.593,,not_run_quota,,,,,,,,,,,,,,,not_run_quota,,,,,,,,,,,,,,,not_run_quota,,,,,,,,,,,,,,,not_run_quota,,,,,,,,,,,,,,,not_run_quota,,,,,,,,,,,,,,,not_run_quota,,,,,,,,,,,,,,
B,eth-corpus,ta-macd-line-gt-signal-continuous-state-01,,plain,strict,1511,False,ok,,0.046,1.179,False,0,0,0,0,0,0,0,0,0,0,0,0,0,ok,excellent,1511,1511,1511,1511,100.0,0.0,0.0,0.0,0.0,0.0,0.0,0.914,,ok,excellent,1510,1510,1510,1510,100.0,0.0,0.0,0.0,0.0,0.0033088235294117586,0.0013660424611531931,0.512,,ok,excellent,8828,1511,1511,1511,100.0,0.0,0.0,0.0,0.0,0.0,0.0,0.647,,not_run_quota,,,,,,,,,,,,,,,not_run_quota,,,,,,,,,,,,,,,not_run_quota,,,,,,,,,,,,,,,not_run_quota,,,,,,,,,,,,,,,not_run_quota,,,,,,,,,,,,,,,not_run_quota,,,,,,,,,,,,,,
B,eth-corpus,ta-mantle-keltner-regime-01,,plain,strict,379,False,ok,,0.094,1.708,False,0,0,0,0,0,0,0,0,0,0,0,0,0,ok,excellent,379,379,379,379,100.0,0.0,0.0,0.0,0.0,1.7730304802384145e-08,1.796378456226182e-08,0.52,,ok,excellent,379,379,379,379,100.0,0.0,0.0,0.0,0.0,1.7730304802384145e-08,1.796378456226182e-08,0.532,,ok,excellent,2285,379,379,379,100.0,0.0,0.0,0.0,0.0,1.7730304802384145e-08,1.796378456226182e-08,0.526,,not_run_quota,,,,,,,,,,,,,,,not_run_quota,,,,,,,,,,,,,,,not_run_quota,,,,,,,,,,,,,,,not_run_quota,,,,,,,,,,,,,,,not_run_quota,,,,,,,,,,,,,,,not_run_quota,,,,,,,,,,,,,,
B,eth-corpus,ta-map-regime-threshold-lookup-01,,plain,strict,802,False,ok,,0.118,1.94,False,0,0,0,0,0,0,0,0,0,0,1,0,0,ok,excellent,805,801,801,801,100.0,0.0,0.0,0.0,0.0,0.0,0.0,0.776,,ok,excellent,805,801,801,801,100.0,0.0,0.0,0.0,0.0,0.0,0.0,0.25,,ok,excellent,4873,801,801,801,100.0,0.0,0.0,0.0,0.0,0.006998826057598831,0.00623402811052548,0.566,,not_run_quota,,,,,,,,,,,,,,,not_run_quota,,,,,,,,,,,,,,,not_run_quota,,,,,,,,,,,,,,,not_run_quota,,,,,,,,,,,,,,,not_run_quota,,,,,,,,,,,,,,,not_run_quota,,,,,,,,,,,,,,
B,eth-corpus,ta-median-vs-ema-cross-01,,plain,strict,2838,False,ok,,0.134,1.949,False,0,0,0,0,0,0,0,0,0,0,0,0,0,ok,excellent,2838,2838,2838,2838,100.0,0.0,0.0,0.0,0.0,0.0,0.0,0.894,,ok,excellent,2838,2838,2838,2838,100.0,0.0,0.0,0.0,0.0,0.0,0.0,0.282,,ok,excellent,18103,2838,2838,2838,100.0,0.0,0.0,0.0,0.0,0.002452007581207017,0.0019053544348096934,1.497,,not_run_quota,,,,,,,,,,,,,,,not_run_quota,,,,,,,,,,,,,,,not_run_quota,,,,,,,,,,,,,,,not_run_quota,,,,,,,,,,,,,,,not_run_quota,,,,,,,,,,,,,,,not_run_quota,,,,,,,,,,,,,,
B,eth-corpus,ta-meridian-dmi-regime-01,,brackets,strict,439,False,ok,,0.049,1.188,False,0,1,0,0,0,0,0,0,0,0,0,0,0,ok,excellent,439,439,439,439,100.0,0.0,0.0,0.0,0.0,5.409589577711818e-09,1.582100421616796e-08,1.057,,ok,excellent,438,438,438,438,100.0,0.0,0.0,0.0,0.0,0.0024967345647236732,0.002497254968688056,0.366,,ok,excellent,2552,439,439,439,100.0,0.0,0.0,0.0,0.0,5.409589577711818e-09,1.582100421616796e-08,0.301,,not_run_quota,,,,,,,,,,,,,,,not_run_quota,,,,,,,,,,,,,,,not_run_quota,,,,,,,,,,,,,,,not_run_quota,,,,,,,,,,,,,,,not_run_quota,,,,,,,,,,,,,,,not_run_quota,,,,,,,,,,,,,,
B,eth-corpus,ta-mfi-14-bands-20-80-01,,plain,strict,463,False,ok,,0.104,1.018,False,0,0,0,0,0,0,0,0,0,0,0,0,0,ok,excellent,463,463,463,463,100.0,0.0,0.0,0.0,0.0,0.0,0.0,0.544,,ok,excellent,463,462,462,462,100.0,0.0,0.0,0.0,0.0,0.0,0.0,0.383,,ok,excellent,2366,463,463,463,100.0,0.0,0.0,0.0,0.0,0.6383914034516451,0.01809848233078542,0.469,,not_run_quota,,,,,,,,,,,,,,,not_run_quota,,,,,,,,,,,,,,,not_run_quota,,,,,,,,,,,,,,,not_run_quota,,,,,,,,,,,,,,,not_run_quota,,,,,,,,,,,,,,,not_run_quota,,,,,,,,,,,,,,
B,eth-corpus,ta-momentum-roc-zero-cross-01,,plain,strict,5692,False,ok,,0.049,1.079,False,0,0,0,0,0,0,0,0,0,0,0,0,0,ok,excellent,5691,5691,5691,5691,100.0,0.0,0.0,0.0,0.0,0.0,0.0,0.918,,ok,strong,5693,5693,5692,5692,100.0,0.0001756543123133673,0.0,0.0,0.0,0.0,0.0,0.417,,ok,excellent,6117,5691,5691,5691,100.0,0.0,0.0,0.0,0.0,0.00871203045550137,0.0051262771635905745,0.309,,not_run_quota,,,,,,,,,,,,,,,not_run_quota,,,,,,,,,,,,,,,not_run_quota,,,,,,,,,,,,,,,not_run_quota,,,,,,,,,,,,,,,not_run_quota,,,,,,,,,,,,,,,not_run_quota,,,,,,,,,,,,,,
B,eth-corpus,ta-multi-indicator-score-composite-01,,plain,strict,3912,False,ok,,0.124,2.406,False,0,0,0,0,0,0,0,0,0,0,0,0,0,ok,excellent,3912,3912,3912,3912,100.0,0.0,0.0,0.0,0.0,0.0,0.0,1.097,,ok,strong,3913,3913,3912,3912,100.0,0.0002555583950932788,0.0,0.0,0.0,0.0013573999776631711,0.0005583236156754659,0.547,,ok,excellent,4204,3912,3912,3912,100.0,0.0,0.0,0.0,0.0,0.0014519025077535498,0.0005971942471465612,0.744,,not_run_quota,,,,,,,,,,,,,,,not_run_quota,,,,,,,,,,,,,,,not_run_quota,,,,,,,,,,,,,,,not_run_quota,,,,,,,,,,,,,,,not_run_quota,,,,,,,,,,,,,,,not_run_quota,,,,,,,,,,,,,,
B,eth-corpus,ta-nvi-pvi-cross-01,,plain,strict,279,False,ok,,0.043,0.841,False,0,0,0,0,0,0,0,0,0,0,0,0,0,ok,excellent,278,278,278,278,100.0,0.0,0.0,0.0,0.0,0.0,0.0,0.436,,ok,strong,278,274,274,274,100.0,0.0,0.0,0.0,0.0,0.0,0.0,0.291,,ok,excellent,1603,277,277,277,100.0,0.0,0.0,0.0,0.0,0.07326517967781918,0.027111541351946936,0.222,,not_run_quota,,,,,,,,,,,,,,,not_run_quota,,,,,,,,,,,,,,,not_run_quota,,,,,,,,,,,,,,,not_run_quota,,,,,,,,,,,,,,,not_run_quota,,,,,,,,,,,,,,,not_run_quota,,,,,,,,,,,,,,
B,eth-corpus,ta-obv-ema-cross-01,,plain,strict,5296,False,ok,,0.084,1.107,False,0,0,0,0,0,0,0,0,0,0,0,0,0,ok,excellent,5296,5296,5296,5296,100.0,0.0,0.0,0.0,0.0,0.0,0.0,0.476,,ok,excellent,5286,5285,5285,5285,100.0,0.0,0.0,0.0,0.0,0.0,0.0,0.808,,ok,excellent,32098,5296,5296,5296,100.0,0.0,0.0,0.0,0.0,3.5000525007843294e-05,9.120592473678793e-06,0.608,,not_run_quota,,,,,,,,,,,,,,,not_run_quota,,,,,,,,,,,,,,,not_run_quota,,,,,,,,,,,,,,,not_run_quota,,,,,,,,,,,,,,,not_run_quota,,,,,,,,,,,,,,,not_run_quota,,,,,,,,,,,,,,
B,eth-corpus,ta-pendulum-sar-rotation-01,,plain,strict,830,False,ok,,0.097,0.91,False,0,0,0,0,0,0,0,0,0,0,1,0,0,ok,excellent,830,830,830,830,100.0,0.0,0.0,0.0,0.0,0.10879585947275089,0.0669697789296044,0.77,,ok,excellent,830,829,829,829,100.0,0.0,0.0,0.0,0.0,1.8529130305917227e-08,3.332095118371488e-08,0.423,,ok,excellent,4949,830,830,830,100.0,0.0,0.0,0.0,0.0,0.10879585947275089,0.0669697789296044,0.491,,not_run_quota,,,,,,,,,,,,,,,not_run_quota,,,,,,,,,,,,,,,not_run_quota,,,,,,,,,,,,,,,not_run_quota,,,,,,,,,,,,,,,not_run_quota,,,,,,,,,,,,,,,not_run_quota,,,,,,,,,,,,,,
B,eth-corpus,ta-percentrank-mean-reversion-01,,plain,strict,363,False,ok,,0.102,1.785,False,0,0,0,0,0,0,0,0,0,0,0,0,0,ok,excellent,363,363,363,363,100.0,0.0,0.0,0.0,0.0,0.0,0.0,0.413,,ok,excellent,363,363,363,363,100.0,0.0,0.0,0.0,0.0,0.0,0.0,0.396,,ok,excellent,2275,363,363,363,100.0,0.0,0.0,0.0,0.0,0.0,0.0,0.845,,not_run_quota,,,,,,,,,,,,,,,not_run_quota,,,,,,,,,,,,,,,not_run_quota,,,,,,,,,,,,,,,not_run_quota,,,,,,,,,,,,,,,not_run_quota,,,,,,,,,,,,,,,not_run_quota,,,,,,,,,,,,,,
B,eth-corpus,ta-pivot-array-unshift-pop-01,,plain,strict,829,False,ok,,0.124,1.651,False,0,0,0,0,0,0,0,0,0,0,1,1,0,ok,excellent,829,829,829,829,100.0,0.0,0.0,0.0,0.0,0.0,0.0,0.318,,ok,excellent,829,829,829,829,100.0,0.0,0.0,0.0,0.0,0.0,0.0,0.438,,ok,excellent,5202,829,829,829,100.0,0.0,0.0,0.0,0.0,0.0010352727851901194,0.0006514632867672213,0.46,,not_run_quota,,,,,,,,,,,,,,,not_run_quota,,,,,,,,,,,,,,,not_run_quota,,,,,,,,,,,,,,,not_run_quota,,,,,,,,,,,,,,,not_run_quota,,,,,,,,,,,,,,,not_run_quota,,,,,,,,,,,,,,
B,eth-corpus,ta-pivot-atr-stop-target-01,,brackets,strict,1620,False,ok,,0.09,1.132,False,0,1,0,0,0,0,0,0,0,0,1,0,0,ok,excellent,1620,1620,1620,1620,100.0,0.0,0.0,0.0,0.0,0.0013070152040542873,0.0013635018844625104,0.44,,ok,excellent,1620,1620,1620,1620,100.0,0.0,0.0,0.0,0.0,0.0013070152040542873,0.0013635018844625104,0.48,,ok,excellent,10145,1620,1620,1620,100.0,0.0,0.0,0.0,0.0,0.0013070152040542873,0.0013635018844625104,0.545,,not_run_quota,,,,,,,,,,,,,,,not_run_quota,,,,,,,,,,,,,,,not_run_quota,,,,,,,,,,,,,,,not_run_quota,,,,,,,,,,,,,,,not_run_quota,,,,,,,,,,,,,,,not_run_quota,,,,,,,,,,,,,,
B,eth-corpus,ta-pivot-confirmed-break-01,,plain,strict,1115,False,ok,,0.046,1.06,False,0,0,0,0,0,0,0,0,0,0,1,0,0,ok,excellent,1115,1115,1115,1115,100.0,0.0,0.0,0.0,0.0,0.0,0.0,0.679,,ok,excellent,1112,1111,1111,1111,100.0,0.0,0.0,0.0,0.0,0.0,0.0,0.421,,ok,excellent,6351,1115,1115,1115,100.0,0.0,0.0,0.0,0.0,0.006598183558878966,0.002455015452156093,0.767,,not_run_quota,,,,,,,,,,,,,,,not_run_quota,,,,,,,,,,,,,,,not_run_quota,,,,,,,,,,,,,,,not_run_quota,,,,,,,,,,,,,,,not_run_quota,,,,,,,,,,,,,,,not_run_quota,,,,,,,,,,,,,,
B,eth-corpus,ta-pivot-point-levels-break-01,,plain,strict,7663,False,ok,,0.069,1.128,False,0,0,0,0,0,0,0,0,0,0,0,1,0,ok,excellent,7663,7663,7663,7663,100.0,0.0,0.0,0.0,0.0,0.0,0.0,1.149,,ok,strong,7647,7647,7646,7646,100.0,0.0001307702366941284,0.0,0.0,0.0,0.0,0.0,0.83,,ok,strong,44461,7664,7663,7663,100.0,0.00013048016701461377,0.0,0.0,0.0,0.0010433721788821106,0.0010311731577694596,1.496,,not_run_quota,,,,,,,,,,,,,,,not_run_quota,,,,,,,,,,,,,,,not_run_quota,,,,,,,,,,,,,,,not_run_quota,,,,,,,,,,,,,,,not_run_quota,,,,,,,,,,,,,,,not_run_quota,,,,,,,,,,,,,,
B,eth-corpus,ta-plumbline-pvt-vwma-01,,plain,strict,1371,False,ok,,0.052,1.428,False,0,0,0,0,0,0,0,0,0,0,0,0,0,ok,excellent,1371,1371,1371,1370,99.93,0.0,0.0,0.0,0.0,1.0511152606266887e-08,1.8231783212458724e-08,0.717,,ok,excellent,1367,1366,1366,1366,100.0,0.0,0.0,0.0,0.0,1.0466867974655702e-08,1.815775372917146e-08,0.425,,ok,excellent,8135,1371,1371,1370,99.93,0.0,0.0,0.0,0.0,1.0511152606266887e-08,1.8231783212458724e-08,0.492,,not_run_quota,,,,,,,,,,,,,,,not_run_quota,,,,,,,,,,,,,,,not_run_quota,,,,,,,,,,,,,,,not_run_quota,,,,,,,,,,,,,,,not_run_quota,,,,,,,,,,,,,,,not_run_quota,,,,,,,,,,,,,,
B,eth-corpus,ta-pvt-ema-cross-01,,plain,strict,2871,False,ok,,0.088,1.049,False,0,0,0,0,0,0,0,0,0,0,0,0,0,ok,excellent,2868,2868,2868,2867,99.97,0.0,0.0,0.0,0.0,0.001209101935710923,0.0007111831296560593,1.012,,ok,excellent,2858,2857,2857,2857,100.0,0.0,0.0,0.0,0.0,0.0,0.0,0.662,,ok,excellent,17314,2868,2868,2867,99.97,0.0,0.0,0.0,0.0,0.001212928207659285,0.000713433709180336,1.31,,not_run_quota,,,,,,,,,,,,,,,not_run_quota,,,,,,,,,,,,,,,not_run_quota,,,,,,,,,,,,,,,not_run_quota,,,,,,,,,,,,,,,not_run_quota,,,,,,,,,,,,,,,not_run_quota,,,,,,,,,,,,,,
B,eth-corpus,ta-quarry-alma-correlation-01,,plain,strict,956,False,ok,,0.048,1.104,False,0,0,0,0,0,0,0,0,0,0,0,0,0,ok,excellent,956,956,956,956,100.0,0.0,0.0,0.0,0.0,1.2765271398366652e-08,1.264659711796884e-08,0.619,,ok,excellent,954,954,954,954,100.0,0.0,0.0,0.0,0.0,1.2607561396584434e-08,1.2491787974548828e-08,0.227,,ok,excellent,5797,956,956,956,100.0,0.0,0.0,0.0,0.0,1.2765271398366652e-08,1.264659711796884e-08,0.529,,not_run_quota,,,,,,,,,,,,,,,not_run_quota,,,,,,,,,,,,,,,not_run_quota,,,,,,,,,,,,,,,not_run_quota,,,,,,,,,,,,,,,not_run_quota,,,,,,,,,,,,,,,not_run_quota,,,,,,,,,,,,,,
B,eth-corpus,ta-range-filter-var-band-01,,plain,strict,402,False,ok,,0.115,1.222,False,0,0,0,0,0,0,0,0,0,0,1,0,0,ok,excellent,402,401,401,401,100.0,0.0,0.0,0.0,0.0,0.0,0.0,0.718,,ok,excellent,402,401,401,401,100.0,0.0,0.0,0.0,0.0,0.0,0.0,0.375,,ok,excellent,2356,401,401,401,100.0,0.0,0.0,0.0,0.0,0.028524716291594508,0.011092079970680438,0.324,,not_run_quota,,,,,,,,,,,,,,,not_run_quota,,,,,,,,,,,,,,,not_run_quota,,,,,,,,,,,,,,,not_run_quota,,,,,,,,,,,,,,,not_run_quota,,,,,,,,,,,,,,,not_run_quota,,,,,,,,,,,,,,
B,eth-corpus,ta-rci-14-zero-cross-01,,plain,strict,2991,False,ok,,0.089,1.683,False,0,0,0,0,0,0,0,0,0,0,0,0,0,ok,excellent,2991,2991,2991,2991,100.0,0.0,0.0,0.0,0.0,0.0052980552647441895,0.0026519723051515193,0.804,,ok,excellent,2985,2985,2985,2985,100.0,0.0,0.0,0.0,0.0,0.005708328348515525,0.0027509410030227667,0.291,,ok,excellent,17632,2991,2991,2991,100.0,0.0,0.0,0.0,0.0,0.0068367120332475904,0.0034221558788031414,0.774,,not_run_quota,,,,,,,,,,,,,,,not_run_quota,,,,,,,,,,,,,,,not_run_quota,,,,,,,,,,,,,,,not_run_quota,,,,,,,,,,,,,,,not_run_quota,,,,,,,,,,,,,,,not_run_quota,,,,,,,,,,,,,,
B,eth-corpus,ta-rsi-bb-self-bands-01,,plain,strict,350,False,ok,,0.09,1.26,False,0,0,0,0,0,0,0,0,0,0,0,0,0,ok,excellent,350,350,350,350,100.0,0.0,0.0,0.0,0.0,0.0,0.0,0.775,,ok,excellent,350,350,350,350,100.0,0.0,0.0,0.0,0.0,0.0,0.0,0.427,,ok,excellent,2172,350,350,350,100.0,0.0,0.0,0.0,0.0,0.0,0.0,0.279,,not_run_quota,,,,,,,,,,,,,,,not_run_quota,,,,,,,,,,,,,,,not_run_quota,,,,,,,,,,,,,,,not_run_quota,,,,,,,,,,,,,,,not_run_quota,,,,,,,,,,,,,,,not_run_quota,,,,,,,,,,,,,,
B,eth-corpus,ta-rsi-ema-signal-cross-01,,plain,strict,846,False,ok,,0.101,0.891,False,0,0,0,0,0,0,0,0,0,0,0,0,0,ok,excellent,846,846,846,846,100.0,0.0,0.0,0.0,0.0,0.0,0.0,0.78,,ok,excellent,846,846,846,846,100.0,0.0,0.0,0.0,0.0,0.0,0.0,0.274,,ok,excellent,5616,845,845,845,100.0,0.0,0.0,0.0,0.0,0.046809760600910605,0.008746618575293059,0.855,,not_run_quota,,,,,,,,,,,,,,,not_run_quota,,,,,,,,,,,,,,,not_run_quota,,,,,,,,,,,,,,,not_run_quota,,,,,,,,,,,,,,,not_run_quota,,,,,,,,,,,,,,,not_run_quota,,,,,,,,,,,,,,
B,eth-corpus,ta-rsi-macd-and-continuous-state-01,,plain,strict,1917,False,ok,,0.08,0.902,False,0,0,0,0,0,0,0,0,0,0,0,0,0,ok,excellent,1918,1916,1916,1916,100.0,0.0,0.0,0.0,0.0,0.0,0.0,0.691,,ok,strong,1911,1911,1913,1911,99.9,0.0010454783063251437,0.0,0.0,0.0,0.6601283448359367,0.04460844876819545,0.471,,ok,excellent,11424,1916,1916,1916,100.0,0.0,0.0,0.0,0.0,0.0,0.0,0.508,,not_run_quota,,,,,,,,,,,,,,,not_run_quota,,,,,,,,,,,,,,,not_run_quota,,,,,,,,,,,,,,,not_run_quota,,,,,,,,,,,,,,,not_run_quota,,,,,,,,,,,,,,,not_run_quota,,,,,,,,,,,,,,
B,eth-corpus,ta-rsi14-bands-30-70-01,,plain,strict,256,False,ok,,0.09,1.229,False,0,0,0,0,0,0,0,0,0,0,0,0,0,ok,excellent,256,256,256,256,100.0,0.0,0.0,0.0,0.0,0.0,0.0,0.282,,ok,excellent,256,255,255,255,100.0,0.0,0.0,0.0,0.0,0.0,0.0,0.277,,ok,excellent,1512,256,256,256,100.0,0.0,0.0,0.0,0.0,0.0171198801916113,0.008339787632729573,0.405,,not_run_quota,,,,,,,,,,,,,,,not_run_quota,,,,,,,,,,,,,,,not_run_quota,,,,,,,,,,,,,,,not_run_quota,,,,,,,,,,,,,,,not_run_quota,,,,,,,,,,,,,,,not_run_quota,,,,,,,,,,,,,,
B,eth-corpus,ta-rsi14-cross-50-01,,plain,strict,4690,False,ok,,0.101,0.933,False,0,0,0,0,0,0,0,0,0,0,0,0,0,ok,excellent,4690,4690,4690,4690,100.0,0.0,0.0,0.0,0.0,0.0,0.0,0.727,,ok,excellent,4673,4673,4673,4673,100.0,0.0,0.0,0.0,0.0,0.0,0.0,0.751,,ok,excellent,27888,4690,4690,4690,100.0,0.0,0.0,0.0,0.0,7.770490784190862e-06,3.702373591706275e-06,1.124,,not_run_quota,,,,,,,,,,,,,,,not_run_quota,,,,,,,,,,,,,,,not_run_quota,,,,,,,,,,,,,,,not_run_quota,,,,,,,,,,,,,,,not_run_quota,,,,,,,,,,,,,,,not_run_quota,,,,,,,,,,,,,,
B,eth-corpus,ta-rsi14-gt-50-continuous-state-01,,plain,strict,2345,False,ok,,0.109,0.991,False,0,0,0,0,0,0,0,0,0,0,0,0,0,ok,excellent,2345,2345,2345,2345,100.0,0.0,0.0,0.0,0.0,0.0,0.0,0.905,,ok,excellent,2337,2336,2336,2336,100.0,0.0,0.0,0.0,0.0,0.0,0.0,0.373,,ok,excellent,13945,2345,2345,2345,100.0,0.0,0.0,0.0,0.0,0.0,0.0,1.162,,not_run_quota,,,,,,,,,,,,,,,not_run_quota,,,,,,,,,,,,,,,not_run_quota,,,,,,,,,,,,,,,not_run_quota,,,,,,,,,,,,,,,not_run_quota,,,,,,,,,,,,,,,not_run_quota,,,,,,,,,,,,,,
B,eth-corpus,ta-rsi14-gt60-lt45-no-matrix-01,,plain,strict,785,False,ok,,0.123,0.94,False,0,0,0,0,0,0,0,0,0,0,0,0,0,ok,excellent,785,785,785,785,100.0,0.0,0.0,0.0,0.0,0.0,0.0,1.031,,ok,excellent,784,783,783,783,100.0,0.0,0.0,0.0,0.0,0.0,0.0,0.416,,ok,excellent,4516,785,785,785,100.0,0.0,0.0,0.0,0.0,0.0,0.0,0.255,,not_run_quota,,,,,,,,,,,,,,,not_run_quota,,,,,,,,,,,,,,,not_run_quota,,,,,,,,,,,,,,,not_run_quota,,,,,,,,,,,,,,,not_run_quota,,,,,,,,,,,,,,,not_run_quota,,,,,,,,,,,,,,
B,eth-corpus,ta-sar-flip-entry-01,,plain,strict,3082,False,ok,,0.085,1.777,False,0,0,0,0,0,0,0,0,0,0,0,0,0,ok,excellent,3082,3082,3082,3082,100.0,0.0,0.0,0.0,0.0,0.0,0.0,0.784,,ok,strong,3076,3076,3075,3075,100.0,0.00032509752925877764,0.0,0.0,0.0,0.0,0.0,0.554,,ok,excellent,18097,3082,3082,3082,100.0,0.0,0.0,0.0,0.0,0.00021561771561765203,0.00015999999999995258,0.962,,not_run_quota,,,,,,,,,,,,,,,not_run_quota,,,,,,,,,,,,,,,not_run_quota,,,,,,,,,,,,,,,not_run_quota,,,,,,,,,,,,,,,not_run_quota,,,,,,,,,,,,,,,not_run_quota,,,,,,,,,,,,,,
B,eth-corpus,ta-sextant-cci-hma-01,,plain,strict,1421,False,ok,,0.049,1.481,False,0,0,0,0,0,0,0,0,0,0,0,0,0,ok,excellent,1421,1421,1421,1421,100.0,0.0,0.0,0.0,0.0,7.308568697320013e-09,1.3155423814706529e-08,0.884,,ok,excellent,1416,1416,1416,1416,100.0,0.0,0.0,0.0,0.0,7.340641512582483e-09,1.3213154882879056e-08,0.446,,ok,excellent,8333,1421,1421,1421,100.0,0.0,0.0,0.0,0.0,7.308568697320013e-09,1.3155423814706529e-08,0.371,,not_run_quota,,,,,,,,,,,,,,,not_run_quota,,,,,,,,,,,,,,,not_run_quota,,,,,,,,,,,,,,,not_run_quota,,,,,,,,,,,,,,,not_run_quota,,,,,,,,,,,,,,,not_run_quota,,,,,,,,,,,,,,
B,eth-corpus,ta-sma-152-close-cross-01,,plain,strict,1617,False,ok,,0.097,1.857,False,0,0,0,0,0,0,0,0,0,0,0,0,0,ok,excellent,1617,1617,1617,1617,100.0,0.0,0.0,0.0,0.0,0.0,0.0,0.91,,ok,excellent,1612,1612,1612,1612,100.0,0.0,0.0,0.0,0.0,0.0,0.0,0.358,,ok,excellent,9769,1617,1617,1617,100.0,0.0,0.0,0.0,0.0,0.0003953032122047604,0.0003282904275982595,0.549,,not_run_quota,,,,,,,,,,,,,,,not_run_quota,,,,,,,,,,,,,,,not_run_quota,,,,,,,,,,,,,,,not_run_quota,,,,,,,,,,,,,,,not_run_quota,,,,,,,,,,,,,,,not_run_quota,,,,,,,,,,,,,,
B,eth-corpus,ta-sma-dual-cross-01,,plain,strict,2150,False,ok,,0.089,1.192,False,0,0,0,0,0,0,0,0,0,0,0,0,0,ok,excellent,2150,2150,2150,2150,100.0,0.0,0.0,0.0,0.0,0.0,0.0,0.566,,ok,excellent,2147,2147,2147,2147,100.0,0.0,0.0,0.0,0.0,0.0,0.0,0.481,,ok,excellent,12550,2150,2150,2150,100.0,0.0,0.0,0.0,0.0,3.0506561452898085e-05,2.449579488852184e-05,0.81,,not_run_quota,,,,,,,,,,,,,,,not_run_quota,,,,,,,,,,,,,,,not_run_quota,,,,,,,,,,,,,,,not_run_quota,,,,,,,,,,,,,,,not_run_quota,,,,,,,,,,,,,,,not_run_quota,,,,,,,,,,,,,,
B,eth-corpus,ta-stdev-sma-expansion-break-01,,plain,strict,878,False,ok,,0.085,1.334,False,0,0,0,0,0,0,0,0,0,0,0,0,0,ok,excellent,878,878,878,878,100.0,0.0,0.0,0.0,0.0,0.0,0.0,1.008,,ok,excellent,875,874,874,874,100.0,0.0,0.0,0.0,0.0,0.0,0.0,0.26,,ok,excellent,5141,877,877,877,100.0,0.0,0.0,0.0,0.0,0.021041216184940478,0.016000885026953068,0.332,,not_run_quota,,,,,,,,,,,,,,,not_run_quota,,,,,,,,,,,,,,,not_run_quota,,,,,,,,,,,,,,,not_run_quota,,,,,,,,,,,,,,,not_run_quota,,,,,,,,,,,,,,,not_run_quota,,,,,,,,,,,,,,
B,eth-corpus,ta-stoch-slow-k-d-cross-01,,plain,strict,7585,False,ok,,0.105,1.717,False,0,0,0,0,0,0,0,0,0,0,0,0,0,ok,excellent,7585,7585,7585,7585,100.0,0.0,0.0,0.0,0.0,0.0,0.0,0.844,,ok,excellent,7560,7560,7560,7560,100.0,0.0,0.0,0.0,0.0,0.0,0.0,0.541,,ok,excellent,44827,7585,7585,7585,100.0,0.0,0.0,0.0,0.0,2.0423446116122753e-05,1.7006754515986405e-05,0.932,,not_run_quota,,,,,,,,,,,,,,,not_run_quota,,,,,,,,,,,,,,,not_run_quota,,,,,,,,,,,,,,,not_run_quota,,,,,,,,,,,,,,,not_run_quota,,,,,,,,,,,,,,,not_run_quota,,,,,,,,,,,,,,
B,eth-corpus,ta-stochastic-rsi-cross-01,,plain,strict,1339,False,ok,,0.088,1.144,False,0,0,0,0,0,0,0,0,0,0,0,0,0,ok,excellent,1339,1339,1339,1337,99.85,0.0,0.0,0.0,0.0,0.005429047642130284,0.004459622953581449,0.39,,ok,excellent,1339,1339,1339,1337,99.85,0.0,0.0,0.0,0.0,0.004735501720814141,0.0038899183729727456,0.379,,ok,excellent,8801,1339,1339,1337,99.85,0.0,0.0,0.0,0.0,0.0005481250023303888,0.004459622953581449,0.307,,not_run_quota,,,,,,,,,,,,,,,not_run_quota,,,,,,,,,,,,,,,not_run_quota,,,,,,,,,,,,,,,not_run_quota,,,,,,,,,,,,,,,not_run_quota,,,,,,,,,,,,,,,not_run_quota,,,,,,,,,,,,,,
B,eth-corpus,ta-str-match-regex-filter-01,,plain,strict,1917,False,ok,,0.049,0.874,False,0,0,0,0,0,0,0,0,0,0,0,0,0,ok,excellent,1918,1916,1916,1916,100.0,0.0,0.0,0.0,0.0,0.0,0.0,1.133,,ok,strong,1911,1911,1913,1911,99.9,0.0010454783063251437,0.0,0.0,0.0,0.6601283448359367,0.04460844876819545,0.454,,ok,excellent,11424,1916,1916,1916,100.0,0.0,0.0,0.0,0.0,0.0,0.0,0.658,,not_run_quota,,,,,,,,,,,,,,,not_run_quota,,,,,,,,,,,,,,,not_run_quota,,,,,,,,,,,,,,,not_run_quota,,,,,,,,,,,,,,,not_run_quota,,,,,,,,,,,,,,,not_run_quota,,,,,,,,,,,,,,
B,eth-corpus,ta-supertrend-adx-filter-01,,plain,strict,455,False,ok,,0.095,2.037,False,0,0,0,0,0,0,0,0,0,0,0,0,0,ok,excellent,455,455,455,455,100.0,0.0,0.0,0.0,0.0,0.0,0.0,0.67,,ok,excellent,455,455,455,455,100.0,0.0,0.0,0.0,0.0,0.0,0.0,0.664,,ok,excellent,2702,455,455,455,100.0,0.0,0.0,0.0,0.0,0.025580623755806168,0.008211824601390978,0.495,,not_run_quota,,,,,,,,,,,,,,,not_run_quota,,,,,,,,,,,,,,,not_run_quota,,,,,,,,,,,,,,,not_run_quota,,,,,,,,,,,,,,,not_run_quota,,,,,,,,,,,,,,,not_run_quota,,,,,,,,,,,,,,
B,eth-corpus,ta-supertrend-direction-flip-01,,plain,strict,819,False,ok,,0.087,0.969,False,0,0,0,0,0,0,0,0,0,0,1,0,0,ok,excellent,819,819,819,819,100.0,0.0,0.0,0.0,0.0,0.0,0.0,0.445,,ok,excellent,819,818,818,818,100.0,0.0,0.0,0.0,0.0,0.0,0.0,0.35,,ok,excellent,4695,819,819,819,100.0,0.0,0.0,0.0,0.0,0.006302420657778359,0.005999957200483589,0.843,,not_run_quota,,,,,,,,,,,,,,,not_run_quota,,,,,,,,,,,,,,,not_run_quota,,,,,,,,,,,,,,,not_run_quota,,,,,,,,,,,,,,,not_run_quota,,,,,,,,,,,,,,,not_run_quota,,,,,,,,,,,,,,
B,eth-corpus,ta-tally-volume-index-roc-01,,plain,strict,283,False,ok,,0.122,1.377,False,0,0,0,0,0,0,0,0,0,0,0,0,0,ok,excellent,283,283,283,283,100.0,0.0,0.0,0.0,0.0,8.483859245438283e-09,2.2780278840745417e-08,0.404,,ok,excellent,281,281,281,281,100.0,0.0,0.0,0.0,0.0,9.150121333127687e-09,2.138647454349913e-08,0.383,,ok,excellent,1879,283,283,283,100.0,0.0,0.0,0.0,0.0,8.483859245438283e-09,2.2780278840745417e-08,0.762,,not_run_quota,,,,,,,,,,,,,,,not_run_quota,,,,,,,,,,,,,,,not_run_quota,,,,,,,,,,,,,,,not_run_quota,,,,,,,,,,,,,,,not_run_quota,,,,,,,,,,,,,,,not_run_quota,,,,,,,,,,,,,,
B,eth-corpus,ta-torque-tsi-signal-01,,plain,strict,402,False,ok,,0.09,1.597,False,0,0,0,0,0,0,0,0,0,0,0,0,0,ok,excellent,402,402,402,402,100.0,0.0,0.0,0.0,0.0,1.5611163347411886e-08,1.1626696192717462e-08,0.872,,ok,excellent,402,401,401,401,100.0,0.0,0.0,0.0,0.0,1.5503731829271488e-08,1.1586831359908932e-08,0.351,,ok,excellent,2470,402,402,402,100.0,0.0,0.0,0.0,0.0,1.5611163347411886e-08,1.1626696192717462e-08,0.309,,not_run_quota,,,,,,,,,,,,,,,not_run_quota,,,,,,,,,,,,,,,not_run_quota,,,,,,,,,,,,,,,not_run_quota,,,,,,,,,,,,,,,not_run_quota,,,,,,,,,,,,,,,not_run_quota,,,,,,,,,,,,,,
B,eth-corpus,ta-triple-sma-stack-latch-01,,plain,strict,1408,False,ok,,0.06,1.637,False,0,0,0,0,0,0,0,0,0,0,1,0,0,ok,excellent,1408,1408,1408,1408,100.0,0.0,0.0,0.0,0.0,0.0002544868830631869,0.00023021679684214546,1.004,,ok,excellent,1408,1408,1408,1408,100.0,0.0,0.0,0.0,0.0,0.0002544868830631869,0.00023021679684214546,0.28,,ok,excellent,8905,1408,1408,1408,100.0,0.0,0.0,0.0,0.0,0.0014182988482915888,0.0012830375141077166,0.293,,not_run_quota,,,,,,,,,,,,,,,not_run_quota,,,,,,,,,,,,,,,not_run_quota,,,,,,,,,,,,,,,not_run_quota,,,,,,,,,,,,,,,not_run_quota,,,,,,,,,,,,,,,not_run_quota,,,,,,,,,,,,,,
B,eth-corpus,ta-tsi-25-13-signal-cross-01,,plain,strict,2583,False,ok,,0.112,0.894,False,0,0,0,0,0,0,0,0,0,0,0,0,0,ok,excellent,2583,2583,2583,2583,100.0,0.0,0.0,0.0,0.0,0.0,0.0,0.449,,ok,excellent,2581,2579,2579,2579,100.0,0.0,0.0,0.0,0.0,0.0,0.0,0.474,,ok,excellent,15359,2583,2583,2583,100.0,0.0,0.0,0.0,0.0,0.00034592370979795326,0.00020773445921661162,0.524,,not_run_quota,,,,,,,,,,,,,,,not_run_quota,,,,,,,,,,,,,,,not_run_quota,,,,,,,,,,,,,,,not_run_quota,,,,,,,,,,,,,,,not_run_quota,,,,,,,,,,,,,,,not_run_quota,,,,,,,,,,,,,,
B,eth-corpus,ta-volume-spike-atr-breakout-01,,plain,strict,1779,False,ok,,0.062,1.56,False,0,0,0,0,0,0,0,0,0,0,0,0,0,ok,excellent,1779,1779,1779,1779,100.0,0.0,0.0,0.0,0.0,0.0,0.0,0.623,,ok,excellent,1779,1779,1779,1779,100.0,0.0,0.0,0.0,0.0,0.0,0.0,0.349,,ok,excellent,10568,1779,1779,1779,100.0,0.0,0.0,0.0,0.0,0.0,0.0,0.74,,not_run_quota,,,,,,,,,,,,,,,not_run_quota,,,,,,,,,,,,,,,not_run_quota,,,,,,,,,,,,,,,not_run_quota,,,,,,,,,,,,,,,not_run_quota,,,,,,,,,,,,,,,not_run_quota,,,,,,,,,,,,,,
B,eth-corpus,ta-vwma-vs-sma-divergence-01,,plain,strict,2576,False,ok,,0.103,1.288,False,0,0,0,0,0,0,0,0,0,0,0,0,0,ok,excellent,2576,2576,2576,2576,100.0,0.0,0.0,0.0,0.0,0.0,0.0,0.868,,ok,excellent,2576,2576,2576,2576,100.0,0.0,0.0,0.0,0.0,0.0,0.0,0.332,,ok,excellent,15806,2576,2576,2576,100.0,0.0,0.0,0.0,0.0,0.005121973672097894,0.004477390946078132,0.648,,not_run_quota,,,,,,,,,,,,,,,not_run_quota,,,,,,,,,,,,,,,not_run_quota,,,,,,,,,,,,,,,not_run_quota,,,,,,,,,,,,,,,not_run_quota,,,,,,,,,,,,,,,not_run_quota,,,,,,,,,,,,,,
B,eth-corpus,ta-wpr-14-bands-01,,plain,strict,1847,False,ok,,0.099,0.962,False,0,0,0,0,0,0,0,0,0,0,0,0,0,ok,excellent,1847,1847,1847,1847,100.0,0.0,0.0,0.0,0.0,0.0,0.0,0.988,,ok,excellent,1842,1841,1841,1841,100.0,0.0,0.0,0.0,0.0,0.0,0.0,0.446,,ok,excellent,11007,1847,1847,1847,100.0,0.0,0.0,0.0,0.0,0.0006301991429290333,0.0005914952088888901,0.585,,not_run_quota,,,,,,,,,,,,,,,not_run_quota,,,,,,,,,,,,,,,not_run_quota,,,,,,,,,,,,,,,not_run_quota,,,,,,,,,,,,,,,not_run_quota,,,,,,,,,,,,,,,not_run_quota,,,,,,,,,,,,,,
B,eth-corpus,ta-zenith-rci-wpr-01,,plain,strict,949,False,ok,,0.093,1.306,False,0,0,0,0,0,0,0,0,0,0,0,0,0,ok,excellent,949,949,949,949,100.0,0.0,0.0,0.0,0.0,2.138404429703766e-09,1.0213360600331992e-08,0.419,,ok,excellent,947,947,947,947,100.0,0.0,0.0,0.0,0.0,2.091061622284573e-09,9.997152382331913e-09,0.355,,ok,excellent,5604,949,949,949,100.0,0.0,0.0,0.0,0.0,2.138404429703766e-09,1.0213360600331992e-08,0.611,,not_run_quota,,,,,,,,,,,,,,,not_run_quota,,,,,,,,,,,,,,,not_run_quota,,,,,,,,,,,,,,,not_run_quota,,,,,,,,,,,,,,,not_run_quota,,,,,,,,,,,,,,,not_run_quota,,,,,,,,,,,,,,
B,eth-corpus,timeframe-dial-main-period-01,,plain,strict,413,False,ok,,0.126,1.002,False,0,0,0,0,0,0,0,0,0,0,0,0,0,ok,excellent,413,412,412,412,100.0,0.0,0.0,0.0,0.0,1.9749620394485054e-07,3.590436108906117e-08,0.915,,ok,excellent,413,412,412,412,100.0,0.0,0.0,0.0,0.0,1.9749620394485054e-07,3.590436108906117e-08,0.356,,ok,excellent,2369,412,412,412,100.0,0.0,0.0,0.0,0.0,0.0027374422137630286,0.0004665569760010469,0.218,,not_run_quota,,,,,,,,,,,,,,,not_run_quota,,,,,,,,,,,,,,,not_run_quota,,,,,,,,,,,,,,,not_run_quota,,,,,,,,,,,,,,,not_run_quota,,,,,,,,,,,,,,,not_run_quota,,,,,,,,,,,,,,
B,eth-corpus,timeframe-main-period-self-adaptive-01,,plain,strict,1553,False,ok,,0.089,1.547,False,0,0,0,0,0,0,0,0,0,0,0,0,0,ok,excellent,1553,1553,1553,1553,100.0,0.0,0.0,0.0,0.0,0.0,0.0,0.714,,ok,excellent,1549,1549,1549,1549,100.0,0.0,0.0,0.0,0.0,0.0,0.0,0.363,,ok,excellent,9107,1553,1553,1553,100.0,0.0,0.0,0.0,0.0,0.0009069674635887447,0.0008866409131582962,0.927,,not_run_quota,,,,,,,,,,,,,,,not_run_quota,,,,,,,,,,,,,,,not_run_quota,,,,,,,,,,,,,,,not_run_quota,,,,,,,,,,,,,,,not_run_quota,,,,,,,,,,,,,,,not_run_quota,,,,,,,,,,,,,,
B,eth-corpus,udt-breaker-method-while-01,,plain,strict,1131,False,ok,,0.099,1.626,False,0,0,0,0,0,0,0,0,0,0,0,0,1,ok,excellent,1131,1131,1131,1131,100.0,0.0,0.0,0.0,0.0,2.3910427455574743e-08,1.657401744738375e-08,0.747,,ok,excellent,1127,1126,1126,1126,100.0,0.0,0.0,0.0,0.0,2.4149571676501326e-08,1.6479750377089568e-08,0.393,,ok,excellent,6808,1130,1130,1130,100.0,0.0,0.0,0.0,0.0,2.4009055226985627e-08,1.6534782022537914e-08,0.581,,not_run_quota,,,,,,,,,,,,,,,not_run_quota,,,,,,,,,,,,,,,not_run_quota,,,,,,,,,,,,,,,not_run_quota,,,,,,,,,,,,,,,not_run_quota,,,,,,,,,,,,,,,not_run_quota,,,,,,,,,,,,,,
B,eth-corpus,udt-courier-return-method-01,,plain,strict,674,False,ok,,0.051,1.511,False,0,0,0,0,0,0,0,0,0,0,0,0,1,ok,excellent,674,674,674,674,100.0,0.0,0.0,0.0,0.0,4.599381656714951e-08,2.1280703962010578e-08,0.656,,ok,excellent,671,670,670,670,100.0,0.0,0.0,0.0,0.0,4.822620159802548e-08,2.096004981422159e-08,0.489,,ok,excellent,3920,674,674,674,100.0,0.0,0.0,0.0,0.0,4.599381656714951e-08,2.1280703962010578e-08,0.642,,not_run_quota,,,,,,,,,,,,,,,not_run_quota,,,,,,,,,,,,,,,not_run_quota,,,,,,,,,,,,,,,not_run_quota,,,,,,,,,,,,,,,not_run_quota,,,,,,,,,,,,,,,not_run_quota,,,,,,,,,,,,,,
B,eth-corpus,udt-loopback-method-for-01,,plain,strict,1418,False,ok,,0.097,1.459,False,0,0,0,0,0,0,0,0,0,0,0,0,1,ok,excellent,1418,1418,1418,1418,100.0,0.0,0.0,0.0,0.0,2.7978191647024856e-08,3.497273939974343e-08,0.82,,ok,excellent,1414,1413,1413,1413,100.0,0.0,0.0,0.0,0.0,2.7763439194375664e-08,3.470429878254706e-08,0.429,,ok,excellent,8659,1418,1418,1418,100.0,0.0,0.0,0.0,0.0,2.7978191647024856e-08,3.497273939974343e-08,0.418,,not_run_quota,,,,,,,,,,,,,,,not_run_quota,,,,,,,,,,,,,,,not_run_quota,,,,,,,,,,,,,,,not_run_quota,,,,,,,,,,,,,,,not_run_quota,,,,,,,,,,,,,,,not_run_quota,,,,,,,,,,,,,,
B,eth-corpus,udt-method-calls-sibling-cumulative-01,,plain,strict,173,False,ok,,0.058,1.244,False,0,0,0,0,0,0,0,0,0,0,1,0,1,ok,excellent,173,173,173,173,100.0,0.0,0.0,0.0,0.0,0.0,0.0,0.591,,ok,excellent,173,173,173,173,100.0,0.0,0.0,0.0,0.0,0.0,0.0,0.387,,ok,excellent,1066,173,173,173,100.0,0.0,0.0,0.0,0.0,0.0,0.0,0.56,,not_run_quota,,,,,,,,,,,,,,,not_run_quota,,,,,,,,,,,,,,,not_run_quota,,,,,,,,,,,,,,,not_run_quota,,,,,,,,,,,,,,,not_run_quota,,,,,,,,,,,,,,,not_run_quota,,,,,,,,,,,,,,
B,eth-corpus,udt-method-default-param-kwargs-01,,plain,strict,417,False,ok,,0.167,1.322,False,0,0,0,0,0,0,0,0,0,0,1,0,1,ok,excellent,417,417,417,417,100.0,0.0,0.0,0.0,0.0,0.0,0.0,0.5,,ok,excellent,417,417,417,417,100.0,0.0,0.0,0.0,0.0,0.0,0.0,0.324,,ok,excellent,1901,417,417,417,100.0,0.0,0.0,0.0,0.0,0.0,0.0,0.212,,not_run_quota,,,,,,,,,,,,,,,not_run_quota,,,,,,,,,,,,,,,not_run_quota,,,,,,,,,,,,,,,not_run_quota,,,,,,,,,,,,,,,not_run_quota,,,,,,,,,,,,,,,not_run_quota,,,,,,,,,,,,,,
B,eth-corpus,udt-method-drives-strategy-entry-01,,plain,strict,1635,False,ok,,0.089,2.057,False,0,0,0,0,0,0,0,0,0,0,1,0,1,ok,excellent,1635,1635,1635,1635,100.0,0.0,0.0,0.0,0.0,0.0,0.0,0.705,,ok,excellent,1632,1631,1631,1631,100.0,0.0,0.0,0.0,0.0,0.0,0.0,0.49,,ok,strong,9830,1636,1635,1635,100.0,0.0006112469437652812,0.0,0.0,0.0,0.0005579907730185732,0.00032612277009354273,0.478,,not_run_quota,,,,,,,,,,,,,,,not_run_quota,,,,,,,,,,,,,,,not_run_quota,,,,,,,,,,,,,,,not_run_quota,,,,,,,,,,,,,,,not_run_quota,,,,,,,,,,,,,,,not_run_quota,,,,,,,,,,,,,,
B,eth-corpus,udt-method-extra-primitive-args-01,,brackets,strict,2504,False,ok,,0.084,2.343,False,0,1,0,0,0,0,0,0,0,0,1,0,1,ok,excellent,2504,2504,2504,2504,100.0,0.0,0.0,0.0,0.0,0.0,0.0,0.885,,ok,excellent,2498,2498,2498,2498,100.0,0.0,0.0,0.0,0.0,0.0,0.0,0.446,,ok,excellent,14530,2504,2504,2504,100.0,0.0,0.0,0.0,0.0,0.0,0.0,0.591,,not_run_quota,,,,,,,,,,,,,,,not_run_quota,,,,,,,,,,,,,,,not_run_quota,,,,,,,,,,,,,,,not_run_quota,,,,,,,,,,,,,,,not_run_quota,,,,,,,,,,,,,,,not_run_quota,,,,,,,,,,,,,,
B,eth-corpus,udt-method-feeds-strategy-exit-prices-01,,brackets,strict,704,False,ok,,0.095,1.09,False,0,1,0,0,0,0,0,0,0,0,1,0,1,ok,excellent,704,704,704,704,100.0,0.0,0.0,0.0,0.0,0.001157556270096507,0.0003699783151599922,0.587,,ok,minimal,1,1,704,0,0.0,0.9985795454545454,0.0,0.0,0.0,,,0.376,,ok,minimal,1,1,704,0,0.0,0.9985795454545454,0.0,0.0,0.0,,,0.597,,not_run_quota,,,,,,,,,,,,,,,not_run_quota,,,,,,,,,,,,,,,not_run_quota,,,,,,,,,,,,,,,not_run_quota,,,,,,,,,,,,,,,not_run_quota,,,,,,,,,,,,,,,not_run_quota,,,,,,,,,,,,,,
B,eth-corpus,udt-method-in-for-loop-01,,plain,strict,1660,False,ok,,0.123,1.155,False,0,0,0,0,0,0,0,0,0,0,1,0,1,ok,excellent,1660,1660,1660,1660,100.0,0.0,0.0,0.0,0.0,0.0,0.0,0.745,,ok,strong,1656,1656,1657,1656,99.94,0.0006035003017501509,0.0,0.0,0.0,0.04693865616654654,0.023894103871876852,0.458,,ok,excellent,9995,1660,1660,1660,100.0,0.0,0.0,0.0,0.0,0.0,0.0,0.721,,not_run_quota,,,,,,,,,,,,,,,not_run_quota,,,,,,,,,,,,,,,not_run_quota,,,,,,,,,,,,,,,not_run_quota,,,,,,,,,,,,,,,not_run_quota,,,,,,,,,,,,,,,not_run_quota,,,,,,,,,,,,,,
B,eth-corpus,udt-method-in-if-else-branch-01,,plain,strict,402,False,ok,,0.099,1.957,False,0,0,0,0,0,0,0,0,0,0,1,0,1,ok,excellent,402,402,402,402,100.0,0.0,0.0,0.0,0.0,0.0,0.0,0.272,,ok,excellent,401,400,400,400,100.0,0.0,0.0,0.0,0.0,0.0,0.0,0.243,,ok,excellent,2401,402,402,402,100.0,0.0,0.0,0.0,0.0,0.01752786798078205,0.009696804151871014,0.625,,not_run_quota,,,,,,,,,,,,,,,not_run_quota,,,,,,,,,,,,,,,not_run_quota,,,,,,,,,,,,,,,not_run_quota,,,,,,,,,,,,,,,not_run_quota,,,,,,,,,,,,,,,not_run_quota,,,,,,,,,,,,,,
B,eth-corpus,udt-method-in-switch-arms-01,,plain,strict,402,False,ok,,0.103,1.192,False,0,0,0,0,0,0,0,0,0,0,1,0,1,ok,excellent,402,402,402,402,100.0,0.0,0.0,0.0,0.0,0.0,0.0,0.541,,ok,excellent,401,400,400,400,100.0,0.0,0.0,0.0,0.0,0.0,0.0,0.515,,ok,excellent,2401,402,402,402,100.0,0.0,0.0,0.0,0.0,0.01752786798078205,0.009696804151871014,0.238,,not_run_quota,,,,,,,,,,,,,,,not_run_quota,,,,,,,,,,,,,,,not_run_quota,,,,,,,,,,,,,,,not_run_quota,,,,,,,,,,,,,,,not_run_quota,,,,,,,,,,,,,,,not_run_quota,,,,,,,,,,,,,,
B,eth-corpus,udt-method-in-while-loop-01,,plain,strict,306,False,ok,,0.056,1.089,False,0,0,0,0,0,0,0,0,0,0,1,0,1,ok,excellent,306,306,306,306,100.0,0.0,0.0,0.0,0.0,0.0,0.0,0.723,,ok,excellent,306,306,306,306,100.0,0.0,0.0,0.0,0.0,0.0,0.0,0.197,,ok,excellent,1717,306,306,306,100.0,0.0,0.0,0.0,0.0,0.0,0.0,0.417,,not_run_quota,,,,,,,,,,,,,,,not_run_quota,,,,,,,,,,,,,,,not_run_quota,,,,,,,,,,,,,,,not_run_quota,,,,,,,,,,,,,,,not_run_quota,,,,,,,,,,,,,,,not_run_quota,,,,,,,,,,,,,,
B,eth-corpus,udt-method-mutating-self-ref-01,,plain,strict,2293,False,ok,,0.085,1.865,False,0,0,0,0,0,0,0,0,0,0,1,0,1,ok,excellent,2293,2293,2293,2293,100.0,0.0,0.0,0.0,0.0,0.0,0.0,0.495,,ok,excellent,2285,2285,2285,2285,100.0,0.0,0.0,0.0,0.0,0.0,0.0,0.443,,ok,excellent,13627,2293,2293,2293,100.0,0.0,0.0,0.0,0.0,0.0,0.0,0.369,,not_run_quota,,,,,,,,,,,,,,,not_run_quota,,,,,,,,,,,,,,,not_run_quota,,,,,,,,,,,,,,,not_run_quota,,,,,,,,,,,,,,,not_run_quota,,,,,,,,,,,,,,,not_run_quota,,,,,,,,,,,,,,
B,eth-corpus,udt-method-on-array-element-01,,plain,strict,868,False,ok,,0.095,1.755,False,0,0,0,0,0,0,0,0,0,0,0,1,1,ok,excellent,868,868,868,868,100.0,0.0,0.0,0.0,0.0,0.0,0.0,0.636,,ok,excellent,866,866,866,866,100.0,0.0,0.0,0.0,0.0,0.0,0.0,0.375,,ok,excellent,5182,868,868,868,100.0,0.0,0.0,0.0,0.0,0.0,0.0,0.422,,not_run_quota,,,,,,,,,,,,,,,not_run_quota,,,,,,,,,,,,,,,not_run_quota,,,,,,,,,,,,,,,not_run_quota,,,,,,,,,,,,,,,not_run_quota,,,,,,,,,,,,,,,not_run_quota,,,,,,,,,,,,,,
B,eth-corpus,udt-method-reads-strategy-state-01,,plain,strict,705,False,ok,,0.106,1.694,False,0,0,0,0,0,0,0,0,0,0,1,0,1,ok,excellent,705,705,705,705,100.0,0.0,0.0,0.0,0.0,0.0,0.0,0.269,,ok,excellent,704,703,703,703,100.0,0.0,0.0,0.0,0.0,0.0,0.0,0.267,,ok,excellent,4259,705,705,705,100.0,0.0,0.0,0.0,0.0,0.0,0.0,0.461,,not_run_quota,,,,,,,,,,,,,,,not_run_quota,,,,,,,,,,,,,,,not_run_quota,,,,,,,,,,,,,,,not_run_quota,,,,,,,,,,,,,,,not_run_quota,,,,,,,,,,,,,,,not_run_quota,,,,,,,,,,,,,,
B,eth-corpus,udt-method-receives-ta-series-param-01,,plain,strict,2676,False,ok,,0.053,1.017,False,0,0,0,0,0,0,0,0,0,0,1,0,1,ok,excellent,2676,2676,2676,2676,100.0,0.0,0.0,0.0,0.0,0.0,0.0,0.369,,ok,excellent,2668,2668,2668,2668,100.0,0.0,0.0,0.0,0.0,0.0,0.0,0.401,,ok,excellent,15824,2676,2676,2676,100.0,0.0,0.0,0.0,0.0,0.0,0.0,0.568,,not_run_quota,,,,,,,,,,,,,,,not_run_quota,,,,,,,,,,,,,,,not_run_quota,,,,,,,,,,,,,,,not_run_quota,,,,,,,,,,,,,,,not_run_quota,,,,,,,,,,,,,,,not_run_quota,,,,,,,,,,,,,,
B,eth-corpus,udt-method-scalar-return-01,,plain,strict,507,False,ok,,0.086,1.478,False,0,0,0,0,0,0,0,0,0,0,1,0,1,ok,excellent,507,507,507,507,100.0,0.0,0.0,0.0,0.0,0.0,0.0,0.687,,ok,excellent,506,506,506,506,100.0,0.0,0.0,0.0,0.0,0.0,0.0,0.322,,ok,excellent,3025,507,507,507,100.0,0.0,0.0,0.0,0.0,0.0,0.0,0.501,,not_run_quota,,,,,,,,,,,,,,,not_run_quota,,,,,,,,,,,,,,,not_run_quota,,,,,,,,,,,,,,,not_run_quota,,,,,,,,,,,,,,,not_run_quota,,,,,,,,,,,,,,,not_run_quota,,,,,,,,,,,,,,
B,eth-corpus,udt-method-tuple-return-destructure-01,,brackets,strict,1095,False,ok,,0.09,1.091,False,0,1,0,0,0,0,0,0,0,0,1,0,1,ok,excellent,1095,1095,1095,1095,100.0,0.0,0.0,0.0,0.0,0.0008656272102523369,0.00045383462922257657,0.453,,ok,minimal,1,1,1095,0,0.0,0.9990867579908675,0.0,0.0,0.0,,,0.307,,ok,minimal,1,1,1095,0,0.0,0.9990867579908675,0.0,0.0,0.0,,,0.355,,not_run_quota,,,,,,,,,,,,,,,not_run_quota,,,,,,,,,,,,,,,not_run_quota,,,,,,,,,,,,,,,not_run_quota,,,,,,,,,,,,,,,not_run_quota,,,,,,,,,,,,,,,not_run_quota,,,,,,,,,,,,,,
B,eth-corpus,udt-method-udt-return-from-func-01,,plain,strict,132,False,ok,,0.056,1.252,False,0,0,0,0,0,0,0,0,0,0,0,0,1,ok,excellent,132,132,132,132,100.0,0.0,0.0,0.0,0.0,0.0,0.0,0.641,,ok,excellent,132,132,132,132,100.0,0.0,0.0,0.0,0.0,0.0,0.0,0.242,,ok,excellent,836,132,132,132,100.0,0.0,0.0,0.0,0.0,0.0,0.0,0.287,,not_run_quota,,,,,,,,,,,,,,,not_run_quota,,,,,,,,,,,,,,,not_run_quota,,,,,,,,,,,,,,,not_run_quota,,,,,,,,,,,,,,,not_run_quota,,,,,,,,,,,,,,,not_run_quota,,,,,,,,,,,,,,
B,eth-corpus,udt-method-uses-history-globals-01,,plain,strict,131,False,ok,,0.094,1.423,False,0,0,0,0,0,0,0,0,0,0,1,0,1,ok,excellent,131,131,131,131,100.0,0.0,0.0,0.0,0.0,0.0,0.0,0.549,,ok,excellent,131,131,131,131,100.0,0.0,0.0,0.0,0.0,0.0,0.0,0.201,,ok,excellent,898,131,131,131,100.0,0.0,0.0,0.0,0.0,0.0,0.0,0.297,,not_run_quota,,,,,,,,,,,,,,,not_run_quota,,,,,,,,,,,,,,,not_run_quota,,,,,,,,,,,,,,,not_run_quota,,,,,,,,,,,,,,,not_run_quota,,,,,,,,,,,,,,,not_run_quota,,,,,,,,,,,,,,
B,eth-corpus,udt-method-uses-math-funcs-01,,brackets,strict,789,False,ok,,0.074,1.584,False,0,1,0,0,0,0,0,0,0,0,1,0,1,ok,excellent,789,789,789,789,100.0,0.0,0.0,0.0,0.0,0.0,0.0,0.5,,ok,minimal,1,1,789,0,0.0,0.9987325728770595,0.0,0.0,0.0,,,0.337,,ok,minimal,1,1,789,0,0.0,0.9987325728770595,0.0,0.0,0.0,,,0.357,,not_run_quota,,,,,,,,,,,,,,,not_run_quota,,,,,,,,,,,,,,,not_run_quota,,,,,,,,,,,,,,,not_run_quota,,,,,,,,,,,,,,,not_run_quota,,,,,,,,,,,,,,,not_run_quota,,,,,,,,,,,,,,
B,eth-corpus,udt-method-uses-na-nz-fixnan-01,,plain,strict,695,False,ok,,0.089,1.189,False,0,0,0,0,0,0,0,0,0,0,1,0,1,ok,excellent,695,695,695,695,100.0,0.0,0.0,0.0,0.0,0.0,0.0,0.53,,ok,excellent,694,693,693,693,100.0,0.0,0.0,0.0,0.0,0.0,0.0,0.247,,ok,excellent,4247,695,695,695,100.0,0.0,0.0,0.0,0.0,0.0,0.0,0.334,,not_run_quota,,,,,,,,,,,,,,,not_run_quota,,,,,,,,,,,,,,,not_run_quota,,,,,,,,,,,,,,,not_run_quota,,,,,,,,,,,,,,,not_run_quota,,,,,,,,,,,,,,,not_run_quota,,,,,,,,,,,,,,
B,eth-corpus,udt-method-var-instance-streak-01,,plain,strict,1007,False,ok,,0.09,1.575,False,0,0,0,0,0,0,0,0,0,0,1,0,1,ok,excellent,1007,1007,1007,1007,100.0,0.0,0.0,0.0,0.0,0.0,0.0,0.554,,ok,excellent,1004,1004,1004,1004,100.0,0.0,0.0,0.0,0.0,0.0,0.0,0.343,,ok,excellent,6053,1007,1007,1007,100.0,0.0,0.0,0.0,0.0,0.0,0.0,0.266,,not_run_quota,,,,,,,,,,,,,,,not_run_quota,,,,,,,,,,,,,,,not_run_quota,,,,,,,,,,,,,,,not_run_quota,,,,,,,,,,,,,,,not_run_quota,,,,,,,,,,,,,,,not_run_quota,,,,,,,,,,,,,,
B,eth-corpus,udt-method-windowed-method-chain-01,,plain,strict,173,False,ok,,0.101,1.78,False,0,0,0,0,0,0,0,0,0,0,1,0,1,ok,excellent,173,173,173,173,100.0,0.0,0.0,0.0,0.0,0.0,0.0,0.301,,ok,excellent,173,173,173,173,100.0,0.0,0.0,0.0,0.0,0.0,0.0,0.288,,ok,excellent,1066,173,173,173,100.0,0.0,0.0,0.0,0.0,0.0,0.0,0.385,,not_run_quota,,,,,,,,,,,,,,,not_run_quota,,,,,,,,,,,,,,,not_run_quota,,,,,,,,,,,,,,,not_run_quota,,,,,,,,,,,,,,,not_run_quota,,,,,,,,,,,,,,,not_run_quota,,,,,,,,,,,,,,
B,eth-corpus,udt-regime-stack-stress-01,,plain,strict,3912,False,ok,,0.128,2.807,False,0,0,0,0,0,0,0,0,0,0,1,0,1,ok,excellent,3912,3912,3912,3912,100.0,0.0,0.0,0.0,0.0,0.0,0.0,0.487,,ok,strong,3913,3913,3912,3912,100.0,0.0002555583950932788,0.0,0.0,0.0,0.0013573999776631711,0.0005583236156754659,0.382,,ok,excellent,4204,3912,3912,3912,100.0,0.0,0.0,0.0,0.0,0.0014519025077535498,0.0005971942471465612,0.293,,not_run_quota,,,,,,,,,,,,,,,not_run_quota,,,,,,,,,,,,,,,not_run_quota,,,,,,,,,,,,,,,not_run_quota,,,,,,,,,,,,,,,not_run_quota,,,,,,,,,,,,,,,not_run_quota,,,,,,,,,,,,,,
B,eth-corpus,udt-sentinel-method-regime-01,,brackets,strict,1158,False,ok,,0.05,1.515,False,0,1,0,0,0,0,0,0,0,0,1,0,1,ok,excellent,1158,1158,1158,1158,100.0,0.0,0.0,0.0,0.0,8.771695209246504e-08,5.182965521082511e-08,0.327,,ok,excellent,1153,1153,1153,1153,100.0,0.0,0.0,0.0,0.0,0.0002710374968307497,0.0006178718805082315,0.328,,ok,strong,6918,1158,1158,1158,100.0,0.0,0.0,0.0,0.17157040606757823,0.17151031739734973,0.17154924307595276,0.392,,not_run_quota,,,,,,,,,,,,,,,not_run_quota,,,,,,,,,,,,,,,not_run_quota,,,,,,,,,,,,,,,not_run_quota,,,,,,,,,,,,,,,not_run_quota,,,,,,,,,,,,,,,not_run_quota,,,,,,,,,,,,,,
B,eth-corpus,udt-switchboard-method-arms-01,,plain,strict,344,False,ok,,0.107,1.607,False,0,0,0,0,0,0,0,0,0,0,0,0,1,ok,excellent,344,344,344,344,100.0,0.0,0.0,0.0,0.0,9.883915274164562e-08,2.0623878506034996e-08,0.403,,ok,excellent,342,342,342,342,100.0,0.0,0.0,0.0,0.0,1.0460730338351651e-07,2.0863934259395098e-08,0.333,,ok,excellent,1966,344,344,344,100.0,0.0,0.0,0.0,0.0,0.016003837896051833,0.003339377141253809,0.453,,not_run_quota,,,,,,,,,,,,,,,not_run_quota,,,,,,,,,,,,,,,not_run_quota,,,,,,,,,,,,,,,not_run_quota,,,,,,,,,,,,,,,not_run_quota,,,,,,,,,,,,,,,not_run_quota,,,,,,,,,,,,,,
B,eth-corpus,udt-tessellate-tuple-method-01,,plain,strict,426,False,ok,,0.174,1.465,False,0,0,0,0,0,0,0,0,0,0,0,0,1,ok,excellent,426,426,426,426,100.0,0.0,0.0,0.0,0.0,0.0006535513285623079,0.00027354463581486915,0.308,,ok,excellent,425,424,424,424,100.0,0.0,0.0,0.0,0.0,5.903482701179131e-09,2.209441199684127e-08,0.326,,ok,excellent,2486,426,426,426,100.0,0.0,0.0,0.0,0.0,0.0006535513285623079,0.00027354463581486915,0.336,,not_run_quota,,,,,,,,,,,,,,,not_run_quota,,,,,,,,,,,,,,,not_run_quota,,,,,,,,,,,,,,,not_run_quota,,,,,,,,,,,,,,,not_run_quota,,,,,,,,,,,,,,,not_run_quota,,,,,,,,,,,,,,
B,eth-corpus,volume-tide-vwap-mfi-01,,brackets,strict,524,False,ok,,0.261,1.371,False,0,1,0,0,0,0,0,0,0,0,0,0,0,ok,excellent,524,524,524,524,100.0,0.0,0.0,0.0,0.0,1.1597363303482777e-06,5.799246510608824e-08,0.304,,ok,excellent,523,523,523,523,100.0,0.0,0.0,0.0,0.0,0.0001262405380182659,0.0010800956958435842,0.241,,ok,strong,2994,524,524,524,100.0,0.0,0.0,0.0,0.08604986874031335,0.08616839203855467,0.08603385685917692,0.337,,not_run_quota,,,,,,,,,,,,,,,not_run_quota,,,,,,,,,,,,,,,not_run_quota,,,,,,,,,,,,,,,not_run_quota,,,,,,,,,,,,,,,not_run_quota,,,,,,,,,,,,,,,not_run_quota,,,,,,,,,,,,,,
B,eth-corpus,vwap-bands-breakout-1sigma-01,,plain,strict,916,False,ok,,0.094,1.099,False,0,0,0,0,0,0,0,0,0,0,0,0,0,ok,excellent,916,916,916,916,100.0,0.0,0.0,0.0,0.0,0.0,0.0,0.245,,ok,excellent,916,916,916,916,100.0,0.0,0.0,0.0,0.0,0.0,0.0,0.277,,ok,excellent,5081,916,916,916,100.0,0.0,0.0,0.0,0.0,0.0,0.0,0.305,,not_run_quota,,,,,,,,,,,,,,,not_run_quota,,,,,,,,,,,,,,,not_run_quota,,,,,,,,,,,,,,,not_run_quota,,,,,,,,,,,,,,,not_run_quota,,,,,,,,,,,,,,,not_run_quota,,,,,,,,,,,,,,
B,eth-corpus,vwap-bands-mean-reversion-2sigma-01,,plain,strict,241,False,ok,,0.129,0.891,False,0,0,0,0,0,0,0,0,0,0,0,0,0,ok,excellent,241,241,241,241,100.0,0.0,0.0,0.0,0.0,0.0,0.0,0.257,,ok,excellent,241,241,241,241,100.0,0.0,0.0,0.0,0.0,0.0,0.0,0.245,,ok,excellent,1621,241,241,241,100.0,0.0,0.0,0.0,0.0,0.0,0.0,0.218,,not_run_quota,,,,,,,,,,,,,,,not_run_quota,,,,,,,,,,,,,,,not_run_quota,,,,,,,,,,,,,,,not_run_quota,,,,,,,,,,,,,,,not_run_quota,,,,,,,,,,,,,,,not_run_quota,,,,,,,,,,,,,,
