set,lane,slug,surface,bucket,profile,tvTrades,pineInputOverrides,buildStatus,buildError,codegenS,gxxS,pyneCompiled,feat_trail,feat_brackets,feat_partial,feat_pyramiding,feat_calc_on_fills,feat_pooc,feat_margin_lt100,feat_security,feat_magnifier,feat_varip,feat_var_state,feat_arrays,feat_udt,pf_campaign_status,pf_campaign_tier,pf_campaign_engineTrades,pf_campaign_engineInWindow,pf_campaign_tvInWindow,pf_campaign_matched,pf_campaign_matchPct,pf_campaign_countDelta,pf_campaign_entryP90,pf_campaign_exitP90,pf_campaign_pnlP90,pf_campaign_netProfitRelErr,pf_campaign_maxEquityDev,pf_campaign_wallS,pf_campaign_error,pf_status,pf_tier,pf_engineTrades,pf_engineInWindow,pf_tvInWindow,pf_matched,pf_matchPct,pf_countDelta,pf_entryP90,pf_exitP90,pf_pnlP90,pf_netProfitRelErr,pf_maxEquityDev,pf_wallS,pf_error,pf_rs_status,pf_rs_tier,pf_rs_engineTrades,pf_rs_engineInWindow,pf_rs_tvInWindow,pf_rs_matched,pf_rs_matchPct,pf_rs_countDelta,pf_rs_entryP90,pf_rs_exitP90,pf_rs_pnlP90,pf_rs_netProfitRelErr,pf_rs_maxEquityDev,pf_rs_wallS,pf_rs_error,pf_raw_status,pf_raw_tier,pf_raw_engineTrades,pf_raw_engineInWindow,pf_raw_tvInWindow,pf_raw_matched,pf_raw_matchPct,pf_raw_countDelta,pf_raw_entryP90,pf_raw_exitP90,pf_raw_pnlP90,pf_raw_netProfitRelErr,pf_raw_maxEquityDev,pf_raw_wallS,pf_raw_error,pf_finer_status,pf_finer_tier,pf_finer_engineTrades,pf_finer_engineInWindow,pf_finer_tvInWindow,pf_finer_matched,pf_finer_matchPct,pf_finer_countDelta,pf_finer_entryP90,pf_finer_exitP90,pf_finer_pnlP90,pf_finer_netProfitRelErr,pf_finer_maxEquityDev,pf_finer_wallS,pf_finer_error,pf_finer_rs_status,pf_finer_rs_tier,pf_finer_rs_engineTrades,pf_finer_rs_engineInWindow,pf_finer_rs_tvInWindow,pf_finer_rs_matched,pf_finer_rs_matchPct,pf_finer_rs_countDelta,pf_finer_rs_entryP90,pf_finer_rs_exitP90,pf_finer_rs_pnlP90,pf_finer_rs_netProfitRelErr,pf_finer_rs_maxEquityDev,pf_finer_rs_wallS,pf_finer_rs_error,pc691_sec_status,pc691_sec_tier,pc691_sec_engineTrades,pc691_sec_engineInWindow,pc691_sec_tvInWindow,pc691_sec_matched,pc691_sec_matchPct,pc691_sec_countDelta,pc691_sec_entryP90,pc691_sec_exitP90,pc691_sec_pnlP90,pc691_sec_netProfitRelErr,pc691_sec_maxEquityDev,pc691_sec_wallS,pc691_sec_error,pc691_status,pc691_tier,pc691_engineTrades,pc691_engineInWindow,pc691_tvInWindow,pc691_matched,pc691_matchPct,pc691_countDelta,pc691_entryP90,pc691_exitP90,pc691_pnlP90,pc691_netProfitRelErr,pc691_maxEquityDev,pc691_wallS,pc691_error,pc691_rs_status,pc691_rs_tier,pc691_rs_engineTrades,pc691_rs_engineInWindow,pc691_rs_tvInWindow,pc691_rs_matched,pc691_rs_matchPct,pc691_rs_countDelta,pc691_rs_entryP90,pc691_rs_exitP90,pc691_rs_pnlP90,pc691_rs_netProfitRelErr,pc691_rs_maxEquityDev,pc691_rs_wallS,pc691_rs_error,pc691_finer_status,pc691_finer_tier,pc691_finer_engineTrades,pc691_finer_engineInWindow,pc691_finer_tvInWindow,pc691_finer_matched,pc691_finer_matchPct,pc691_finer_countDelta,pc691_finer_entryP90,pc691_finer_exitP90,pc691_finer_pnlP90,pc691_finer_netProfitRelErr,pc691_finer_maxEquityDev,pc691_finer_wallS,pc691_finer_error,pc691_finer_rs_status,pc691_finer_rs_tier,pc691_finer_rs_engineTrades,pc691_finer_rs_engineInWindow,pc691_finer_rs_tvInWindow,pc691_finer_rs_matched,pc691_finer_rs_matchPct,pc691_finer_rs_countDelta,pc691_finer_rs_entryP90,pc691_finer_rs_exitP90,pc691_finer_rs_pnlP90,pc691_finer_rs_netProfitRelErr,pc691_finer_rs_maxEquityDev,pc691_finer_rs_wallS,pc691_finer_rs_error,pc691_best_status,pc691_best_tier,pc691_best_engineTrades,pc691_best_engineInWindow,pc691_best_tvInWindow,pc691_best_matched,pc691_best_matchPct,pc691_best_countDelta,pc691_best_entryP90,pc691_best_exitP90,pc691_best_pnlP90,pc691_best_netProfitRelErr,pc691_best_maxEquityDev,pc691_best_wallS,pc691_best_error,pc691_bestd_status,pc691_bestd_tier,pc691_bestd_engineTrades,pc691_bestd_engineInWindow,pc691_bestd_tvInWindow,pc691_bestd_matched,pc691_bestd_matchPct,pc691_bestd_countDelta,pc691_bestd_entryP90,pc691_bestd_exitP90,pc691_bestd_pnlP90,pc691_bestd_netProfitRelErr,pc691_bestd_maxEquityDev,pc691_bestd_wallS,pc691_bestd_error,pc646_status,pc646_tier,pc646_engineTrades,pc646_engineInWindow,pc646_tvInWindow,pc646_matched,pc646_matchPct,pc646_countDelta,pc646_entryP90,pc646_exitP90,pc646_pnlP90,pc646_netProfitRelErr,pc646_maxEquityDev,pc646_wallS,pc646_error,pc646_rs_status,pc646_rs_tier,pc646_rs_engineTrades,pc646_rs_engineInWindow,pc646_rs_tvInWindow,pc646_rs_matched,pc646_rs_matchPct,pc646_rs_countDelta,pc646_rs_entryP90,pc646_rs_exitP90,pc646_rs_pnlP90,pc646_rs_netProfitRelErr,pc646_rs_maxEquityDev,pc646_rs_wallS,pc646_rs_error,pc691_re_status,pc691_re_tier,pc691_re_engineTrades,pc691_re_engineInWindow,pc691_re_tvInWindow,pc691_re_matched,pc691_re_matchPct,pc691_re_countDelta,pc691_re_entryP90,pc691_re_exitP90,pc691_re_pnlP90,pc691_re_netProfitRelErr,pc691_re_maxEquityDev,pc691_re_wallS,pc691_re_error,pf_best_status,pf_best_config,pf_best_tier,pf_best_engineTrades,pf_best_engineInWindow,pf_best_tvInWindow,pf_best_matched,pf_best_matchPct,pf_best_countDelta,pf_best_entryP90,pf_best_exitP90,pf_best_pnlP90,pf_best_netProfitRelErr,pf_best_maxEquityDev,pf_best_wallS,pf_best_error,pc691_bestcfg_status,pc691_bestcfg_config,pc691_bestcfg_tier,pc691_bestcfg_engineTrades,pc691_bestcfg_engineInWindow,pc691_bestcfg_tvInWindow,pc691_bestcfg_matched,pc691_bestcfg_matchPct,pc691_bestcfg_countDelta,pc691_bestcfg_entryP90,pc691_bestcfg_exitP90,pc691_bestcfg_pnlP90,pc691_bestcfg_netProfitRelErr,pc691_bestcfg_maxEquityDev,pc691_bestcfg_wallS,pc691_bestcfg_error,pc646_bestcfg_status,pc646_bestcfg_config,pc646_bestcfg_tier,pc646_bestcfg_engineTrades,pc646_bestcfg_engineInWindow,pc646_bestcfg_tvInWindow,pc646_bestcfg_matched,pc646_bestcfg_matchPct,pc646_bestcfg_countDelta,pc646_bestcfg_entryP90,pc646_bestcfg_exitP90,pc646_bestcfg_pnlP90,pc646_bestcfg_netProfitRelErr,pc646_bestcfg_maxEquityDev,pc646_bestcfg_wallS,pc646_bestcfg_error
A,eth-suite,01-sma-cross,,plain,strict,2315,False,ok,,0.044,0.934,True,0,0,0,0,0,0,0,0,0,0,0,0,0,run_error,,,,,,,,,,,,,0.0,account-currency: 01-sma-cross declares currency.USD but BINANCE:ETHUSDT.P quotes USDT -- a probe's account currency is its symbol's quote currency (no FX serie,ok,excellent,2315,2315,2315,2315,100.0,0.0,0.0,0.0,0.000788697810627201,0.002302914476827381,0.0016002433427892142,0.195,,ok,excellent,2315,2315,2315,2315,100.0,0.0,0.0,0.0,0.0007900891859451732,0.005666507405637684,0.004344462298398601,0.188,,ok,excellent,3483,2315,2315,2315,100.0,0.0,0.0,0.0,0.0007900330282263419,0.018863819119246797,0.013185476138520122,0.152,,,,,,,,,,,,,,,,,,,,,,,,,,,,,,,,ok,excellent,3483,2315,2315,2315,100.0,0.0,0.0,0.0,0.0007900330282263419,0.018863819119246797,0.013185476138520122,1.239,,ok,excellent,3483,2315,2315,2315,100.0,0.0,0.0,0.0,0.0007900330282263419,0.018863819119246797,0.013185476138520122,1.253,,not_run_quota,,,,,,,,,,,,,,,not_run_quota,,,,,,,,,,,,,,,not_run_quota,,,,,,,,,,,,,,,ok,excellent,3307,2315,2315,2315,100.0,0.0,0.0,0.0,0.0007900330282263419,0.018863819119246797,0.013185476138520122,0.97,,not_run_quota,,,,,,,,,,,,,,,ok,excellent,3483,2315,2315,2315,100.0,0.0,0.0,0.0,0.0007882267538435403,0.01687715812875426,0.011796835221223668,3.601,,not_run_quota,,,,,,,,,,,,,,,ok,excellent,3483,2315,2315,2315,100.0,0.0,0.0,0.0,0.0007900330282263419,0.018863819119246797,0.013185476138520122,2.03,,ok,pf,excellent,2315,2315,2315,2315,100.0,0.0,0.0,0.0,0.000788697810627201,0.002302914476827381,0.0016002433427892142,0.195,,ok,pc691,excellent,3483,2315,2315,2315,100.0,0.0,0.0,0.0,0.0007900330282263419,0.018863819119246797,0.013185476138520122,1.253,,ok,pc646,excellent,3483,2315,2315,2315,100.0,0.0,0.0,0.0,0.0007882267538435403,0.01687715812875426,0.011796835221223668,3.601,
A,eth-suite,02-inside-bar,,plain,strict,3332,False,ok,,0.063,1.286,True,0,0,0,0,0,0,0,0,0,0,0,0,0,run_error,,,,,,,,,,,,,0.04,account-currency: 02-inside-bar declares currency.USD but BINANCE:ETHUSDT.P quotes USDT -- a probe's account currency is its symbol's quote currency (no FX seri,ok,excellent,3332,3332,3332,3332,100.0,0.0,0.0,0.0,0.0007850526759739926,0.0002570882914648524,0.0006106949019872302,0.242,,ok,excellent,3332,3332,3332,3332,100.0,0.0,0.0,0.0,0.0007850526759739926,0.0002570882914648524,0.0006106949019872302,0.223,,ok,excellent,4896,3332,3332,3332,100.0,0.0,0.0,0.0,0.0007856077111957422,0.03374037744089968,0.01594687814486456,0.157,,,,,,,,,,,,,,,,,,,,,,,,,,,,,,,,ok,excellent,4896,3332,3332,3332,100.0,0.0,0.0,0.0,0.0007856077111957422,0.03374037744089968,0.01594687814486456,1.149,,ok,excellent,4896,3332,3332,3332,100.0,0.0,0.0,0.0,0.0007856077111957422,0.03374037744089968,0.01594687814486456,2.123,,not_run_quota,,,,,,,,,,,,,,,not_run_quota,,,,,,,,,,,,,,,not_run_quota,,,,,,,,,,,,,,,ok,excellent,4630,3332,3332,3332,100.0,0.0,0.0,0.0,0.0007856077111957422,0.03374037744089968,0.01594687814486456,0.973,,not_run_quota,,,,,,,,,,,,,,,ok,excellent,4896,3332,3332,3332,100.0,0.0,0.0,0.0,0.0007856077111957422,0.03374037744089968,0.01594687814486456,1.698,,not_run_quota,,,,,,,,,,,,,,,ok,excellent,4896,3332,3332,3332,100.0,0.0,0.0,0.0,0.0007856077111957422,0.03374037744089968,0.01594687814486456,2.086,,ok,pf,excellent,3332,3332,3332,3332,100.0,0.0,0.0,0.0,0.0007850526759739926,0.0002570882914648524,0.0006106949019872302,0.242,,ok,pc691,excellent,4896,3332,3332,3332,100.0,0.0,0.0,0.0,0.0007856077111957422,0.03374037744089968,0.01594687814486456,2.123,,ok,pc646,excellent,4896,3332,3332,3332,100.0,0.0,0.0,0.0,0.0007856077111957422,0.03374037744089968,0.01594687814486456,1.698,
A,eth-suite,03-supertrend,,plain,strict,761,False,ok,,0.044,1.031,True,0,0,0,0,0,0,0,0,0,0,0,0,0,run_error,,,,,,,,,,,,,0.03,account-currency: 03-supertrend declares currency.USD but BINANCE:ETHUSDT.P quotes USDT -- a probe's account currency is its symbol's quote currency (no FX seri,ok,excellent,760,760,760,760,100.0,0.0,0.0,0.0,0.0007730642363350186,0.00010749121643200077,0.0001961286813359434,0.183,,ok,excellent,760,760,760,760,100.0,0.0,0.0,0.0,0.0007730642363350186,0.00010749121643200077,0.0001961286813359434,0.136,,ok,excellent,1179,760,760,760,100.0,0.0,0.0,0.0,0.0007765749869591383,0.017188337032218594,0.014683500609307065,0.186,,,,,,,,,,,,,,,,,,,,,,,,,,,,,,,,ok,excellent,1179,760,760,760,100.0,0.0,0.0,0.0,0.0007765749869591383,0.017188337032218594,0.014683500609307065,2.063,,ok,excellent,1179,760,760,760,100.0,0.0,0.0,0.0,0.0007765749869591383,0.017188337032218594,0.014683500609307065,2.173,,not_run_quota,,,,,,,,,,,,,,,not_run_quota,,,,,,,,,,,,,,,not_run_quota,,,,,,,,,,,,,,,ok,excellent,1121,760,760,760,100.0,0.0,0.0,0.0,0.0007730642363350186,0.00010749121643200077,0.0001961286813359434,0.852,,not_run_quota,,,,,,,,,,,,,,,ok,excellent,1179,760,760,760,100.0,0.0,0.0,0.0,0.0007765749869591383,0.017188337032218594,0.014683500609307065,3.512,,not_run_quota,,,,,,,,,,,,,,,ok,excellent,1179,760,760,760,100.0,0.0,0.0,0.0,0.0007765749869591383,0.017188337032218594,0.014683500609307065,1.914,,ok,pf,excellent,760,760,760,760,100.0,0.0,0.0,0.0,0.0007730642363350186,0.00010749121643200077,0.0001961286813359434,0.183,,ok,pc691,excellent,1179,760,760,760,100.0,0.0,0.0,0.0,0.0007765749869591383,0.017188337032218594,0.014683500609307065,2.173,,ok,pc646,excellent,1179,760,760,760,100.0,0.0,0.0,0.0,0.0007765749869591383,0.017188337032218594,0.014683500609307065,3.512,
A,eth-suite,04-macd-histogram,,plain,strict,2814,False,ok,,0.069,0.837,True,0,0,0,0,0,0,0,0,0,0,0,0,0,run_error,,,,,,,,,,,,,0.05,account-currency: 04-macd-histogram declares currency.USD but BINANCE:ETHUSDT.P quotes USDT -- a probe's account currency is its symbol's quote currency (no FX ,ok,excellent,2814,2814,2814,2814,100.0,0.0,0.0,0.0,0.0008849557522125277,0.0013351223973457767,0.000926379837361741,0.198,,ok,excellent,2814,2814,2814,2814,100.0,0.0,0.0,0.0,0.0008849557522125277,0.0013351223973457767,0.000926379837361741,0.192,,ok,strong,4323,2815,2814,2814,100.0,0.00035523978685612787,0.0,0.0,0.0008873121432686206,0.005687393611695192,0.003071111367438626,0.152,,,,,,,,,,,,,,,,,,,,,,,,,,,,,,,,ok,strong,4318,2815,2814,2814,100.0,0.00035523978685612787,0.0,0.0,0.0008873121432686206,0.005687393611695192,0.003071111367438626,2.251,,ok,strong,4318,2815,2814,2814,100.0,0.00035523978685612787,0.0,0.0,0.0008873121432686206,0.005687393611695192,0.003071111367438626,2.425,,not_run_quota,,,,,,,,,,,,,,,not_run_quota,,,,,,,,,,,,,,,not_run_quota,,,,,,,,,,,,,,,ok,strong,4108,2815,2814,2814,100.0,0.00035523978685612787,0.0,0.0,0.0008873121432686206,0.005687393611695192,0.003071111367438626,1.863,,not_run_quota,,,,,,,,,,,,,,,ok,strong,4318,2815,2814,2814,100.0,0.00035523978685612787,0.0,0.0,0.0008873121432686206,0.005687393611695192,0.003071111367438626,3.569,,not_run_quota,,,,,,,,,,,,,,,ok,strong,4318,2815,2814,2814,100.0,0.00035523978685612787,0.0,0.0,0.0008873121432686206,0.005687393611695192,0.003071111367438626,2.603,,ok,pf,excellent,2814,2814,2814,2814,100.0,0.0,0.0,0.0,0.0008849557522125277,0.0013351223973457767,0.000926379837361741,0.198,,ok,pc691,strong,4318,2815,2814,2814,100.0,0.00035523978685612787,0.0,0.0,0.0008873121432686206,0.005687393611695192,0.003071111367438626,2.425,,ok,pc646,strong,4318,2815,2814,2814,100.0,0.00035523978685612787,0.0,0.0,0.0008873121432686206,0.005687393611695192,0.003071111367438626,3.569,
A,eth-suite,05-stoch-rsi,,plain,strict,1337,False,ok,,0.047,1.159,True,0,0,0,0,0,0,0,0,0,0,0,0,0,run_error,,,,,,,,,,,,,0.03,account-currency: 05-stoch-rsi declares currency.USD but BINANCE:ETHUSDT.P quotes USDT -- a probe's account currency is its symbol's quote currency (no FX serie,ok,excellent,1337,1337,1337,1335,99.85,0.0,0.0,0.0,0.0009098684393513851,0.006009898656610949,0.005266316395389664,0.192,,ok,excellent,1337,1337,1337,1335,99.85,0.0,0.0,0.0,0.0008987271453759201,0.005324946971482455,0.0046968193898414825,0.164,,ok,excellent,2066,1337,1337,1335,99.85,0.0,0.0,0.0,0.0009124133124179513,0.010693568910262227,0.00898029417888272,0.143,,,,,,,,,,,,,,,,,,,,,,,,,,,,,,,,ok,excellent,2066,1337,1337,1335,99.85,0.0,0.0,0.0,0.0009124133124179513,0.010693568910262227,0.00898029417888272,2.109,,ok,excellent,2066,1337,1337,1335,99.85,0.0,0.0,0.0,0.0009124133124179513,0.010693568910262227,0.00898029417888272,2.43,,not_run_quota,,,,,,,,,,,,,,,not_run_quota,,,,,,,,,,,,,,,not_run_quota,,,,,,,,,,,,,,,ok,excellent,1969,1337,1337,1335,99.85,0.0,0.0,0.0,0.0009124133124179513,0.010693568910262227,0.00898029417888272,1.049,,not_run_quota,,,,,,,,,,,,,,,ok,strong,2068,1337,1337,1273,95.21,0.0,0.0,0.0,0.0017625080490157874,0.024491504509373197,0.0428175516779524,6.846,,not_run_quota,,,,,,,,,,,,,,,ok,excellent,2066,1337,1337,1335,99.85,0.0,0.0,0.0,0.0009124133124179513,0.010693568910262227,0.00898029417888272,1.519,,ok,pf,excellent,1337,1337,1337,1335,99.85,0.0,0.0,0.0,0.0009098684393513851,0.006009898656610949,0.005266316395389664,0.192,,ok,pc691,excellent,2066,1337,1337,1335,99.85,0.0,0.0,0.0,0.0009124133124179513,0.010693568910262227,0.00898029417888272,2.43,,ok,pc646,strong,2068,1337,1337,1273,95.21,0.0,0.0,0.0,0.0017625080490157874,0.024491504509373197,0.0428175516779524,6.846,
A,eth-suite,06-liquidity-sweep,,brackets,strict,93,False,ok,,0.073,1.16,True,0,1,0,0,0,0,0,0,0,0,0,0,0,run_error,,,,,,,,,,,,,0.01,account-currency: 06-liquidity-sweep declares currency.USD but BINANCE:ETHUSDT.P quotes USDT -- a probe's account currency is its symbol's quote currency (no FX,ok,excellent,93,93,93,93,100.0,0.0,0.0,0.0,0.0009095589132845623,0.020522897221767325,0.010533098019441068,0.215,,ok,excellent,93,93,93,93,100.0,0.0,0.0,0.0,0.0009095589132845623,0.020522897221767325,0.010533098019441068,0.174,,ok,excellent,121,93,93,93,100.0,0.0,0.0,0.0,0.0009095589132845623,0.020522897221767325,0.010533098019441068,0.111,,,,,,,,,,,,,,,,,,,,,,,,,,,,,,,,ok,excellent,121,93,93,93,100.0,0.0,0.0,0.0,0.0009095589132845623,0.020522897221767325,0.010533098019441068,2.423,,ok,excellent,121,93,93,93,100.0,0.0,0.0,0.0,0.0009095589132845623,0.020522897221767325,0.010533098019441068,1.961,,not_run_quota,,,,,,,,,,,,,,,not_run_quota,,,,,,,,,,,,,,,not_run_quota,,,,,,,,,,,,,,,ok,excellent,113,93,93,93,100.0,0.0,0.0,0.0,0.0009095589132845623,0.020522897221767325,0.010533098019441068,1.502,,not_run_quota,,,,,,,,,,,,,,,ok,moderate,124,96,93,93,100.0,0.03125,0.0,0.01653000318759588,1.0,1.0,1.0,7.332,,not_run_quota,,,,,,,,,,,,,,,ok,excellent,121,93,93,93,100.0,0.0,0.0,0.0,0.0009095589132845623,0.020522897221767325,0.010533098019441068,2.527,,ok,pf,excellent,93,93,93,93,100.0,0.0,0.0,0.0,0.0009095589132845623,0.020522897221767325,0.010533098019441068,0.215,,ok,pc691,excellent,121,93,93,93,100.0,0.0,0.0,0.0,0.0009095589132845623,0.020522897221767325,0.010533098019441068,1.961,,ok,pc646,moderate,124,96,93,93,100.0,0.03125,0.0,0.01653000318759588,1.0,1.0,1.0,7.332,
A,eth-suite,07-scalping-strategy,,trail,production,429,False,ok,,0.068,1.508,True,1,1,0,0,0,0,0,0,0,0,0,0,0,run_error,,,,,,,,,,,,,0.01,account-currency: 07-scalping-strategy declares currency.USD but BINANCE:ETHUSDT.P quotes USDT -- a probe's account currency is its symbol's quote currency (no ,ok,excellent,429,429,429,429,100.0,0.0,0.0,0.0002658729889239956,0.0,5.276626605884791,3.1153657939809136,0.137,,ok,excellent,429,429,429,429,100.0,0.0,0.0,0.0002658729889239956,0.0,5.276626605884791,3.1153657939809136,0.191,,ok,excellent,667,429,429,429,100.0,0.0,0.0,0.0002658729889239956,0.0,5.276626605884791,3.1153657939809136,0.146,,,,,,,,,,,,,,,,,,,,,,,,,,,,,,,,ok,excellent,664,429,429,429,100.0,0.0,0.0,0.0002658729889239956,0.0,5.276626605884791,3.1153657939809136,2.049,,ok,excellent,664,429,429,429,100.0,0.0,0.0,0.0002658729889239956,0.0,5.276626605884791,3.1153657939809136,1.691,,not_run_quota,,,,,,,,,,,,,,,not_run_quota,,,,,,,,,,,,,,,not_run_quota,,,,,,,,,,,,,,,ok,excellent,628,429,429,429,100.0,0.0,0.0,0.0002658729889239956,0.0,5.276626605884791,3.1153657939809136,1.528,,not_run_quota,,,,,,,,,,,,,,,ok,moderate,663,429,429,429,100.0,0.0,0.0,0.005570577419617286,82.14999999999999,7.168048072938252,5.6908490335209185,5.992,,not_run_quota,,,,,,,,,,,,,,,ok,excellent,664,429,429,429,100.0,0.0,0.0,0.0002658729889239956,0.0,5.276626605884791,3.1153657939809136,1.937,,ok,pf,excellent,429,429,429,429,100.0,0.0,0.0,0.0002658729889239956,0.0,5.276626605884791,3.1153657939809136,0.137,,ok,pc691,excellent,664,429,429,429,100.0,0.0,0.0,0.0002658729889239956,0.0,5.276626605884791,3.1153657939809136,1.691,,ok,pc646,moderate,663,429,429,429,100.0,0.0,0.0,0.005570577419617286,82.14999999999999,7.168048072938252,5.6908490335209185,5.992,
A,eth-suite,08-4ema-rsi,,plain,strict,809,False,ok,,0.078,1.333,True,0,0,0,0,0,0,0,0,0,0,0,0,0,run_error,,,,,,,,,,,,,0.03,account-currency: 08-4ema-rsi declares currency.USD but BINANCE:ETHUSDT.P quotes USDT -- a probe's account currency is its symbol's quote currency (no FX series,ok,excellent,809,809,809,809,100.0,0.0,0.0,0.0,0.0009216025821192113,0.0036719706242346922,0.0014191846951555102,0.208,,ok,excellent,809,809,809,809,100.0,0.0,0.0,0.0,0.0009216025821192113,0.0036719706242346922,0.0014191846951555102,0.135,,ok,excellent,1235,809,809,809,100.0,0.0,0.0,0.0,0.0009216025821192113,0.0036719706242346922,0.0014191846951555102,0.127,,,,,,,,,,,,,,,,,,,,,,,,,,,,,,,,ok,excellent,1230,809,809,809,100.0,0.0,0.0,0.0,0.0009216025821192113,0.0036719706242346922,0.0014191846951555102,3.675,,ok,excellent,1230,809,809,809,100.0,0.0,0.0,0.0,0.0009216025821192113,0.0036719706242346922,0.0014191846951555102,3.161,,not_run_quota,,,,,,,,,,,,,,,not_run_quota,,,,,,,,,,,,,,,not_run_quota,,,,,,,,,,,,,,,ok,excellent,1165,809,809,809,100.0,0.0,0.0,0.0,0.0009216025821192113,0.0036719706242346922,0.0014191846951555102,1.904,,not_run_quota,,,,,,,,,,,,,,,ok,excellent,1230,809,809,809,100.0,0.0,0.0,0.0,0.0009216025821192113,0.0036719706242346922,0.0014191846951555102,2.236,,not_run_quota,,,,,,,,,,,,,,,ok,excellent,1230,809,809,809,100.0,0.0,0.0,0.0,0.0009216025821192113,0.0036719706242346922,0.0014191846951555102,2.334,,ok,pf,excellent,809,809,809,809,100.0,0.0,0.0,0.0,0.0009216025821192113,0.0036719706242346922,0.0014191846951555102,0.208,,ok,pc691,excellent,1230,809,809,809,100.0,0.0,0.0,0.0,0.0009216025821192113,0.0036719706242346922,0.0014191846951555102,3.161,,ok,pc646,excellent,1230,809,809,809,100.0,0.0,0.0,0.0,0.0009216025821192113,0.0036719706242346922,0.0014191846951555102,2.236,
A,eth-suite,09-kkb-kalman,,plain,strict,150,False,ok,,0.05,0.965,True,0,0,0,0,0,0,0,0,0,0,1,0,0,run_error,,,,,,,,,,,,,0.03,account-currency: 09-kkb-kalman declares currency.USD but BINANCE:ETHUSDT.P quotes USDT -- a probe's account currency is its symbol's quote currency (no FX seri,ok,excellent,150,149,149,149,100.0,0.0,0.0,0.0,0.0007509981877621327,0.00026605018791402325,0.00031184144811366264,0.192,,ok,excellent,150,149,149,149,100.0,0.0,0.0,0.0,0.0007509981877621327,0.00026605018791402325,0.00031184144811366264,0.127,,ok,excellent,239,149,149,149,100.0,0.0,0.0,0.0,0.0007870738992205904,0.009110936473376964,0.008614620004141788,0.162,,,,,,,,,,,,,,,,,,,,,,,,,,,,,,,,ok,excellent,239,149,149,149,100.0,0.0,0.0,0.0,0.0007870738992205904,0.009110936473376964,0.008614620004141788,2.386,,ok,excellent,239,149,149,149,100.0,0.0,0.0,0.0,0.0007870738992205904,0.009110936473376964,0.008614620004141788,2.331,,not_run_quota,,,,,,,,,,,,,,,not_run_quota,,,,,,,,,,,,,,,not_run_quota,,,,,,,,,,,,,,,ok,excellent,222,149,149,149,100.0,0.0,0.0,0.0,0.0007509981877621327,0.00026605018791402325,0.00031184144811366264,1.694,,not_run_quota,,,,,,,,,,,,,,,ok,excellent,239,149,149,149,100.0,0.0,0.0,0.0,0.0007870738992205904,0.009110936473376964,0.008614620004141788,5.017,,not_run_quota,,,,,,,,,,,,,,,ok,excellent,239,149,149,149,100.0,0.0,0.0,0.0,0.0007870738992205904,0.009110936473376964,0.008614620004141788,2.382,,ok,pf,excellent,150,149,149,149,100.0,0.0,0.0,0.0,0.0007509981877621327,0.00026605018791402325,0.00031184144811366264,0.192,,ok,pc691,excellent,239,149,149,149,100.0,0.0,0.0,0.0,0.0007870738992205904,0.009110936473376964,0.008614620004141788,2.331,,ok,pc646,excellent,239,149,149,149,100.0,0.0,0.0,0.0,0.0007870738992205904,0.009110936473376964,0.008614620004141788,5.017,
A,eth-suite,10-market-shift,,plain,strict,1152,False,ok,,0.08,2.341,True,0,0,0,0,0,0,0,0,0,0,1,0,0,run_error,,,,,,,,,,,,,0.02,account-currency: 10-market-shift declares currency.USD but BINANCE:ETHUSDT.P quotes USDT -- a probe's account currency is its symbol's quote currency (no FX se,ok,strong,1153,1153,1152,1148,99.65,0.0008673026886383347,0.0,0.0,0.000769112881131866,0.00674667969503344,0.006823952440604351,0.169,,ok,strong,1153,1153,1152,1148,99.65,0.0008673026886383347,0.0,0.0,0.000769112881131866,0.00674667969503344,0.006823952440604351,0.186,,ok,excellent,1759,1147,1147,1147,100.0,0.0,0.0,0.0,0.000769112881131866,0.010910710309507963,0.010428257842476139,0.162,,,,,,,,,,,,,,,,,,,,,,,,,,,,,,,,ok,excellent,1759,1147,1147,1147,100.0,0.0,0.0,0.0,0.000769112881131866,0.010910710309507963,0.010428257842476139,4.673,,ok,excellent,1759,1147,1147,1147,100.0,0.0,0.0,0.0,0.000769112881131866,0.010910710309507963,0.010428257842476139,3.952,,not_run_quota,,,,,,,,,,,,,,,not_run_quota,,,,,,,,,,,,,,,not_run_quota,,,,,,,,,,,,,,,ok,excellent,1648,1147,1147,1147,100.0,0.0,0.0,0.0,0.0007683443316083057,0.0004018715733271342,0.0006962306256342379,2.403,,not_run_quota,,,,,,,,,,,,,,,run_error,,,,,,,,,,,,,0.706,TypeError: _Input.string() takes from 2 to 3 positional arguments but 4,not_run_quota,,,,,,,,,,,,,,,ok,excellent,1759,1147,1147,1147,100.0,0.0,0.0,0.0,0.000769112881131866,0.010910710309507963,0.010428257842476139,4.943,,ok,pf_raw,excellent,1759,1147,1147,1147,100.0,0.0,0.0,0.0,0.000769112881131866,0.010910710309507963,0.010428257842476139,0.162,,ok,pc691,excellent,1759,1147,1147,1147,100.0,0.0,0.0,0.0,0.000769112881131866,0.010910710309507963,0.010428257842476139,3.952,,run_error,pc646,,,,,,,,,,,,,,TypeError: _Input.string() takes from 2 to 3 positional arguments but 4
A,eth-suite,100-matrix-bool-mask-no-transpose-01,,plain,strict,774,False,ok,,0.044,1.547,True,0,0,0,0,0,0,0,0,0,0,0,1,0,run_error,,,,,,,,,,,,,0.06,account-currency: 100-matrix-bool-mask-no-transpose-01 declares currency.USD but BINANCE:ETHUSDT.P quotes USDT -- a probe's account currency is its symbol's quo,ok,excellent,774,774,774,774,100.0,0.0,0.0,0.0,0.0008411346618484922,0.0008641902976332105,0.00046097394575275345,0.146,,ok,excellent,773,772,772,770,99.74,0.0,0.0,0.0,0.000844031670716979,0.0008746398541777317,0.00046549946984773843,0.23,,ok,excellent,781,774,774,774,100.0,0.0,0.0,0.0,0.0008411346618484922,0.0008641902976332105,0.00046097394575275345,0.19,,,,,,,,,,,,,,,,,,,,,,,,,,,,,,,,ok,strong,1077,782,771,745,96.63,0.014066496163682864,0.0,0.0,0.0008758107690526227,0.0035871446745499415,0.002294698134076563,10.031,,ok,strong,1077,782,771,745,96.63,0.014066496163682864,0.0,0.0,0.0008758107690526227,0.0035871446745499415,0.002294698134076563,9.127,,not_run_quota,,,,,,,,,,,,,,,not_run_quota,,,,,,,,,,,,,,,not_run_quota,,,,,,,,,,,,,,,ok,strong,1071,782,771,745,96.63,0.014066496163682864,0.0,0.0,0.0008758107690526227,0.0035871446745499415,0.002294698134076563,5.07,,not_run_quota,,,,,,,,,,,,,,,ok,strong,1077,782,771,745,96.63,0.014066496163682864,0.0,0.0,0.0008758107690526227,0.0035871446745499415,0.002294698134076563,12.802,,not_run_quota,,,,,,,,,,,,,,,ok,strong,1077,782,771,745,96.63,0.014066496163682864,0.0,0.0,0.0008758107690526227,0.0035871446745499415,0.002294698134076563,9.007,,ok,pf,excellent,774,774,774,774,100.0,0.0,0.0,0.0,0.0008411346618484922,0.0008641902976332105,0.00046097394575275345,0.146,,ok,pc691,strong,1077,782,771,745,96.63,0.014066496163682864,0.0,0.0,0.0008758107690526227,0.0035871446745499415,0.002294698134076563,9.127,,ok,pc646,strong,1077,782,771,745,96.63,0.014066496163682864,0.0,0.0,0.0008758107690526227,0.0035871446745499415,0.002294698134076563,12.802,
A,eth-suite,11-greedy,,plain,strict,13,False,ok,,0.05,1.46,True,0,0,0,0,0,0,0,0,0,0,0,0,0,run_error,,,,,,,,,,,,,0.03,account-currency: 11-greedy declares currency.USD but BINANCE:ETHUSDT.P quotes USDT -- a probe's account currency is its symbol's quote currency (no FX series);,ok,excellent,13,13,13,13,100.0,0.0,0.0,0.0,0.0,0.0,0.0,0.198,,ok,excellent,13,13,13,13,100.0,0.0,0.0,0.0,0.0,0.0,0.0,0.121,,ok,excellent,31,13,13,13,100.0,0.0,0.0,0.0,0.0,0.0,0.0,0.17,,,,,,,,,,,,,,,,,,,,,,,,,,,,,,,,ok,excellent,31,13,13,13,100.0,0.0,0.0,0.0,0.0,0.0,0.0,1.374,,ok,excellent,31,13,13,13,100.0,0.0,0.0,0.0,0.0,0.0,0.0,1.198,,not_run_quota,,,,,,,,,,,,,,,not_run_quota,,,,,,,,,,,,,,,not_run_quota,,,,,,,,,,,,,,,ok,excellent,30,13,13,13,100.0,0.0,0.0,0.0,0.0,0.0,0.0,0.659,,not_run_quota,,,,,,,,,,,,,,,ok,excellent,31,13,13,13,100.0,0.0,0.0,0.0,0.0,0.0,0.0,1.402,,not_run_quota,,,,,,,,,,,,,,,ok,excellent,31,13,13,13,100.0,0.0,0.0,0.0,0.0,0.0,0.0,1.092,,ok,pf,excellent,13,13,13,13,100.0,0.0,0.0,0.0,0.0,0.0,0.0,0.198,,ok,pc691,excellent,31,13,13,13,100.0,0.0,0.0,0.0,0.0,0.0,0.0,1.198,,ok,pc646,excellent,31,13,13,13,100.0,0.0,0.0,0.0,0.0,0.0,0.0,1.402,
A,eth-suite,12-keltner,,plain,strict,314,False,ok,,0.068,1.278,True,0,0,0,0,0,0,0,0,0,0,0,0,0,run_error,,,,,,,,,,,,,0.05,account-currency: 12-keltner declares currency.USD but BINANCE:ETHUSDT.P quotes USDT -- a probe's account currency is its symbol's quote currency (no FX series),ok,excellent,314,314,314,313,99.68,0.0,0.0,0.0,0.000787219957126584,0.020380999276778094,0.01182228380586864,0.213,,ok,excellent,314,314,314,313,99.68,0.0,0.0,0.0,0.000787219957126584,0.020380999276778094,0.01182228380586864,0.176,,ok,excellent,484,313,313,312,99.68,0.0,0.0,0.0,0.0007938712017102046,0.04599328347057373,0.0261971957174215,0.189,,,,,,,,,,,,,,,,,,,,,,,,,,,,,,,,ok,excellent,484,313,313,312,99.68,0.0,0.0,0.0,0.0007938712017102046,0.04599328347057373,0.0261971957174215,1.656,,ok,excellent,484,313,313,312,99.68,0.0,0.0,0.0,0.0007938712017102046,0.04599328347057373,0.0261971957174215,2.335,,not_run_quota,,,,,,,,,,,,,,,not_run_quota,,,,,,,,,,,,,,,not_run_quota,,,,,,,,,,,,,,,ok,excellent,465,313,313,312,99.68,0.0,0.0,0.0,0.0007882882882882115,0.020697303883282652,0.011929400170227962,0.937,,not_run_quota,,,,,,,,,,,,,,,ok,excellent,484,313,313,312,99.68,0.0,0.0,0.0,0.0007938712017102046,0.04599328347057373,0.0261971957174215,4.184,,not_run_quota,,,,,,,,,,,,,,,ok,excellent,484,313,313,312,99.68,0.0,0.0,0.0,0.0007938712017102046,0.04599328347057373,0.0261971957174215,2.261,,ok,pf,excellent,314,314,314,313,99.68,0.0,0.0,0.0,0.000787219957126584,0.020380999276778094,0.01182228380586864,0.213,,ok,pc691,excellent,484,313,313,312,99.68,0.0,0.0,0.0,0.0007938712017102046,0.04599328347057373,0.0261971957174215,2.335,,ok,pc646,excellent,484,313,313,312,99.68,0.0,0.0,0.0,0.0007938712017102046,0.04599328347057373,0.0261971957174215,4.184,
A,eth-suite,13-stoch-slow-k-d-cross,,plain,strict,7585,False,ok,,0.043,1.559,True,0,0,0,0,0,0,0,0,0,0,0,0,0,run_error,,,,,,,,,,,,,0.02,account-currency: 13-stoch-slow-k-d-cross declares currency.USD but BINANCE:ETHUSDT.P quotes USDT -- a probe's account currency is its symbol's quote currency (,ok,excellent,7585,7585,7585,7585,100.0,0.0,0.0,0.0,0.0007621951219512033,0.00010537407797679916,0.00023530679185939334,0.345,,ok,excellent,7560,7560,7560,7560,100.0,0.0,0.0,0.0,0.000763242680055156,0.00010434091880607069,0.00023337944686065338,0.339,,ok,excellent,10789,7585,7585,7585,100.0,0.0,0.0,0.0,0.0007621951219512033,8.510667270372147e-05,0.00023530679185939334,0.228,,,,,,,,,,,,,,,,,,,,,,,,,,,,,,,,ok,excellent,10789,7585,7585,7585,100.0,0.0,0.0,0.0,0.0007621951219512033,8.510667270372147e-05,0.00023530679185939334,2.693,,ok,excellent,10789,7585,7585,7585,100.0,0.0,0.0,0.0,0.0007621951219512033,8.510667270372147e-05,0.00023530679185939334,3.966,,not_run_quota,,,,,,,,,,,,,,,not_run_quota,,,,,,,,,,,,,,,not_run_quota,,,,,,,,,,,,,,,ok,excellent,10734,7585,7585,7585,100.0,0.0,0.0,0.0,0.0007621951219512033,8.510667270372147e-05,0.00023530679185939334,1.512,,not_run_quota,,,,,,,,,,,,,,,ok,excellent,10789,7585,7585,7585,100.0,0.0,0.0,0.0,0.0007621951219512033,8.510667270372147e-05,0.00023530679185939334,2.728,,not_run_quota,,,,,,,,,,,,,,,ok,excellent,10789,7585,7585,7585,100.0,0.0,0.0,0.0,0.0007621951219512033,8.510667270372147e-05,0.00023530679185939334,3.205,,ok,pf,excellent,7585,7585,7585,7585,100.0,0.0,0.0,0.0,0.0007621951219512033,0.00010537407797679916,0.00023530679185939334,0.345,,ok,pc691,excellent,10789,7585,7585,7585,100.0,0.0,0.0,0.0,0.0007621951219512033,8.510667270372147e-05,0.00023530679185939334,3.966,,ok,pc646,excellent,10789,7585,7585,7585,100.0,0.0,0.0,0.0,0.0007621951219512033,8.510667270372147e-05,0.00023530679185939334,2.728,
A,eth-suite,14-pivot-ext,,plain,strict,4890,False,ok,,0.07,1.03,True,0,0,0,0,0,0,0,0,0,0,0,0,0,run_error,,,,,,,,,,,,,0.02,account-currency: 14-pivot-ext declares currency.USD but BINANCE:ETHUSDT.P quotes USDT -- a probe's account currency is its symbol's quote currency (no FX serie,ok,excellent,4890,4890,4890,4890,100.0,0.0,0.0,0.0,0.0007766990291261971,0.0006810185010024213,0.0011000016417923076,0.257,,ok,excellent,4890,4890,4890,4890,100.0,0.0,0.0,0.0,0.0007766990291261971,0.0006810185010024213,0.0011000016417923076,0.305,,ok,strong,7564,4891,4890,4890,100.0,0.00020445716622367614,0.0,0.0,0.0007779984521085662,0.021062709430349668,0.009029864223678876,0.252,,,,,,,,,,,,,,,,,,,,,,,,,,,,,,,,ok,strong,7564,4891,4890,4890,100.0,0.00020445716622367614,0.0,0.0,0.0007779984521085662,0.021062709430349668,0.009029864223678876,3.466,,ok,strong,7564,4891,4890,4890,100.0,0.00020445716622367614,0.0,0.0,0.0007779984521085662,0.021062709430349668,0.009029864223678876,2.372,,not_run_quota,,,,,,,,,,,,,,,not_run_quota,,,,,,,,,,,,,,,not_run_quota,,,,,,,,,,,,,,,ok,strong,7164,4891,4890,4890,100.0,0.00020445716622367614,0.0,0.0,0.0007779984521085662,0.021062709430349668,0.009029864223678876,1.351,,not_run_quota,,,,,,,,,,,,,,,ok,strong,7564,4891,4890,4890,100.0,0.00020445716622367614,0.0,0.0,0.0007779984521085662,0.021062709430349668,0.009029864223678876,8.704,,not_run_quota,,,,,,,,,,,,,,,ok,strong,7564,4891,4890,4890,100.0,0.00020445716622367614,0.0,0.0,0.0007779984521085662,0.021062709430349668,0.009029864223678876,2.702,,ok,pf,excellent,4890,4890,4890,4890,100.0,0.0,0.0,0.0,0.0007766990291261971,0.0006810185010024213,0.0011000016417923076,0.257,,ok,pc691,strong,7564,4891,4890,4890,100.0,0.00020445716622367614,0.0,0.0,0.0007779984521085662,0.021062709430349668,0.009029864223678876,2.372,,ok,pc646,strong,7564,4891,4890,4890,100.0,0.00020445716622367614,0.0,0.0,0.0007779984521085662,0.021062709430349668,0.009029864223678876,8.704,
A,eth-suite,15-stochastic-slow,,plain,strict,690,False,ok,,0.061,1.112,True,0,0,0,0,0,0,0,0,0,0,0,0,0,run_error,,,,,,,,,,,,,0.02,account-currency: 15-stochastic-slow declares currency.USD but BINANCE:ETHUSDT.P quotes USDT -- a probe's account currency is its symbol's quote currency (no FX,ok,excellent,690,690,690,690,100.0,0.0,0.0,0.0,0.0008119806208822638,0.004530680587018039,0.0005592206571249548,0.247,,ok,excellent,690,690,690,690,100.0,0.0,0.0,0.0,0.0008119806208822638,0.004530680587018039,0.0005592206571249548,0.215,,ok,excellent,1056,690,690,690,100.0,0.0,0.0,0.0,0.0008171631437446632,0.11754068716093995,0.01659426515163811,0.146,,,,,,,,,,,,,,,,,,,,,,,,,,,,,,,,ok,excellent,1056,690,690,690,100.0,0.0,0.0,0.0,0.0008171631437446632,0.11754068716093995,0.01659426515163811,1.699,,ok,excellent,1056,690,690,690,100.0,0.0,0.0,0.0,0.0008171631437446632,0.11754068716093995,0.01659426515163811,2.337,,not_run_quota,,,,,,,,,,,,,,,not_run_quota,,,,,,,,,,,,,,,not_run_quota,,,,,,,,,,,,,,,ok,excellent,1008,690,690,690,100.0,0.0,0.0,0.0,0.0008171631437446632,0.11754068716093995,0.01659426515163811,0.953,,not_run_quota,,,,,,,,,,,,,,,ok,excellent,1056,690,690,690,100.0,0.0,0.0,0.0,0.0008171631437446632,0.11754068716093995,0.01659426515163811,5.921,,not_run_quota,,,,,,,,,,,,,,,ok,excellent,1056,690,690,690,100.0,0.0,0.0,0.0,0.0008171631437446632,0.11754068716093995,0.01659426515163811,1.723,,ok,pf,excellent,690,690,690,690,100.0,0.0,0.0,0.0,0.0008119806208822638,0.004530680587018039,0.0005592206571249548,0.247,,ok,pc691,excellent,1056,690,690,690,100.0,0.0,0.0,0.0,0.0008171631437446632,0.11754068716093995,0.01659426515163811,2.337,,ok,pc646,excellent,1056,690,690,690,100.0,0.0,0.0,0.0,0.0008171631437446632,0.11754068716093995,0.01659426515163811,5.921,
A,eth-suite,16-volty-expan,,plain,strict,7235,False,ok,,0.078,1.092,True,0,0,0,0,0,0,0,0,0,0,0,0,0,run_error,,,,,,,,,,,,,0.05,account-currency: 16-volty-expan declares currency.USD but BINANCE:ETHUSDT.P quotes USDT -- a probe's account currency is its symbol's quote currency (no FX ser,ok,strong,7299,7299,7235,7132,98.58,0.008768324428003836,0.0,0.0,0.00106386752507676,0.25207903101381424,0.24628968675372861,0.352,,ok,strong,7299,7299,7235,7132,98.58,0.008768324428003836,0.0,0.0,0.00106386752507676,0.25207903101381424,0.24628968675372861,0.338,,ok,strong,11235,7299,7235,7131,98.56,0.008768324428003836,0.0,0.0,0.0010645226919795345,0.24988621930567298,0.24616726813331377,0.254,,,,,,,,,,,,,,,,,,,,,,,,,,,,,,,,ok,strong,11235,7299,7235,7131,98.56,0.008768324428003836,0.0,0.0,0.0010645226919795345,0.24988621930567298,0.24616726813331377,3.174,,ok,strong,11235,7299,7235,7131,98.56,0.008768324428003836,0.0,0.0,0.0010645226919795345,0.24988621930567298,0.24616726813331377,3.948,,not_run_quota,,,,,,,,,,,,,,,not_run_quota,,,,,,,,,,,,,,,not_run_quota,,,,,,,,,,,,,,,ok,strong,10664,7299,7235,7131,98.56,0.008768324428003836,0.0,0.0,0.0010645226919795345,0.24988621930567298,0.24616726813331377,1.599,,not_run_quota,,,,,,,,,,,,,,,ok,strong,11235,7299,7235,7131,98.56,0.008768324428003836,0.0,0.0,0.0010645226919795345,0.24988621930567298,0.24616726813331377,5.069,,not_run_quota,,,,,,,,,,,,,,,ok,strong,11235,7299,7235,7131,98.56,0.008768324428003836,0.0,0.0,0.0010645226919795345,0.24988621930567298,0.24616726813331377,2.929,,ok,pf,strong,7299,7299,7235,7132,98.58,0.008768324428003836,0.0,0.0,0.00106386752507676,0.25207903101381424,0.24628968675372861,0.352,,ok,pc691,strong,11235,7299,7235,7131,98.56,0.008768324428003836,0.0,0.0,0.0010645226919795345,0.24988621930567298,0.24616726813331377,3.948,,ok,pc646,strong,11235,7299,7235,7131,98.56,0.008768324428003836,0.0,0.0,0.0010645226919795345,0.24988621930567298,0.24616726813331377,5.069,
A,eth-suite,17-bos-curv,,partial,strict,272,False,ok,,0.175,1.827,True,0,1,1,0,0,0,0,0,0,0,1,1,0,run_error,,,,,,,,,,,,,0.04,account-currency: 17-bos-curv declares currency.USD but BINANCE:ETHUSDT.P quotes USDT -- a probe's account currency is its symbol's quote currency (no FX series,ok,strong,267,262,262,262,100.0,0.0,0.0,0.0,0.000767165324127333,0.00027459629915047473,0.0008268383598779489,0.153,,ok,strong,271,262,262,262,100.0,0.0,0.0,0.0,0.000767165324127333,0.00027459629915047473,0.0008268383598779489,0.157,,ok,strong,420,262,262,262,100.0,0.0,0.0,0.0,0.000770350513871832,0.0037215507631814305,0.00287360216875636,0.119,,,,,,,,,,,,,,,,,,,,,,,,,,,,,,,,ok,strong,420,262,262,262,100.0,0.0,0.0,0.0,0.000770350513871832,0.0037215507631814305,0.00287360216875636,4.162,,ok,strong,420,262,262,262,100.0,0.0,0.0,0.0,0.000770350513871832,0.0037215507631814305,0.00287360216875636,5.755,,not_run_quota,,,,,,,,,,,,,,,not_run_quota,,,,,,,,,,,,,,,not_run_quota,,,,,,,,,,,,,,,ok,strong,398,262,262,262,100.0,0.0,0.0,0.0,0.000767165324127333,0.00027459629915047473,0.0008268383598779489,2.407,,not_run_quota,,,,,,,,,,,,,,,ok,strong,420,262,262,262,100.0,0.0,0.0,0.0,0.000770350513871832,0.0037215507631814305,0.00287360216875636,7.851,,not_run_quota,,,,,,,,,,,,,,,ok,strong,420,262,262,262,100.0,0.0,0.0,0.0,0.000770350513871832,0.0037215507631814305,0.00287360216875636,5.11,,ok,pf,strong,267,262,262,262,100.0,0.0,0.0,0.0,0.000767165324127333,0.00027459629915047473,0.0008268383598779489,0.153,,ok,pc691,strong,420,262,262,262,100.0,0.0,0.0,0.0,0.000770350513871832,0.0037215507631814305,0.00287360216875636,5.755,,ok,pc646,strong,420,262,262,262,100.0,0.0,0.0,0.0,0.000770350513871832,0.0037215507631814305,0.00287360216875636,7.851,
A,eth-suite,18-kanuck,,plain,strict,875,False,ok,,0.176,2.168,True,0,0,0,0,0,0,0,0,0,0,1,0,0,run_error,,,,,,,,,,,,,0.04,account-currency: 18-kanuck declares currency.USD but BINANCE:ETHUSDT.P quotes USDT -- a probe's account currency is its symbol's quote currency (no FX series);,ok,excellent,875,875,875,875,100.0,0.0,0.0,0.0,0.0008361478833964126,0.010555601014647241,0.0020324467452407626,0.225,,ok,excellent,875,875,875,875,100.0,0.0,0.0,0.0,0.0008361478833964126,0.010555601014647241,0.0020324467452407626,0.194,,ok,excellent,1317,875,875,875,100.0,0.0,0.0,0.0,0.0008453736369861009,0.04518569288959999,0.009205483986077923,0.192,,,,,,,,,,,,,,,,,,,,,,,,,,,,,,,,ok,excellent,1317,875,875,875,100.0,0.0,0.0,0.0,0.0008453736369861009,0.04518569288959999,0.009205483986077923,8.959,,ok,excellent,1317,875,875,875,100.0,0.0,0.0,0.0,0.0008453736369861009,0.04518569288959999,0.009205483986077923,8.35,,not_run_quota,,,,,,,,,,,,,,,not_run_quota,,,,,,,,,,,,,,,not_run_quota,,,,,,,,,,,,,,,ok,excellent,1252,875,875,875,100.0,0.0,0.0,0.0,0.0008453736369861009,0.04518569288959999,0.009205483986077923,4.216,,not_run_quota,,,,,,,,,,,,,,,ok,excellent,1317,875,875,875,100.0,0.0,0.0,0.0,0.0008453736369861009,0.04518569288959999,0.009205483986077923,9.069,,not_run_quota,,,,,,,,,,,,,,,ok,excellent,1317,875,875,875,100.0,0.0,0.0,0.0,0.0008453736369861009,0.04518569288959999,0.009205483986077923,7.881,,ok,pf,excellent,875,875,875,875,100.0,0.0,0.0,0.0,0.0008361478833964126,0.010555601014647241,0.0020324467452407626,0.225,,ok,pc691,excellent,1317,875,875,875,100.0,0.0,0.0,0.0,0.0008453736369861009,0.04518569288959999,0.009205483986077923,8.35,,ok,pc646,excellent,1317,875,875,875,100.0,0.0,0.0,0.0,0.0008453736369861009,0.04518569288959999,0.009205483986077923,9.069,
A,eth-suite,19-scalping-wunder-bots,,plain,strict,419,False,ok,,0.134,1.627,True,0,0,0,0,0,0,1,0,0,0,1,0,0,run_error,,,,,,,,,,,,,0.03,account-currency: 19-scalping-wunder-bots declares currency.USD but BINANCE:ETHUSDT.P quotes USDT -- a probe's account currency is its symbol's quote currency (,ok,strong,417,417,419,417,99.52,0.00477326968973747,0.0,0.0,0.0010586925462731896,0.07904499382777817,0.06053455190803897,0.166,,ok,strong,417,417,419,417,99.52,0.00477326968973747,0.0,0.0,0.0010586925462731896,0.07904499382777817,0.06053455190803897,0.144,,ok,strong,542,417,419,417,99.52,0.00477326968973747,0.0,0.0,0.0010586925462731896,0.07904499382777817,0.06053455190803897,0.144,,,,,,,,,,,,,,,,,,,,,,,,,,,,,,,,ok,strong,543,418,419,418,99.76,0.002386634844868735,0.0,0.0,0.001044193264193323,0.009096483164811113,0.008824813520232967,4.949,,ok,strong,543,418,419,418,99.76,0.002386634844868735,0.0,0.0,0.001044193264193323,0.009096483164811113,0.008824813520232967,5.559,,not_run_quota,,,,,,,,,,,,,,,not_run_quota,,,,,,,,,,,,,,,not_run_quota,,,,,,,,,,,,,,,ok,strong,503,418,419,418,99.76,0.002386634844868735,0.0,0.0,0.001044193264193323,0.009096483164811113,0.008824813520232967,2.892,,not_run_quota,,,,,,,,,,,,,,,ok,strong,546,421,419,417,99.52,0.004750593824228029,0.0,0.0,0.001542605210420738,0.20026548297530297,0.10245935589988937,10.017,,not_run_quota,,,,,,,,,,,,,,,ok,strong,543,418,419,418,99.76,0.002386634844868735,0.0,0.0,0.001044193264193323,0.009096483164811113,0.008824813520232967,6.139,,ok,pf,strong,417,417,419,417,99.52,0.00477326968973747,0.0,0.0,0.0010586925462731896,0.07904499382777817,0.06053455190803897,0.166,,ok,pc691,strong,543,418,419,418,99.76,0.002386634844868735,0.0,0.0,0.001044193264193323,0.009096483164811113,0.008824813520232967,5.559,,ok,pc646,strong,546,421,419,417,99.52,0.004750593824228029,0.0,0.0,0.001542605210420738,0.20026548297530297,0.10245935589988937,10.017,
A,eth-suite,20-bb-squeeze,,plain,strict,814,False,ok,,0.092,1.219,True,0,0,0,0,0,0,0,0,0,0,1,0,0,run_error,,,,,,,,,,,,,0.02,account-currency: 20-bb-squeeze declares currency.USD but BINANCE:ETHUSDT.P quotes USDT -- a probe's account currency is its symbol's quote currency (no FX seri,ok,excellent,814,814,814,814,100.0,0.0,0.0,0.0,0.0008679589124094744,0.0007388121323223949,0.0006885399822648061,0.145,,ok,excellent,814,814,814,814,100.0,0.0,0.0,0.0,0.0008679589124094744,0.0007388121323223949,0.0006885399822648061,0.207,,ok,excellent,1224,814,814,814,100.0,0.0,0.0,0.0,0.0008679589124094744,0.0007388121323223949,0.0006885399822648061,0.157,,,,,,,,,,,,,,,,,,,,,,,,,,,,,,,,ok,excellent,1224,814,814,814,100.0,0.0,0.0,0.0,0.0008679589124094744,0.0007388121323223949,0.0006885399822648061,3.575,,ok,excellent,1224,814,814,814,100.0,0.0,0.0,0.0,0.0008679589124094744,0.0007388121323223949,0.0006885399822648061,2.385,,not_run_quota,,,,,,,,,,,,,,,not_run_quota,,,,,,,,,,,,,,,not_run_quota,,,,,,,,,,,,,,,ok,excellent,1161,814,814,814,100.0,0.0,0.0,0.0,0.0008679589124094744,0.0007388121323223949,0.0006885399822648061,1.803,,not_run_quota,,,,,,,,,,,,,,,ok,excellent,1224,814,814,814,100.0,0.0,0.0,0.0,0.0008679589124094744,0.0007388121323223949,0.0006885399822648061,4.666,,not_run_quota,,,,,,,,,,,,,,,ok,excellent,1224,814,814,814,100.0,0.0,0.0,0.0,0.0008679589124094744,0.0007388121323223949,0.0006885399822648061,2.9,,ok,pf,excellent,814,814,814,814,100.0,0.0,0.0,0.0,0.0008679589124094744,0.0007388121323223949,0.0006885399822648061,0.145,,ok,pc691,excellent,1224,814,814,814,100.0,0.0,0.0,0.0,0.0008679589124094744,0.0007388121323223949,0.0006885399822648061,2.385,,ok,pc646,excellent,1224,814,814,814,100.0,0.0,0.0,0.0,0.0008679589124094744,0.0007388121323223949,0.0006885399822648061,4.666,
A,eth-suite,21-dmi-adx-trend,,plain,strict,2747,False,ok,,0.065,0.842,True,0,0,0,0,0,0,0,0,0,0,0,0,0,run_error,,,,,,,,,,,,,0.03,account-currency: 21-dmi-adx-trend declares currency.USD but BINANCE:ETHUSDT.P quotes USDT -- a probe's account currency is its symbol's quote currency (no FX s,ok,strong,2743,2743,2747,2741,99.78,0.0014561339643247178,0.0,0.0,0.0007794232268121424,0.0018149736730635618,0.0014748320862161175,0.206,,ok,strong,2743,2743,2747,2741,99.78,0.0014561339643247178,0.0,0.0,0.0007794232268121424,0.0018149736730635618,0.0014748320862161175,0.217,,ok,strong,4175,2743,2747,2741,99.78,0.0014561339643247178,0.0,0.0,0.0007794232268121424,0.018593189964157604,0.01413114726187877,0.245,,,,,,,,,,,,,,,,,,,,,,,,,,,,,,,,ok,strong,4175,2743,2747,2741,99.78,0.0014561339643247178,0.0,0.0,0.0007794232268121424,0.018593189964157604,0.01413114726187877,2.312,,ok,strong,4175,2743,2747,2741,99.78,0.0014561339643247178,0.0,0.0,0.0007794232268121424,0.018593189964157604,0.01413114726187877,1.956,,not_run_quota,,,,,,,,,,,,,,,not_run_quota,,,,,,,,,,,,,,,not_run_quota,,,,,,,,,,,,,,,ok,strong,3955,2743,2747,2741,99.78,0.0014561339643247178,0.0,0.0,0.0007794232268121424,0.0018149736730635618,0.0014748320862161175,1.009,,not_run_quota,,,,,,,,,,,,,,,ok,strong,4175,2743,2747,2741,99.78,0.0014561339643247178,0.0,0.0,0.0007794232268121424,0.018593189964157604,0.01413114726187877,4.303,,not_run_quota,,,,,,,,,,,,,,,ok,strong,4175,2743,2747,2741,99.78,0.0014561339643247178,0.0,0.0,0.0007794232268121424,0.018593189964157604,0.01413114726187877,2.267,,ok,pf,strong,2743,2743,2747,2741,99.78,0.0014561339643247178,0.0,0.0,0.0007794232268121424,0.0018149736730635618,0.0014748320862161175,0.206,,ok,pc691,strong,4175,2743,2747,2741,99.78,0.0014561339643247178,0.0,0.0,0.0007794232268121424,0.018593189964157604,0.01413114726187877,1.956,,ok,pc646,strong,4175,2743,2747,2741,99.78,0.0014561339643247178,0.0,0.0,0.0007794232268121424,0.018593189964157604,0.01413114726187877,4.303,
A,eth-suite,22-hma-cross,,plain,strict,4713,False,ok,,0.08,0.974,True,0,0,0,0,0,0,0,0,0,0,0,0,0,run_error,,,,,,,,,,,,,0.04,account-currency: 22-hma-cross declares currency.USD but BINANCE:ETHUSDT.P quotes USDT -- a probe's account currency is its symbol's quote currency (no FX serie,ok,excellent,4713,4713,4713,4713,100.0,0.0,0.0,0.0,0.0008203445447087603,0.0003230570426436555,0.00046227004906737563,0.304,,ok,excellent,4713,4713,4713,4713,100.0,0.0,0.0,0.0,0.0008203445447087603,0.0003230570426436555,0.00046227004906737563,0.275,,ok,excellent,7344,4713,4713,4713,100.0,0.0,0.0,0.0,0.0008203445447087603,0.00033844713038560636,0.00046227004906737563,0.207,,,,,,,,,,,,,,,,,,,,,,,,,,,,,,,,ok,excellent,7344,4713,4713,4713,100.0,0.0,0.0,0.0,0.0008203445447087603,0.00033844713038560636,0.00046227004906737563,3.352,,ok,excellent,7344,4713,4713,4713,100.0,0.0,0.0,0.0,0.0008203445447087603,0.00033844713038560636,0.00046227004906737563,5.012,,not_run_quota,,,,,,,,,,,,,,,not_run_quota,,,,,,,,,,,,,,,not_run_quota,,,,,,,,,,,,,,,ok,excellent,6958,4713,4713,4713,100.0,0.0,0.0,0.0,0.0008203445447087603,0.00033844713038560636,0.00046227004906737563,2.251,,not_run_quota,,,,,,,,,,,,,,,ok,excellent,7344,4713,4713,4713,100.0,0.0,0.0,0.0,0.0008203445447087603,0.00033844713038560636,0.00046227004906737563,3.997,,not_run_quota,,,,,,,,,,,,,,,ok,excellent,7344,4713,4713,4713,100.0,0.0,0.0,0.0,0.0008203445447087603,0.00033844713038560636,0.00046227004906737563,4.28,,ok,pf,excellent,4713,4713,4713,4713,100.0,0.0,0.0,0.0,0.0008203445447087603,0.0003230570426436555,0.00046227004906737563,0.304,,ok,pc691,excellent,7344,4713,4713,4713,100.0,0.0,0.0,0.0,0.0008203445447087603,0.00033844713038560636,0.00046227004906737563,5.012,,ok,pc646,excellent,7344,4713,4713,4713,100.0,0.0,0.0,0.0,0.0008203445447087603,0.00033844713038560636,0.00046227004906737563,3.997,
A,eth-suite,23-cci-momentum,,plain,strict,2462,False,ok,,0.092,1.034,True,0,0,0,0,0,0,0,0,0,0,0,0,0,run_error,,,,,,,,,,,,,0.03,account-currency: 23-cci-momentum declares currency.USD but BINANCE:ETHUSDT.P quotes USDT -- a probe's account currency is its symbol's quote currency (no FX se,ok,excellent,2462,2462,2462,2462,100.0,0.0,0.0,0.0,0.0007188666691924542,0.00023040731404977717,0.00027636834718611003,0.19,,ok,excellent,2462,2462,2462,2462,100.0,0.0,0.0,0.0,0.0007188666691924542,0.00023040731404977717,0.00027636834718611003,0.201,,ok,excellent,3782,2461,2461,2461,100.0,0.0,0.0,0.0,0.0007194513570034776,0.00059442525504039,0.0005591561276157879,0.18,,,,,,,,,,,,,,,,,,,,,,,,,,,,,,,,ok,weak,3173,2068,2461,2033,82.61,0.1596911824461601,0.0,0.007649412512022156,5.749550299800133,0.5262129684298267,0.5090654236613329,3.704,,ok,weak,3173,2068,2461,2033,82.61,0.1596911824461601,0.0,0.007649412512022156,5.749550299800133,0.5262129684298267,0.5090654236613329,3.979,,not_run_quota,,,,,,,,,,,,,,,not_run_quota,,,,,,,,,,,,,,,not_run_quota,,,,,,,,,,,,,,,ok,weak,3012,2068,2461,2033,82.61,0.1596911824461601,0.0,0.007649412512022156,5.749550299800133,0.5262129684298267,0.5090654236613329,1.777,,not_run_quota,,,,,,,,,,,,,,,ok,weak,3173,2068,2461,2033,82.61,0.1596911824461601,0.0,0.007649412512022156,5.749550299800133,0.5262129684298267,0.5090654236613329,3.468,,not_run_quota,,,,,,,,,,,,,,,ok,excellent,3782,2461,2461,2461,100.0,0.0,0.0,0.0,0.0007194513570034776,0.00059442525504039,0.0005591561276157879,3.028,,ok,pf,excellent,2462,2462,2462,2462,100.0,0.0,0.0,0.0,0.0007188666691924542,0.00023040731404977717,0.00027636834718611003,0.19,,ok,pc691_re,excellent,3782,2461,2461,2461,100.0,0.0,0.0,0.0,0.0007194513570034776,0.00059442525504039,0.0005591561276157879,3.028,,ok,pc646,weak,3173,2068,2461,2033,82.61,0.1596911824461601,0.0,0.007649412512022156,5.749550299800133,0.5262129684298267,0.5090654236613329,3.468,
A,eth-suite,24-tsi-signal,,plain,strict,846,False,ok,,0.082,1.14,True,0,0,0,0,0,0,0,0,0,0,0,0,0,run_error,,,,,,,,,,,,,0.04,account-currency: 24-tsi-signal declares currency.USD but BINANCE:ETHUSDT.P quotes USDT -- a probe's account currency is its symbol's quote currency (no FX seri,ok,excellent,846,846,846,846,100.0,0.0,0.0,0.0,0.0008159441431727781,0.0019348117279356372,0.0004399575755186565,0.172,,ok,excellent,846,846,846,846,100.0,0.0,0.0,0.0,0.0008159441431727781,0.0019348117279356372,0.0004399575755186565,0.19,,ok,excellent,1321,845,845,845,100.0,0.0,0.0,0.0,0.00082504187949472,0.17390179054610472,0.028973973993593655,0.202,,,,,,,,,,,,,,,,,,,,,,,,,,,,,,,,ok,excellent,1321,845,845,845,100.0,0.0,0.0,0.0,0.00082504187949472,0.17390179054610472,0.028973973993593655,3.463,,ok,excellent,1321,845,845,845,100.0,0.0,0.0,0.0,0.00082504187949472,0.17390179054610472,0.028973973993593655,2.973,,not_run_quota,,,,,,,,,,,,,,,not_run_quota,,,,,,,,,,,,,,,not_run_quota,,,,,,,,,,,,,,,ok,excellent,1248,845,845,845,100.0,0.0,0.0,0.0,0.0008174857380451745,0.0019101261173012677,0.00043905900247282636,1.539,,not_run_quota,,,,,,,,,,,,,,,ok,excellent,1321,845,845,845,100.0,0.0,0.0,0.0,0.00082504187949472,0.17390179054610472,0.028973973993593655,2.113,,not_run_quota,,,,,,,,,,,,,,,ok,excellent,1321,845,845,845,100.0,0.0,0.0,0.0,0.00082504187949472,0.17390179054610472,0.028973973993593655,2.411,,ok,pf,excellent,846,846,846,846,100.0,0.0,0.0,0.0,0.0008159441431727781,0.0019348117279356372,0.0004399575755186565,0.172,,ok,pc691,excellent,1321,845,845,845,100.0,0.0,0.0,0.0,0.00082504187949472,0.17390179054610472,0.028973973993593655,2.973,,ok,pc646,excellent,1321,845,845,845,100.0,0.0,0.0,0.0,0.00082504187949472,0.17390179054610472,0.028973973993593655,2.113,
A,eth-suite,25-linreg-channel,,plain,strict,248,False,ok,,0.091,1.626,True,0,0,0,0,0,0,0,0,0,0,0,0,0,run_error,,,,,,,,,,,,,0.03,account-currency: 25-linreg-channel declares currency.USD but BINANCE:ETHUSDT.P quotes USDT -- a probe's account currency is its symbol's quote currency (no FX ,ok,excellent,248,248,248,248,100.0,0.0,0.0,0.0,0.0009433669062100404,0.002063357203544312,0.0003917961297355571,0.229,,ok,excellent,248,248,248,248,100.0,0.0,0.0,0.0,0.0009433669062100404,0.002063357203544312,0.0003917961297355571,0.131,,ok,excellent,370,248,248,248,100.0,0.0,0.0,0.0,0.0009433669062100404,0.002063357203544312,0.0003917961297355571,0.127,,,,,,,,,,,,,,,,,,,,,,,,,,,,,,,,ok,excellent,370,248,248,248,100.0,0.0,0.0,0.0,0.0009433669062100404,0.002063357203544312,0.0003917961297355571,1.476,,ok,excellent,370,248,248,248,100.0,0.0,0.0,0.0,0.0009433669062100404,0.002063357203544312,0.0003917961297355571,2.438,,not_run_quota,,,,,,,,,,,,,,,not_run_quota,,,,,,,,,,,,,,,not_run_quota,,,,,,,,,,,,,,,ok,excellent,350,248,248,248,100.0,0.0,0.0,0.0,0.0009433669062100404,0.002063357203544312,0.0003917961297355571,1.443,,not_run_quota,,,,,,,,,,,,,,,ok,excellent,370,248,248,248,100.0,0.0,0.0,0.0,0.0009433669062100404,0.002063357203544312,0.0003917961297355571,3.219,,not_run_quota,,,,,,,,,,,,,,,ok,excellent,370,248,248,248,100.0,0.0,0.0,0.0,0.0009433669062100404,0.002063357203544312,0.0003917961297355571,1.94,,ok,pf,excellent,248,248,248,248,100.0,0.0,0.0,0.0,0.0009433669062100404,0.002063357203544312,0.0003917961297355571,0.229,,ok,pc691,excellent,370,248,248,248,100.0,0.0,0.0,0.0,0.0009433669062100404,0.002063357203544312,0.0003917961297355571,2.438,,ok,pc646,excellent,370,248,248,248,100.0,0.0,0.0,0.0,0.0009433669062100404,0.002063357203544312,0.0003917961297355571,3.219,
A,eth-suite,26-aroon-oscillator,,plain,strict,1585,False,ok,,0.084,0.957,True,0,0,0,0,0,0,0,0,0,0,0,0,0,run_error,,,,,,,,,,,,,0.03,account-currency: 26-aroon-oscillator declares currency.USD but BINANCE:ETHUSDT.P quotes USDT -- a probe's account currency is its symbol's quote currency (no F,ok,excellent,1585,1585,1585,1585,100.0,0.0,0.0,0.0,0.0008345156857202749,0.0001214369300745483,0.00044182063765216457,0.174,,ok,excellent,1585,1585,1585,1585,100.0,0.0,0.0,0.0,0.0008345156857202749,0.0001214369300745483,0.00044182063765216457,0.201,,ok,excellent,2450,1585,1585,1585,100.0,0.0,0.0,0.0,0.0008351429491926636,0.004451405490066721,0.003408330633317901,0.166,,,,,,,,,,,,,,,,,,,,,,,,,,,,,,,,ok,excellent,2448,1585,1585,1585,100.0,0.0,0.0,0.0,0.0008351429491926636,0.004451405490066721,0.003408330633317901,3.334,,ok,excellent,2448,1585,1585,1585,100.0,0.0,0.0,0.0,0.0008351429491926636,0.004451405490066721,0.003408330633317901,3.109,,not_run_quota,,,,,,,,,,,,,,,not_run_quota,,,,,,,,,,,,,,,not_run_quota,,,,,,,,,,,,,,,ok,excellent,2325,1585,1585,1585,100.0,0.0,0.0,0.0,0.0008351429491926636,0.004451405490066721,0.003408330633317901,1.786,,not_run_quota,,,,,,,,,,,,,,,ok,excellent,2448,1585,1585,1585,100.0,0.0,0.0,0.0,0.0008351429491926636,0.004451405490066721,0.003408330633317901,5.408,,not_run_quota,,,,,,,,,,,,,,,ok,excellent,2448,1585,1585,1585,100.0,0.0,0.0,0.0,0.0008351429491926636,0.004451405490066721,0.003408330633317901,3.69,,ok,pf,excellent,1585,1585,1585,1585,100.0,0.0,0.0,0.0,0.0008345156857202749,0.0001214369300745483,0.00044182063765216457,0.174,,ok,pc691,excellent,2448,1585,1585,1585,100.0,0.0,0.0,0.0,0.0008351429491926636,0.004451405490066721,0.003408330633317901,3.109,,ok,pc646,excellent,2448,1585,1585,1585,100.0,0.0,0.0,0.0,0.0008351429491926636,0.004451405490066721,0.003408330633317901,5.408,
A,eth-suite,27-donchian-breakout,,plain,strict,1002,False,ok,,0.091,1.359,True,0,0,0,0,0,0,0,0,0,0,0,0,0,run_error,,,,,,,,,,,,,0.04,account-currency: 27-donchian-breakout declares currency.USD but BINANCE:ETHUSDT.P quotes USDT -- a probe's account currency is its symbol's quote currency (no ,ok,excellent,1002,1002,1002,1002,100.0,0.0,0.0,0.0,0.0007919541529992668,0.005150106770505643,0.0007589210059007497,0.204,,ok,excellent,1002,1002,1002,1002,100.0,0.0,0.0,0.0,0.0007919541529992668,0.005150106770505643,0.0007589210059007497,0.19,,ok,excellent,1524,1002,1002,1002,100.0,0.0,0.0,0.0,0.0007936507936507767,0.08884767260978771,0.010941725182177214,0.166,,,,,,,,,,,,,,,,,,,,,,,,,,,,,,,,ok,excellent,1524,1002,1002,1002,100.0,0.0,0.0,0.0,0.0007936507936507767,0.08884767260978771,0.010941725182177214,2.183,,ok,excellent,1524,1002,1002,1002,100.0,0.0,0.0,0.0,0.0007936507936507767,0.08884767260978771,0.010941725182177214,1.629,,not_run_quota,,,,,,,,,,,,,,,not_run_quota,,,,,,,,,,,,,,,not_run_quota,,,,,,,,,,,,,,,ok,excellent,1444,1002,1002,1002,100.0,0.0,0.0,0.0,0.0007936507936507767,0.08884767260978771,0.010941725182177214,1.559,,not_run_quota,,,,,,,,,,,,,,,ok,excellent,1524,1002,1002,1002,100.0,0.0,0.0,0.0,0.0007936507936507767,0.08884767260978771,0.010941725182177214,4.39,,not_run_quota,,,,,,,,,,,,,,,ok,excellent,1524,1002,1002,1002,100.0,0.0,0.0,0.0,0.0007936507936507767,0.08884767260978771,0.010941725182177214,3.014,,ok,pf,excellent,1002,1002,1002,1002,100.0,0.0,0.0,0.0,0.0007919541529992668,0.005150106770505643,0.0007589210059007497,0.204,,ok,pc691,excellent,1524,1002,1002,1002,100.0,0.0,0.0,0.0,0.0007936507936507767,0.08884767260978771,0.010941725182177214,1.629,,ok,pc646,excellent,1524,1002,1002,1002,100.0,0.0,0.0,0.0,0.0007936507936507767,0.08884767260978771,0.010941725182177214,4.39,
A,eth-suite,28-elder-ray,,plain,strict,2483,False,ok,,0.086,1.089,True,0,0,0,0,0,0,0,0,0,0,0,0,0,run_error,,,,,,,,,,,,,0.04,account-currency: 28-elder-ray declares currency.USD but BINANCE:ETHUSDT.P quotes USDT -- a probe's account currency is its symbol's quote currency (no FX serie,ok,excellent,2483,2483,2483,2483,100.0,0.0,0.0,0.0,0.0007863606761341208,0.0005608366362998236,0.00046618009119655303,0.268,,ok,excellent,2483,2483,2483,2483,100.0,0.0,0.0,0.0,0.0007863606761341208,0.0005608366362998236,0.00046618009119655303,0.242,,ok,excellent,3806,2483,2483,2483,100.0,0.0,0.0,0.0,0.0007863606761341208,0.0005608366362998236,0.00046618009119655303,0.174,,,,,,,,,,,,,,,,,,,,,,,,,,,,,,,,ok,excellent,3793,2483,2483,2483,100.0,0.0,0.0,0.0,0.0007863606761341208,0.0005608366362998236,0.00046618009119655303,3.436,,ok,excellent,3793,2483,2483,2483,100.0,0.0,0.0,0.0,0.0007863606761341208,0.0005608366362998236,0.00046618009119655303,2.304,,not_run_quota,,,,,,,,,,,,,,,not_run_quota,,,,,,,,,,,,,,,not_run_quota,,,,,,,,,,,,,,,ok,excellent,3598,2483,2483,2483,100.0,0.0,0.0,0.0,0.0007863606761341208,0.0005608366362998236,0.00046618009119655303,1.521,,not_run_quota,,,,,,,,,,,,,,,ok,excellent,3793,2483,2483,2483,100.0,0.0,0.0,0.0,0.0007863606761341208,0.0005608366362998236,0.00046618009119655303,4.895,,not_run_quota,,,,,,,,,,,,,,,ok,excellent,3793,2483,2483,2483,100.0,0.0,0.0,0.0,0.0007863606761341208,0.0005608366362998236,0.00046618009119655303,2.563,,ok,pf,excellent,2483,2483,2483,2483,100.0,0.0,0.0,0.0,0.0007863606761341208,0.0005608366362998236,0.00046618009119655303,0.268,,ok,pc691,excellent,3793,2483,2483,2483,100.0,0.0,0.0,0.0,0.0007863606761341208,0.0005608366362998236,0.00046618009119655303,2.304,,ok,pc646,excellent,3793,2483,2483,2483,100.0,0.0,0.0,0.0,0.0007863606761341208,0.0005608366362998236,0.00046618009119655303,4.895,
A,eth-suite,29-chandelier-exit,,plain,strict,1604,False,ok,,0.092,1.428,True,0,0,0,0,0,0,0,0,0,0,1,0,0,run_error,,,,,,,,,,,,,0.03,account-currency: 29-chandelier-exit declares currency.USD but BINANCE:ETHUSDT.P quotes USDT -- a probe's account currency is its symbol's quote currency (no FX,ok,excellent,1604,1603,1603,1603,100.0,0.0,0.0,0.0,0.0008252219028606212,0.03908955962394843,0.005400872190540283,0.235,,ok,excellent,1604,1603,1603,1603,100.0,0.0,0.0,0.0,0.0008252219028606212,0.03908955962394843,0.005400872190540283,0.178,,ok,excellent,2446,1603,1603,1603,100.0,0.0,0.0,0.0,0.0008276786462261199,0.09708612130369072,0.015088896343509576,0.146,,,,,,,,,,,,,,,,,,,,,,,,,,,,,,,,ok,excellent,2446,1603,1603,1603,100.0,0.0,0.0,0.0,0.0008276786462261199,0.09708612130369072,0.015088896343509576,2.73,,ok,excellent,2446,1603,1603,1603,100.0,0.0,0.0,0.0,0.0008276786462261199,0.09708612130369072,0.015088896343509576,2.475,,not_run_quota,,,,,,,,,,,,,,,not_run_quota,,,,,,,,,,,,,,,not_run_quota,,,,,,,,,,,,,,,ok,excellent,2323,1603,1603,1603,100.0,0.0,0.0,0.0,0.0008276786462261199,0.09708612130369072,0.015088896343509576,1.672,,not_run_quota,,,,,,,,,,,,,,,ok,excellent,2446,1603,1603,1603,100.0,0.0,0.0,0.0,0.0008276786462261199,0.09708612130369072,0.015088896343509576,2.252,,not_run_quota,,,,,,,,,,,,,,,ok,excellent,2446,1603,1603,1603,100.0,0.0,0.0,0.0,0.0008276786462261199,0.09708612130369072,0.015088896343509576,2.308,,ok,pf,excellent,1604,1603,1603,1603,100.0,0.0,0.0,0.0,0.0008252219028606212,0.03908955962394843,0.005400872190540283,0.235,,ok,pc691,excellent,2446,1603,1603,1603,100.0,0.0,0.0,0.0,0.0008276786462261199,0.09708612130369072,0.015088896343509576,2.475,,ok,pc646,excellent,2446,1603,1603,1603,100.0,0.0,0.0,0.0,0.0008276786462261199,0.09708612130369072,0.015088896343509576,2.252,
A,eth-suite,30-atr-trailing-stop,,plain,strict,5073,False,ok,,0.094,1.199,True,0,0,0,0,0,0,0,0,0,0,1,0,0,run_error,,,,,,,,,,,,,0.02,account-currency: 30-atr-trailing-stop declares currency.USD but BINANCE:ETHUSDT.P quotes USDT -- a probe's account currency is its symbol's quote currency (no ,ok,excellent,5073,5073,5073,5073,100.0,0.0,0.0,0.0,0.0007861017652551378,6.812267531364296e-06,0.0005468365505550203,0.279,,ok,excellent,5073,5073,5073,5073,100.0,0.0,0.0,0.0,0.0007861017652551378,6.812267531364296e-06,0.0005468365505550203,0.283,,ok,excellent,7647,5073,5073,5073,100.0,0.0,0.0,0.0,0.000786163522012562,0.0063159577870163216,0.003987700384046665,0.232,,,,,,,,,,,,,,,,,,,,,,,,,,,,,,,,ok,excellent,7641,5073,5073,5073,100.0,0.0,0.0,0.0,0.000786163522012562,0.0063159577870163216,0.003987700384046665,2.686,,ok,excellent,7641,5073,5073,5073,100.0,0.0,0.0,0.0,0.000786163522012562,0.0063159577870163216,0.003987700384046665,3.28,,not_run_quota,,,,,,,,,,,,,,,not_run_quota,,,,,,,,,,,,,,,not_run_quota,,,,,,,,,,,,,,,ok,excellent,7267,5073,5073,5073,100.0,0.0,0.0,0.0,0.000786163522012562,0.0063159577870163216,0.003987700384046665,1.787,,not_run_quota,,,,,,,,,,,,,,,ok,excellent,7641,5073,5073,5073,100.0,0.0,0.0,0.0,0.000786163522012562,0.0063159577870163216,0.003987700384046665,1.791,,not_run_quota,,,,,,,,,,,,,,,ok,excellent,7641,5073,5073,5073,100.0,0.0,0.0,0.0,0.000786163522012562,0.0063159577870163216,0.003987700384046665,3.174,,ok,pf,excellent,5073,5073,5073,5073,100.0,0.0,0.0,0.0,0.0007861017652551378,6.812267531364296e-06,0.0005468365505550203,0.279,,ok,pc691,excellent,7641,5073,5073,5073,100.0,0.0,0.0,0.0,0.000786163522012562,0.0063159577870163216,0.003987700384046665,3.28,,ok,pc646,excellent,7641,5073,5073,5073,100.0,0.0,0.0,0.0,0.000786163522012562,0.0063159577870163216,0.003987700384046665,1.791,
A,eth-suite,31-vwma-divergence,,plain,strict,2574,False,ok,,0.068,1.087,True,0,0,0,0,0,0,0,0,0,0,0,0,0,run_error,,,,,,,,,,,,,0.02,account-currency: 31-vwma-divergence declares currency.USD but BINANCE:ETHUSDT.P quotes USDT -- a probe's account currency is its symbol's quote currency (no FX,ok,excellent,2574,2574,2574,2574,100.0,0.0,0.0,0.0,0.0007999999999999829,0.00015219739631082958,0.00029618659755648404,0.207,,ok,excellent,2574,2574,2574,2574,100.0,0.0,0.0,0.0,0.0007999999999999829,0.00015219739631082958,0.00029618659755648404,0.217,,ok,excellent,3972,2574,2574,2574,100.0,0.0,0.0,0.0,0.0008005764611689182,0.005093428994335115,0.004420263026576461,0.185,,,,,,,,,,,,,,,,,,,,,,,,,,,,,,,,ok,excellent,3972,2574,2574,2574,100.0,0.0,0.0,0.0,0.0008005764611689182,0.005093428994335115,0.004420263026576461,2.217,,ok,excellent,3972,2574,2574,2574,100.0,0.0,0.0,0.0,0.0008005764611689182,0.005093428994335115,0.004420263026576461,2.588,,not_run_quota,,,,,,,,,,,,,,,not_run_quota,,,,,,,,,,,,,,,not_run_quota,,,,,,,,,,,,,,,ok,excellent,3760,2574,2574,2574,100.0,0.0,0.0,0.0,0.0008005764611689182,0.005093428994335115,0.004420263026576461,1.685,,not_run_quota,,,,,,,,,,,,,,,ok,excellent,3972,2574,2574,2574,100.0,0.0,0.0,0.0,0.0008005764611689182,0.005093428994335115,0.004420263026576461,4.65,,not_run_quota,,,,,,,,,,,,,,,ok,excellent,3972,2574,2574,2574,100.0,0.0,0.0,0.0,0.0008005764611689182,0.005093428994335115,0.004420263026576461,3.11,,ok,pf,excellent,2574,2574,2574,2574,100.0,0.0,0.0,0.0,0.0007999999999999829,0.00015219739631082958,0.00029618659755648404,0.207,,ok,pc691,excellent,3972,2574,2574,2574,100.0,0.0,0.0,0.0,0.0008005764611689182,0.005093428994335115,0.004420263026576461,2.588,,ok,pc646,excellent,3972,2574,2574,2574,100.0,0.0,0.0,0.0,0.0008005764611689182,0.005093428994335115,0.004420263026576461,4.65,
A,eth-suite,32-momentum-roc,,plain,strict,5690,False,ok,,0.084,1.589,True,0,0,0,0,0,0,0,0,0,0,0,0,0,run_error,,,,,,,,,,,,,0.03,account-currency: 32-momentum-roc declares currency.USD but BINANCE:ETHUSDT.P quotes USDT -- a probe's account currency is its symbol's quote currency (no FX se,ok,strong,5691,5691,5690,5690,100.0,0.00017571604287471446,0.0,0.0,0.0007821157058193573,0.00034781897045584124,0.00026956915816324356,0.301,,ok,strong,5691,5691,5690,5690,100.0,0.00017571604287471446,0.0,0.0,0.0007821157058193573,0.00034781897045584124,0.00026956915816324356,0.303,,ok,strong,8502,5692,5690,5690,100.0,0.00035137034434293746,0.0,0.0,0.0007824113951030733,0.005585986959259688,0.0032231094997750074,0.225,,,,,,,,,,,,,,,,,,,,,,,,,,,,,,,,ok,strong,8502,5692,5690,5690,100.0,0.00035137034434293746,0.0,0.0,0.0007824113951030733,0.005585986959259688,0.0032231094997750074,3.708,,ok,strong,8502,5692,5690,5690,100.0,0.00035137034434293746,0.0,0.0,0.0007824113951030733,0.005585986959259688,0.0032231094997750074,2.724,,not_run_quota,,,,,,,,,,,,,,,not_run_quota,,,,,,,,,,,,,,,not_run_quota,,,,,,,,,,,,,,,ok,strong,8084,5692,5690,5690,100.0,0.00035137034434293746,0.0,0.0,0.0007824113951030733,0.005585986959259688,0.0032231094997750074,1.856,,not_run_quota,,,,,,,,,,,,,,,ok,strong,8502,5692,5690,5690,100.0,0.00035137034434293746,0.0,0.0,0.0007824113951030733,0.005585986959259688,0.0032231094997750074,4.637,,not_run_quota,,,,,,,,,,,,,,,ok,strong,8502,5692,5690,5690,100.0,0.00035137034434293746,0.0,0.0,0.0007824113951030733,0.005585986959259688,0.0032231094997750074,3.719,,ok,pf,strong,5691,5691,5690,5690,100.0,0.00017571604287471446,0.0,0.0,0.0007821157058193573,0.00034781897045584124,0.00026956915816324356,0.301,,ok,pc691,strong,8502,5692,5690,5690,100.0,0.00035137034434293746,0.0,0.0,0.0007824113951030733,0.005585986959259688,0.0032231094997750074,2.724,,ok,pc646,strong,8502,5692,5690,5690,100.0,0.00035137034434293746,0.0,0.0,0.0007824113951030733,0.005585986959259688,0.0032231094997750074,4.637,
A,eth-suite,33-mean-reversion-bb,,plain,strict,495,False,ok,,0.069,1.214,True,0,0,0,0,0,0,0,0,0,0,0,0,0,run_error,,,,,,,,,,,,,0.03,account-currency: 33-mean-reversion-bb declares currency.USD but BINANCE:ETHUSDT.P quotes USDT -- a probe's account currency is its symbol's quote currency (no ,ok,excellent,495,495,495,495,100.0,0.0,0.0,0.0,0.0008175646800848916,0.0005203772100165863,0.0006386759968897654,0.203,,ok,excellent,495,495,495,495,100.0,0.0,0.0,0.0,0.0008175646800848916,0.0005203772100165863,0.0006386759968897654,0.163,,ok,excellent,765,495,495,495,100.0,0.0,0.0,0.0,0.0008196729568703048,0.012581535373808295,0.009283942389573923,0.116,,,,,,,,,,,,,,,,,,,,,,,,,,,,,,,,ok,excellent,765,495,495,495,100.0,0.0,0.0,0.0,0.0008196729568703048,0.012581535373808295,0.009283942389573923,2.626,,ok,excellent,765,495,495,495,100.0,0.0,0.0,0.0,0.0008196729568703048,0.012581535373808295,0.009283942389573923,2.826,,not_run_quota,,,,,,,,,,,,,,,not_run_quota,,,,,,,,,,,,,,,not_run_quota,,,,,,,,,,,,,,,ok,excellent,728,495,495,495,100.0,0.0,0.0,0.0,0.0008196729568703048,0.012581535373808295,0.009283942389573923,1.476,,not_run_quota,,,,,,,,,,,,,,,ok,excellent,765,495,495,495,100.0,0.0,0.0,0.0,0.0008196729568703048,0.012581535373808295,0.009283942389573923,2.721,,not_run_quota,,,,,,,,,,,,,,,ok,excellent,765,495,495,495,100.0,0.0,0.0,0.0,0.0008196729568703048,0.012581535373808295,0.009283942389573923,2.058,,ok,pf,excellent,495,495,495,495,100.0,0.0,0.0,0.0,0.0008175646800848916,0.0005203772100165863,0.0006386759968897654,0.203,,ok,pc691,excellent,765,495,495,495,100.0,0.0,0.0,0.0,0.0008196729568703048,0.012581535373808295,0.009283942389573923,2.826,,ok,pc646,excellent,765,495,495,495,100.0,0.0,0.0,0.0,0.0008196729568703048,0.012581535373808295,0.009283942389573923,2.721,
A,eth-suite,34-dual-ma-switch,,plain,strict,1239,False,ok,,0.094,1.312,True,0,0,0,0,0,0,0,0,0,0,0,0,0,run_error,,,,,,,,,,,,,0.02,account-currency: 34-dual-ma-switch declares currency.USD but BINANCE:ETHUSDT.P quotes USDT -- a probe's account currency is its symbol's quote currency (no FX ,ok,excellent,1238,1238,1238,1238,100.0,0.0,0.0,0.0,0.0008874568575482449,0.00031926000707552867,0.0008582986282148566,0.165,,ok,excellent,1238,1238,1238,1238,100.0,0.0,0.0,0.0,0.0008874568575482449,0.00031926000707552867,0.0008582986282148566,0.211,,ok,excellent,1886,1239,1239,1239,100.0,0.0,0.0,0.0,0.00088888888888887,0.019020855924135074,0.016489339154761293,0.17,,,,,,,,,,,,,,,,,,,,,,,,,,,,,,,,ok,excellent,1882,1239,1239,1239,100.0,0.0,0.0,0.0,0.00088888888888887,0.019020855924135074,0.016489339154761293,2.849,,ok,excellent,1882,1239,1239,1239,100.0,0.0,0.0,0.0,0.00088888888888887,0.019020855924135074,0.016489339154761293,1.922,,not_run_quota,,,,,,,,,,,,,,,not_run_quota,,,,,,,,,,,,,,,not_run_quota,,,,,,,,,,,,,,,ok,excellent,1791,1239,1239,1239,100.0,0.0,0.0,0.0,0.0008880391487425688,0.00046717113459139565,0.0009874154400855704,1.478,,not_run_quota,,,,,,,,,,,,,,,ok,excellent,1882,1239,1239,1239,100.0,0.0,0.0,0.0,0.00088888888888887,0.019020855924135074,0.016489339154761293,4.204,,not_run_quota,,,,,,,,,,,,,,,ok,excellent,1882,1239,1239,1239,100.0,0.0,0.0,0.0,0.00088888888888887,0.019020855924135074,0.016489339154761293,2.486,,ok,pf,excellent,1238,1238,1238,1238,100.0,0.0,0.0,0.0,0.0008874568575482449,0.00031926000707552867,0.0008582986282148566,0.165,,ok,pc691,excellent,1882,1239,1239,1239,100.0,0.0,0.0,0.0,0.00088888888888887,0.019020855924135074,0.016489339154761293,1.922,,ok,pc646,excellent,1882,1239,1239,1239,100.0,0.0,0.0,0.0,0.00088888888888887,0.019020855924135074,0.016489339154761293,4.204,
A,eth-suite,35-ema-ribbon-loop,,plain,strict,628,False,ok,,0.078,0.848,True,0,0,0,0,0,0,0,0,0,0,1,0,0,run_error,,,,,,,,,,,,,0.03,account-currency: 35-ema-ribbon-loop declares currency.USD but BINANCE:ETHUSDT.P quotes USDT -- a probe's account currency is its symbol's quote currency (no FX,ok,excellent,627,626,626,626,100.0,0.0,0.0,0.0,0.00079176770414712,0.0001515268977864003,0.0005279408706226649,0.176,,ok,excellent,627,626,626,626,100.0,0.0,0.0,0.0,0.00079176770414712,0.0001515268977864003,0.0005279408706226649,0.167,,ok,excellent,970,626,626,626,100.0,0.0,0.0,0.0,0.0007967261758666101,0.01208474047265855,0.011025965091909135,0.121,,,,,,,,,,,,,,,,,,,,,,,,,,,,,,,,ok,excellent,966,626,626,626,100.0,0.0,0.0,0.0,0.0007967261758666101,0.01208474047265855,0.011025965091909135,2.045,,ok,excellent,966,626,626,626,100.0,0.0,0.0,0.0,0.0007967261758666101,0.01208474047265855,0.011025965091909135,1.602,,not_run_quota,,,,,,,,,,,,,,,not_run_quota,,,,,,,,,,,,,,,not_run_quota,,,,,,,,,,,,,,,ok,excellent,919,626,626,626,100.0,0.0,0.0,0.0,0.00079176770414712,0.0001515268977864003,0.0005279408706226649,1.414,,not_run_quota,,,,,,,,,,,,,,,ok,excellent,966,626,626,626,100.0,0.0,0.0,0.0,0.0007967261758666101,0.01208474047265855,0.011025965091909135,3.426,,not_run_quota,,,,,,,,,,,,,,,ok,excellent,966,626,626,626,100.0,0.0,0.0,0.0,0.0007967261758666101,0.01208474047265855,0.011025965091909135,2.417,,ok,pf,excellent,627,626,626,626,100.0,0.0,0.0,0.0,0.00079176770414712,0.0001515268977864003,0.0005279408706226649,0.176,,ok,pc691,excellent,966,626,626,626,100.0,0.0,0.0,0.0,0.0007967261758666101,0.01208474047265855,0.011025965091909135,1.602,,ok,pc646,excellent,966,626,626,626,100.0,0.0,0.0,0.0,0.0007967261758666101,0.01208474047265855,0.011025965091909135,3.426,
A,eth-suite,36-pivot-array-breakout,,plain,strict,829,False,ok,,0.1,1.399,True,0,0,0,0,0,0,0,0,0,0,1,1,0,run_error,,,,,,,,,,,,,0.02,account-currency: 36-pivot-array-breakout declares currency.USD but BINANCE:ETHUSDT.P quotes USDT -- a probe's account currency is its symbol's quote currency (,ok,excellent,829,829,829,829,100.0,0.0,0.0,0.0,0.0008910873585809148,0.0005144588337662486,0.0005202392329744791,0.21,,ok,excellent,829,829,829,829,100.0,0.0,0.0,0.0,0.0008910873585809148,0.0005144588337662486,0.0005202392329744791,0.148,,ok,excellent,1247,829,829,829,100.0,0.0,0.0,0.0,0.0008930207254094357,0.032104239300692186,0.019587970527483758,0.136,,,,,,,,,,,,,,,,,,,,,,,,,,,,,,,,ok,excellent,1247,829,829,829,100.0,0.0,0.0,0.0,0.0008930207254094357,0.032104239300692186,0.019587970527483758,2.705,,ok,excellent,1247,829,829,829,100.0,0.0,0.0,0.0,0.0008930207254094357,0.032104239300692186,0.019587970527483758,2.048,,not_run_quota,,,,,,,,,,,,,,,not_run_quota,,,,,,,,,,,,,,,not_run_quota,,,,,,,,,,,,,,,ok,excellent,1176,829,829,829,100.0,0.0,0.0,0.0,0.0008930207254094357,0.032104239300692186,0.019587970527483758,1.646,,not_run_quota,,,,,,,,,,,,,,,ok,excellent,1247,829,829,829,100.0,0.0,0.0,0.0,0.0008930207254094357,0.032104239300692186,0.019587970527483758,2.834,,not_run_quota,,,,,,,,,,,,,,,ok,excellent,1247,829,829,829,100.0,0.0,0.0,0.0,0.0008930207254094357,0.032104239300692186,0.019587970527483758,3.243,,ok,pf,excellent,829,829,829,829,100.0,0.0,0.0,0.0,0.0008910873585809148,0.0005144588337662486,0.0005202392329744791,0.21,,ok,pc691,excellent,1247,829,829,829,100.0,0.0,0.0,0.0,0.0008930207254094357,0.032104239300692186,0.019587970527483758,2.048,,ok,pc646,excellent,1247,829,829,829,100.0,0.0,0.0,0.0,0.0008930207254094357,0.032104239300692186,0.019587970527483758,2.834,
A,eth-suite,37-range-filter-while,,plain,strict,402,False,ok,,0.094,1.023,True,0,0,0,0,0,0,0,0,0,0,1,0,0,run_error,,,,,,,,,,,,,0.01,account-currency: 37-range-filter-while declares currency.USD but BINANCE:ETHUSDT.P quotes USDT -- a probe's account currency is its symbol's quote currency (no,ok,excellent,402,401,401,401,100.0,0.0,0.0,0.0,0.0007832645482404291,0.0009748911371562031,0.000792618182361834,0.132,,ok,excellent,402,401,401,401,100.0,0.0,0.0,0.0,0.0007832645482404291,0.0009748911371562031,0.000792618182361834,0.141,,ok,excellent,608,401,401,401,100.0,0.0,0.0,0.0,0.0007885546919005001,0.07429701790955887,0.02611901236783471,0.152,,,,,,,,,,,,,,,,,,,,,,,,,,,,,,,,ok,excellent,608,401,401,401,100.0,0.0,0.0,0.0,0.0007885546919005001,0.07429701790955887,0.02611901236783471,2.243,,ok,excellent,608,401,401,401,100.0,0.0,0.0,0.0,0.0007885546919005001,0.07429701790955887,0.02611901236783471,2.003,,not_run_quota,,,,,,,,,,,,,,,not_run_quota,,,,,,,,,,,,,,,not_run_quota,,,,,,,,,,,,,,,ok,excellent,587,401,401,401,100.0,0.0,0.0,0.0,0.0007832645482404291,0.0009748911371562031,0.000792618182361834,1.393,,not_run_quota,,,,,,,,,,,,,,,ok,excellent,608,401,401,401,100.0,0.0,0.0,0.0,0.0007885546919005001,0.07429701790955887,0.02611901236783471,1.207,,not_run_quota,,,,,,,,,,,,,,,ok,excellent,608,401,401,401,100.0,0.0,0.0,0.0,0.0007885546919005001,0.07429701790955887,0.02611901236783471,1.823,,ok,pf,excellent,402,401,401,401,100.0,0.0,0.0,0.0,0.0007832645482404291,0.0009748911371562031,0.000792618182361834,0.132,,ok,pc691,excellent,608,401,401,401,100.0,0.0,0.0,0.0,0.0007885546919005001,0.07429701790955887,0.02611901236783471,2.003,,ok,pc646,excellent,608,401,401,401,100.0,0.0,0.0,0.0,0.0007885546919005001,0.07429701790955887,0.02611901236783471,1.207,
A,eth-suite,38-adaptive-ma-func,,plain,strict,4599,False,ok,,0.087,1.231,True,0,0,0,0,0,0,0,0,0,0,1,0,0,run_error,,,,,,,,,,,,,0.03,account-currency: 38-adaptive-ma-func declares currency.USD but BINANCE:ETHUSDT.P quotes USDT -- a probe's account currency is its symbol's quote currency (no F,ok,strong,4608,4600,4598,4598,100.0,0.0004347826086956522,0.0,0.0,0.0007711094303483099,0.012418784439509282,0.001066887947130288,0.283,,ok,strong,4608,4600,4598,4598,100.0,0.0004347826086956522,0.0,0.0,0.0007711094303483099,0.012418784439509282,0.001066887947130288,0.274,,ok,strong,6879,4600,4598,4598,100.0,0.0004347826086956522,0.0,0.0,0.0007720819737821946,0.18684807256235741,0.009767951871499628,0.209,,,,,,,,,,,,,,,,,,,,,,,,,,,,,,,,ok,strong,6879,4600,4598,4598,100.0,0.0004347826086956522,0.0,0.0,0.0007720819737821946,0.18684807256235741,0.009767951871499628,2.755,,ok,strong,6879,4600,4598,4598,100.0,0.0004347826086956522,0.0,0.0,0.0007720819737821946,0.18684807256235741,0.009767951871499628,2.228,,not_run_quota,,,,,,,,,,,,,,,not_run_quota,,,,,,,,,,,,,,,not_run_quota,,,,,,,,,,,,,,,ok,strong,6539,4600,4598,4598,100.0,0.0004347826086956522,0.0,0.0,0.0007720819737821946,0.18684807256235741,0.009767951871499628,1.866,,not_run_quota,,,,,,,,,,,,,,,ok,strong,6879,4600,4598,4598,100.0,0.0004347826086956522,0.0,0.0,0.0007720819737821946,0.18684807256235741,0.009767951871499628,4.633,,not_run_quota,,,,,,,,,,,,,,,ok,strong,6879,4600,4598,4598,100.0,0.0004347826086956522,0.0,0.0,0.0007720819737821946,0.18684807256235741,0.009767951871499628,3.339,,ok,pf,strong,4608,4600,4598,4598,100.0,0.0004347826086956522,0.0,0.0,0.0007711094303483099,0.012418784439509282,0.001066887947130288,0.283,,ok,pc691,strong,6879,4600,4598,4598,100.0,0.0004347826086956522,0.0,0.0,0.0007720819737821946,0.18684807256235741,0.009767951871499628,2.228,,ok,pc646,strong,6879,4600,4598,4598,100.0,0.0004347826086956522,0.0,0.0,0.0007720819737821946,0.18684807256235741,0.009767951871499628,4.633,
A,eth-suite,39-candle-pattern,,plain,strict,826,False,ok,,0.089,1.3,True,0,0,0,0,0,0,0,0,0,0,0,0,0,run_error,,,,,,,,,,,,,0.02,account-currency: 39-candle-pattern declares currency.USD but BINANCE:ETHUSDT.P quotes USDT -- a probe's account currency is its symbol's quote currency (no FX ,ok,excellent,826,826,826,826,100.0,0.0,0.0,0.0,0.0007818615454276974,6.954786691894882e-05,0.0002931347833734361,0.181,,ok,excellent,826,826,826,826,100.0,0.0,0.0,0.0,0.0007818615454276974,6.954786691894882e-05,0.0002931347833734361,0.191,,ok,excellent,1281,825,825,825,100.0,0.0,0.0,0.0,0.0007872973457786519,0.018130052269192246,0.017136669754967266,0.158,,,,,,,,,,,,,,,,,,,,,,,,,,,,,,,,ok,excellent,1281,825,825,825,100.0,0.0,0.0,0.0,0.0007872973457786519,0.018130052269192246,0.017136669754967266,2.603,,ok,excellent,1281,825,825,825,100.0,0.0,0.0,0.0,0.0007872973457786519,0.018130052269192246,0.017136669754967266,3.016,,not_run_quota,,,,,,,,,,,,,,,not_run_quota,,,,,,,,,,,,,,,not_run_quota,,,,,,,,,,,,,,,ok,excellent,1212,825,825,825,100.0,0.0,0.0,0.0,0.0007820143124354012,6.988827515736034e-05,0.0002944834194511036,1.526,,not_run_quota,,,,,,,,,,,,,,,ok,excellent,1281,825,825,824,99.88,0.0,0.0,0.0,0.0007909516185520419,0.01838318950134251,0.0173764798308314,4.723,,not_run_quota,,,,,,,,,,,,,,,ok,excellent,1281,825,825,825,100.0,0.0,0.0,0.0,0.0007872973457786519,0.018130052269192246,0.017136669754967266,3.004,,ok,pf,excellent,826,826,826,826,100.0,0.0,0.0,0.0,0.0007818615454276974,6.954786691894882e-05,0.0002931347833734361,0.181,,ok,pc691,excellent,1281,825,825,825,100.0,0.0,0.0,0.0,0.0007872973457786519,0.018130052269192246,0.017136669754967266,3.016,,ok,pc646,excellent,1281,825,825,824,99.88,0.0,0.0,0.0,0.0007909516185520419,0.01838318950134251,0.0173764798308314,4.723,
A,eth-suite,40-dual-thrust,,plain,strict,2870,False,ok,,0.093,1.019,True,0,0,0,0,0,0,0,0,0,0,0,0,0,run_error,,,,,,,,,,,,,0.02,account-currency: 40-dual-thrust declares currency.USD but BINANCE:ETHUSDT.P quotes USDT -- a probe's account currency is its symbol's quote currency (no FX ser,ok,strong,2871,2871,2870,2870,100.0,0.00034831069313827936,0.0,0.0,0.0007840063523776703,0.0003060470273016889,0.0003186865017152092,0.213,,ok,strong,2871,2871,2870,2870,100.0,0.00034831069313827936,0.0,0.0,0.0007840063523776703,0.0003060470273016889,0.0003186865017152092,0.236,,ok,strong,4329,2871,2870,2870,100.0,0.00034831069313827936,0.0,0.0,0.0007839551235255855,0.00022090197765408444,0.0003186865017152092,0.178,,,,,,,,,,,,,,,,,,,,,,,,,,,,,,,,ok,strong,4329,2871,2870,2870,100.0,0.00034831069313827936,0.0,0.0,0.0007839551235255855,0.00022090197765408444,0.0003186865017152092,3.834,,ok,strong,4329,2871,2870,2870,100.0,0.00034831069313827936,0.0,0.0,0.0007839551235255855,0.00022090197765408444,0.0003186865017152092,3.454,,not_run_quota,,,,,,,,,,,,,,,not_run_quota,,,,,,,,,,,,,,,not_run_quota,,,,,,,,,,,,,,,ok,strong,4128,2871,2870,2870,100.0,0.00034831069313827936,0.0,0.0,0.0007839551235255855,0.00022090197765408444,0.0003186865017152092,1.701,,not_run_quota,,,,,,,,,,,,,,,ok,strong,4331,2871,2870,2870,100.0,0.00034831069313827936,0.0,0.0,0.0007839551235255855,0.00022090197765408444,0.0003186865017152092,2.575,,not_run_quota,,,,,,,,,,,,,,,ok,strong,4329,2871,2870,2870,100.0,0.00034831069313827936,0.0,0.0,0.0007839551235255855,0.00022090197765408444,0.0003186865017152092,2.664,,ok,pf,strong,2871,2871,2870,2870,100.0,0.00034831069313827936,0.0,0.0,0.0007840063523776703,0.0003060470273016889,0.0003186865017152092,0.213,,ok,pc691,strong,4329,2871,2870,2870,100.0,0.00034831069313827936,0.0,0.0,0.0007839551235255855,0.00022090197765408444,0.0003186865017152092,3.454,,ok,pc646,strong,4331,2871,2870,2870,100.0,0.00034831069313827936,0.0,0.0,0.0007839551235255855,0.00022090197765408444,0.0003186865017152092,2.575,
A,eth-suite,41-volume-breakout,,plain,strict,1778,False,ok,,0.066,1.139,True,0,0,0,0,0,0,0,0,0,0,0,0,0,run_error,,,,,,,,,,,,,0.02,account-currency: 41-volume-breakout declares currency.USD but BINANCE:ETHUSDT.P quotes USDT -- a probe's account currency is its symbol's quote currency (no FX,ok,excellent,1778,1778,1778,1778,100.0,0.0,0.0,0.0,0.0008293938330477448,9.941866245273927e-05,0.0002504069112310694,0.197,,ok,excellent,1778,1778,1778,1778,100.0,0.0,0.0,0.0,0.0008293938330477448,9.941866245273927e-05,0.0002504069112310694,0.164,,ok,excellent,2670,1778,1778,1778,100.0,0.0,0.0,0.0,0.0008293938330477448,9.941866245273927e-05,0.0002504069112310694,0.209,,,,,,,,,,,,,,,,,,,,,,,,,,,,,,,,ok,excellent,2670,1778,1778,1778,100.0,0.0,0.0,0.0,0.0008293938330477448,9.941866245273927e-05,0.0002504069112310694,1.359,,ok,excellent,2670,1778,1778,1778,100.0,0.0,0.0,0.0,0.0008293938330477448,9.941866245273927e-05,0.0002504069112310694,1.098,,not_run_quota,,,,,,,,,,,,,,,not_run_quota,,,,,,,,,,,,,,,not_run_quota,,,,,,,,,,,,,,,ok,excellent,2526,1778,1778,1778,100.0,0.0,0.0,0.0,0.0008293938330477448,9.941866245273927e-05,0.0002504069112310694,0.778,,not_run_quota,,,,,,,,,,,,,,,ok,excellent,2670,1778,1778,1778,100.0,0.0,0.0,0.0,0.0008293938330477448,9.941866245273927e-05,0.0002504069112310694,2.901,,not_run_quota,,,,,,,,,,,,,,,ok,excellent,2670,1778,1778,1778,100.0,0.0,0.0,0.0,0.0008293938330477448,9.941866245273927e-05,0.0002504069112310694,1.192,,ok,pf,excellent,1778,1778,1778,1778,100.0,0.0,0.0,0.0,0.0008293938330477448,9.941866245273927e-05,0.0002504069112310694,0.197,,ok,pc691,excellent,2670,1778,1778,1778,100.0,0.0,0.0,0.0,0.0008293938330477448,9.941866245273927e-05,0.0002504069112310694,1.098,,ok,pc646,excellent,2670,1778,1778,1778,100.0,0.0,0.0,0.0,0.0008293938330477448,9.941866245273927e-05,0.0002504069112310694,2.901,
A,eth-suite,42-ma-stack-array,,plain,strict,1407,False,ok,,0.084,1.107,True,0,0,0,0,0,0,0,0,0,0,1,0,0,run_error,,,,,,,,,,,,,0.01,account-currency: 42-ma-stack-array declares currency.USD but BINANCE:ETHUSDT.P quotes USDT -- a probe's account currency is its symbol's quote currency (no FX ,ok,excellent,1407,1407,1407,1407,100.0,0.0,0.0,0.0,0.0007971304574366551,0.00020157416827029604,0.000331283865352843,0.204,,ok,excellent,1407,1407,1407,1407,100.0,0.0,0.0,0.0,0.0007971304574366551,0.00020157416827029604,0.000331283865352843,0.192,,ok,excellent,2129,1407,1407,1407,100.0,0.0,0.0,0.0,0.0007979066890120846,0.004573099011671103,0.004093320980376006,0.165,,,,,,,,,,,,,,,,,,,,,,,,,,,,,,,,ok,excellent,2129,1407,1407,1407,100.0,0.0,0.0,0.0,0.0007979066890120846,0.004573099011671103,0.004093320980376006,2.528,,ok,excellent,2129,1407,1407,1407,100.0,0.0,0.0,0.0,0.0007979066890120846,0.004573099011671103,0.004093320980376006,3.326,,not_run_quota,,,,,,,,,,,,,,,not_run_quota,,,,,,,,,,,,,,,not_run_quota,,,,,,,,,,,,,,,ok,excellent,2025,1407,1407,1407,100.0,0.0,0.0,0.0,0.0007979066890120846,0.004573099011671103,0.004093320980376006,1.639,,not_run_quota,,,,,,,,,,,,,,,ok,excellent,2129,1407,1407,1407,100.0,0.0,0.0,0.0,0.0007994128891996824,0.0042249412679843095,0.0037816895477136275,3.901,,not_run_quota,,,,,,,,,,,,,,,ok,excellent,2129,1407,1407,1407,100.0,0.0,0.0,0.0,0.0007979066890120846,0.004573099011671103,0.004093320980376006,2.516,,ok,pf,excellent,1407,1407,1407,1407,100.0,0.0,0.0,0.0,0.0007971304574366551,0.00020157416827029604,0.000331283865352843,0.204,,ok,pc691,excellent,2129,1407,1407,1407,100.0,0.0,0.0,0.0,0.0007979066890120846,0.004573099011671103,0.004093320980376006,3.326,,ok,pc646,excellent,2129,1407,1407,1407,100.0,0.0,0.0,0.0,0.0007994128891996824,0.0042249412679843095,0.0037816895477136275,3.901,
A,eth-suite,43-swing-pivot-atr,,brackets,strict,1618,False,ok,,0.076,1.538,True,0,1,0,0,0,0,0,0,0,0,1,0,0,run_error,,,,,,,,,,,,,0.02,account-currency: 43-swing-pivot-atr declares currency.USD but BINANCE:ETHUSDT.P quotes USDT -- a probe's account currency is its symbol's quote currency (no FX,ok,strong,1619,1619,1618,1618,100.0,0.0006176652254478073,0.0,0.0,0.0009677792796175279,0.4064809451085716,0.3134972804371924,0.174,,ok,strong,1619,1619,1618,1618,100.0,0.0006176652254478073,0.0,0.0,0.0009677792796175279,0.4064809451085716,0.3134972804371924,0.199,,ok,strong,2474,1619,1618,1618,100.0,0.0006176652254478073,0.0,0.0,0.0009677792796175279,0.4064809451085716,0.3134972804371924,0.144,,,,,,,,,,,,,,,,,,,,,,,,,,,,,,,,ok,strong,2474,1619,1618,1618,100.0,0.0006176652254478073,0.0,0.0,0.0009677792796175279,0.4064809451085716,0.3134972804371924,2.355,,ok,strong,2474,1619,1618,1618,100.0,0.0006176652254478073,0.0,0.0,0.0009677792796175279,0.4064809451085716,0.3134972804371924,3.581,,not_run_quota,,,,,,,,,,,,,,,not_run_quota,,,,,,,,,,,,,,,not_run_quota,,,,,,,,,,,,,,,ok,strong,2340,1619,1618,1618,100.0,0.0006176652254478073,0.0,0.0,0.0009677792796175279,0.4064809451085716,0.3134972804371924,1.638,,not_run_quota,,,,,,,,,,,,,,,ok,strong,2474,1619,1618,1618,100.0,0.0006176652254478073,0.0,0.0,0.0009677792796175279,0.4064633910860673,0.31348439151393304,7.758,,not_run_quota,,,,,,,,,,,,,,,ok,strong,2474,1619,1618,1618,100.0,0.0006176652254478073,0.0,0.0,0.0009677792796175279,0.4064809451085716,0.3134972804371924,2.769,,ok,pf,strong,1619,1619,1618,1618,100.0,0.0006176652254478073,0.0,0.0,0.0009677792796175279,0.4064809451085716,0.3134972804371924,0.174,,ok,pc691,strong,2474,1619,1618,1618,100.0,0.0006176652254478073,0.0,0.0,0.0009677792796175279,0.4064809451085716,0.3134972804371924,3.581,,ok,pc646,strong,2474,1619,1618,1618,100.0,0.0006176652254478073,0.0,0.0,0.0009677792796175279,0.4064633910860673,0.31348439151393304,7.758,
A,eth-suite,44-median-cross,,plain,strict,2837,False,ok,,0.087,1.288,True,0,0,0,0,0,0,0,0,0,0,0,0,0,run_error,,,,,,,,,,,,,0.02,account-currency: 44-median-cross declares currency.USD but BINANCE:ETHUSDT.P quotes USDT -- a probe's account currency is its symbol's quote currency (no FX se,ok,excellent,2837,2837,2837,2837,100.0,0.0,0.0,0.0,0.0008233875975930114,0.0001007055683885736,0.00042271587662422237,0.229,,ok,excellent,2837,2837,2837,2837,100.0,0.0,0.0,0.0,0.0008233875975930114,0.0001007055683885736,0.00042271587662422237,0.246,,ok,excellent,4355,2837,2837,2837,100.0,0.0,0.0,0.0,0.0008265412176576892,0.011015053274182111,0.008468893942045553,0.215,,,,,,,,,,,,,,,,,,,,,,,,,,,,,,,,ok,excellent,4355,2837,2837,2837,100.0,0.0,0.0,0.0,0.0008265412176576892,0.011015053274182111,0.008468893942045553,2.247,,ok,excellent,4355,2837,2837,2837,100.0,0.0,0.0,0.0,0.0008265412176576892,0.011015053274182111,0.008468893942045553,2.903,,not_run_quota,,,,,,,,,,,,,,,not_run_quota,,,,,,,,,,,,,,,not_run_quota,,,,,,,,,,,,,,,ok,excellent,4133,2837,2837,2837,100.0,0.0,0.0,0.0,0.0008265412176576892,0.011015053274182111,0.008468893942045553,1.64,,not_run_quota,,,,,,,,,,,,,,,ok,excellent,4355,2837,2837,2837,100.0,0.0,0.0,0.0,0.0008265412176576892,0.011015053274182111,0.008468893942045553,7.858,,not_run_quota,,,,,,,,,,,,,,,ok,excellent,4355,2837,2837,2837,100.0,0.0,0.0,0.0,0.0008265412176576892,0.011015053274182111,0.008468893942045553,2.855,,ok,pf,excellent,2837,2837,2837,2837,100.0,0.0,0.0,0.0,0.0008233875975930114,0.0001007055683885736,0.00042271587662422237,0.229,,ok,pc691,excellent,4355,2837,2837,2837,100.0,0.0,0.0,0.0,0.0008265412176576892,0.011015053274182111,0.008468893942045553,2.903,,ok,pc646,excellent,4355,2837,2837,2837,100.0,0.0,0.0,0.0,0.0008265412176576892,0.011015053274182111,0.008468893942045553,7.858,
A,eth-suite,45-multi-indicator-score,,plain,strict,3910,False,ok,,0.095,1.422,True,0,0,0,0,0,0,0,0,0,0,0,0,0,run_error,,,,,,,,,,,,,0.03,account-currency: 45-multi-indicator-score declares currency.USD but BINANCE:ETHUSDT.P quotes USDT -- a probe's account currency is its symbol's quote currency ,ok,strong,3911,3911,3910,3910,100.0,0.00025568908207619537,0.0,0.0,0.0008292561800426695,0.0032551322285067916,0.001377541829585826,0.276,,ok,strong,3911,3911,3910,3910,100.0,0.00025568908207619537,0.0,0.0,0.0008292561800426695,0.0032551322285067916,0.001377541829585826,0.259,,ok,strong,5899,3911,3910,3910,100.0,0.00025568908207619537,0.0,0.0,0.0008295657351936376,0.01079868171937466,0.004351619318079607,0.201,,,,,,,,,,,,,,,,,,,,,,,,,,,,,,,,ok,strong,5896,3911,3910,3910,100.0,0.00025568908207619537,0.0,0.0,0.0008295657351936376,0.01079868171937466,0.004351619318079607,3.579,,ok,strong,5896,3911,3910,3910,100.0,0.00025568908207619537,0.0,0.0,0.0008295657351936376,0.01079868171937466,0.004351619318079607,3.076,,not_run_quota,,,,,,,,,,,,,,,not_run_quota,,,,,,,,,,,,,,,not_run_quota,,,,,,,,,,,,,,,ok,strong,5608,3911,3910,3910,100.0,0.00025568908207619537,0.0,0.0,0.0008295657351936376,0.01079868171937466,0.004351619318079607,2.042,,not_run_quota,,,,,,,,,,,,,,,ok,strong,5896,3911,3910,3910,100.0,0.00025568908207619537,0.0,0.0,0.0008299099676353141,0.0114473038356358,0.004612999049847491,3.189,,not_run_quota,,,,,,,,,,,,,,,ok,strong,5896,3911,3910,3910,100.0,0.00025568908207619537,0.0,0.0,0.0008295657351936376,0.01079868171937466,0.004351619318079607,4.203,,ok,pf,strong,3911,3911,3910,3910,100.0,0.00025568908207619537,0.0,0.0,0.0008292561800426695,0.0032551322285067916,0.001377541829585826,0.276,,ok,pc691,strong,5896,3911,3910,3910,100.0,0.00025568908207619537,0.0,0.0,0.0008295657351936376,0.01079868171937466,0.004351619318079607,3.076,,ok,pc646,strong,5896,3911,3910,3910,100.0,0.00025568908207619537,0.0,0.0,0.0008299099676353141,0.0114473038356358,0.004612999049847491,3.189,
A,eth-suite,46-rsi-bands,,plain,strict,350,False,ok,,0.084,1.285,True,0,0,0,0,0,0,0,0,0,0,0,0,0,run_error,,,,,,,,,,,,,0.01,account-currency: 46-rsi-bands declares currency.USD but BINANCE:ETHUSDT.P quotes USDT -- a probe's account currency is its symbol's quote currency (no FX serie,ok,excellent,350,350,350,350,100.0,0.0,0.0,0.0,0.000799873333089726,0.00016922144035649958,0.00022540739071050944,0.144,,ok,excellent,350,350,350,350,100.0,0.0,0.0,0.0,0.000799873333089726,0.00016922144035649958,0.00022540739071050944,0.171,,ok,excellent,532,350,350,350,100.0,0.0,0.0,0.0,0.0008023123344535983,0.006219663381731916,0.005887110675028008,0.13,,,,,,,,,,,,,,,,,,,,,,,,,,,,,,,,ok,excellent,532,350,350,350,100.0,0.0,0.0,0.0,0.0008023123344535983,0.006219663381731916,0.005887110675028008,2.94,,ok,excellent,532,350,350,350,100.0,0.0,0.0,0.0,0.0008023123344535983,0.006219663381731916,0.005887110675028008,2.947,,not_run_quota,,,,,,,,,,,,,,,not_run_quota,,,,,,,,,,,,,,,not_run_quota,,,,,,,,,,,,,,,ok,excellent,503,350,350,350,100.0,0.0,0.0,0.0,0.0008023123344535983,0.006219663381731916,0.005887110675028008,1.733,,not_run_quota,,,,,,,,,,,,,,,ok,excellent,532,350,350,350,100.0,0.0,0.0,0.0,0.0008023123344535983,0.006219663381731916,0.005887110675028008,2.913,,not_run_quota,,,,,,,,,,,,,,,ok,excellent,532,350,350,350,100.0,0.0,0.0,0.0,0.0008023123344535983,0.006219663381731916,0.005887110675028008,1.666,,ok,pf,excellent,350,350,350,350,100.0,0.0,0.0,0.0,0.000799873333089726,0.00016922144035649958,0.00022540739071050944,0.144,,ok,pc691,excellent,532,350,350,350,100.0,0.0,0.0,0.0,0.0008023123344535983,0.006219663381731916,0.005887110675028008,2.947,,ok,pc646,excellent,532,350,350,350,100.0,0.0,0.0,0.0,0.0008023123344535983,0.006219663381731916,0.005887110675028008,2.913,
A,eth-suite,47-supertrend-adx-filter,,plain,strict,455,False,ok,,0.084,1.018,True,0,0,0,0,0,0,0,0,0,0,0,0,0,run_error,,,,,,,,,,,,,0.02,account-currency: 47-supertrend-adx-filter declares currency.USD but BINANCE:ETHUSDT.P quotes USDT -- a probe's account currency is its symbol's quote currency ,ok,excellent,455,455,455,455,100.0,0.0,0.0,0.0,0.0007621787382500255,0.0009075158815281566,0.0008739954381703868,0.192,,ok,excellent,455,455,455,455,100.0,0.0,0.0,0.0,0.0007621787382500255,0.0009075158815281566,0.0008739954381703868,0.157,,ok,excellent,688,455,455,455,100.0,0.0,0.0,0.0,0.0007685862989857727,0.23367656449553006,0.062405405981539326,0.151,,,,,,,,,,,,,,,,,,,,,,,,,,,,,,,,ok,excellent,688,455,455,455,100.0,0.0,0.0,0.0,0.0007685862989857727,0.23367656449553006,0.062405405981539326,2.389,,ok,excellent,688,455,455,455,100.0,0.0,0.0,0.0,0.0007685862989857727,0.23367656449553006,0.062405405981539326,2.163,,not_run_quota,,,,,,,,,,,,,,,not_run_quota,,,,,,,,,,,,,,,not_run_quota,,,,,,,,,,,,,,,ok,excellent,656,455,455,455,100.0,0.0,0.0,0.0,0.0007621787382500255,0.0009075158815281566,0.0008739954381703868,1.407,,not_run_quota,,,,,,,,,,,,,,,ok,excellent,688,455,455,455,100.0,0.0,0.0,0.0,0.0007685862989857727,0.23367656449553006,0.062405405981539326,7.482,,not_run_quota,,,,,,,,,,,,,,,ok,excellent,688,455,455,455,100.0,0.0,0.0,0.0,0.0007685862989857727,0.23367656449553006,0.062405405981539326,2.475,,ok,pf,excellent,455,455,455,455,100.0,0.0,0.0,0.0,0.0007621787382500255,0.0009075158815281566,0.0008739954381703868,0.192,,ok,pc691,excellent,688,455,455,455,100.0,0.0,0.0,0.0,0.0007685862989857727,0.23367656449553006,0.062405405981539326,2.163,,ok,pc646,excellent,688,455,455,455,100.0,0.0,0.0,0.0,0.0007685862989857727,0.23367656449553006,0.062405405981539326,7.482,
A,eth-suite,48-bracket-exit-tp-sl,,brackets,strict,366,False,ok,,0.075,0.878,True,0,1,0,0,0,0,0,0,0,0,0,0,0,run_error,,,,,,,,,,,,,0.01,account-currency: 48-bracket-exit-tp-sl declares currency.USD but BINANCE:ETHUSDT.P quotes USDT -- a probe's account currency is its symbol's quote currency (no,ok,excellent,366,366,366,366,100.0,0.0,0.0,0.0,0.0008799082077279986,0.002973005113568626,0.0008847991505928659,0.153,,ok,excellent,365,365,365,365,100.0,0.0,0.0,0.0,0.0008806050114120772,0.0023683213338384405,0.0009575609008729148,0.123,,ok,excellent,562,366,366,366,100.0,0.0,0.0,0.0,0.0008799082077279986,0.002973005113568626,0.0008847991505928659,0.13,,,,,,,,,,,,,,,,,,,,,,,,,,,,,,,,ok,excellent,562,366,366,366,100.0,0.0,0.0,0.0,0.0008799082077279986,0.002973005113568626,0.0008847991505928659,1.138,,ok,excellent,562,366,366,366,100.0,0.0,0.0,0.0,0.0008799082077279986,0.002973005113568626,0.0008847991505928659,0.835,,not_run_quota,,,,,,,,,,,,,,,not_run_quota,,,,,,,,,,,,,,,not_run_quota,,,,,,,,,,,,,,,ok,excellent,528,366,366,366,100.0,0.0,0.0,0.0,0.0008799082077279986,0.002973005113568626,0.0008847991505928659,0.496,,not_run_quota,,,,,,,,,,,,,,,ok,excellent,562,366,366,366,100.0,0.0,0.0,0.0,0.0008799082077279986,0.002973005113568626,0.0008847991505928659,1.604,,not_run_quota,,,,,,,,,,,,,,,ok,excellent,562,366,366,366,100.0,0.0,0.0,0.0,0.0008799082077279986,0.002973005113568626,0.0008847991505928659,0.97,,ok,pf,excellent,366,366,366,366,100.0,0.0,0.0,0.0,0.0008799082077279986,0.002973005113568626,0.0008847991505928659,0.153,,ok,pc691,excellent,562,366,366,366,100.0,0.0,0.0,0.0,0.0008799082077279986,0.002973005113568626,0.0008847991505928659,0.835,,ok,pc646,excellent,562,366,366,366,100.0,0.0,0.0,0.0,0.0008799082077279986,0.002973005113568626,0.0008847991505928659,1.604,
A,eth-suite,49-partial-exit-qty-percent,,partial,strict,725,False,ok,,0.076,0.97,True,0,1,1,0,0,0,0,0,0,0,0,0,0,run_error,,,,,,,,,,,,,0.02,account-currency: 49-partial-exit-qty-percent declares currency.USD but BINANCE:ETHUSDT.P quotes USDT -- a probe's account currency is its symbol's quote curren,ok,excellent,366,366,366,366,100.0,0.0,0.0,0.0,0.0012524075712234124,0.0026362484157160036,0.0003500528045753545,0.182,,ok,excellent,365,365,365,365,100.0,0.0,0.0,0.0,0.0012541328665625837,0.002711157455682908,0.00034892454358883933,0.154,,ok,excellent,562,366,366,366,100.0,0.0,0.0,0.0,0.0012524075712234124,0.0026362484157160036,0.0003500528045753545,0.147,,,,,,,,,,,,,,,,,,,,,,,,,,,,,,,,ok,excellent,562,366,366,366,100.0,0.0,0.0,0.0,0.0012524075712234124,0.0026362484157160036,0.0003500528045753545,1.723,,ok,excellent,562,366,366,366,100.0,0.0,0.0,0.0,0.0012524075712234124,0.0026362484157160036,0.0003500528045753545,2.332,,not_run_quota,,,,,,,,,,,,,,,not_run_quota,,,,,,,,,,,,,,,not_run_quota,,,,,,,,,,,,,,,ok,excellent,528,366,366,366,100.0,0.0,0.0,0.0,0.0012524075712234124,0.0026362484157160036,0.0003500528045753545,0.724,,not_run_quota,,,,,,,,,,,,,,,ok,moderate,552,359,366,359,98.09,0.01912568306010929,0.0,0.008446151559362064,3.639367021363619,4.187454200107008,0.5310136651121949,2.768,,not_run_quota,,,,,,,,,,,,,,,ok,excellent,562,366,366,366,100.0,0.0,0.0,0.0,0.0012524075712234124,0.0026362484157160036,0.0003500528045753545,1.682,,ok,pf,excellent,366,366,366,366,100.0,0.0,0.0,0.0,0.0012524075712234124,0.0026362484157160036,0.0003500528045753545,0.182,,ok,pc691,excellent,562,366,366,366,100.0,0.0,0.0,0.0,0.0012524075712234124,0.0026362484157160036,0.0003500528045753545,2.332,,ok,pc646,moderate,552,359,366,359,98.09,0.01912568306010929,0.0,0.008446151559362064,3.639367021363619,4.187454200107008,0.5310136651121949,2.768,
A,eth-suite,50-close-immediate-vs-next-bar,,plain,strict,732,False,ok,,0.085,0.9,True,0,0,0,0,0,0,0,0,0,0,0,0,0,run_error,,,,,,,,,,,,,0.02,account-currency: 50-close-immediate-vs-next-bar declares currency.USD but BINANCE:ETHUSDT.P quotes USDT -- a probe's account currency is its symbol's quote cur,ok,excellent,732,732,732,732,100.0,0.0,0.0,0.0,0.0007941551991403201,0.002556260555986811,0.0014452921385585311,0.177,,ok,excellent,730,730,730,730,100.0,0.0,0.0,0.0,0.0007943285199336315,0.002400960384153793,0.001398344909795062,0.169,,ok,excellent,1124,732,732,732,100.0,0.0,0.0,0.0,0.0007941551991403201,0.002556260555986811,0.0014452921385585311,0.15,,,,,,,,,,,,,,,,,,,,,,,,,,,,,,,,ok,excellent,1124,732,732,732,100.0,0.0,0.0,0.0,0.0007941551991403201,0.002556260555986811,0.0014452921385585311,1.498,,ok,excellent,1124,732,732,732,100.0,0.0,0.0,0.0,0.0007941551991403201,0.002556260555986811,0.0014452921385585311,1.305,,not_run_quota,,,,,,,,,,,,,,,not_run_quota,,,,,,,,,,,,,,,not_run_quota,,,,,,,,,,,,,,,ok,excellent,1056,732,732,732,100.0,0.0,0.0,0.0,0.0007941551991403201,0.002556260555986811,0.0014452921385585311,0.568,,not_run_quota,,,,,,,,,,,,,,,ok,excellent,1124,732,732,732,100.0,0.0,0.0,0.0,0.0007941551991403201,0.002556260555986811,0.0014452921385585311,2.475,,not_run_quota,,,,,,,,,,,,,,,ok,excellent,1124,732,732,732,100.0,0.0,0.0,0.0,0.0007941551991403201,0.002556260555986811,0.0014452921385585311,1.171,,ok,pf,excellent,732,732,732,732,100.0,0.0,0.0,0.0,0.0007941551991403201,0.002556260555986811,0.0014452921385585311,0.177,,ok,pc691,excellent,1124,732,732,732,100.0,0.0,0.0,0.0,0.0007941551991403201,0.002556260555986811,0.0014452921385585311,1.305,,ok,pc646,excellent,1124,732,732,732,100.0,0.0,0.0,0.0,0.0007941551991403201,0.002556260555986811,0.0014452921385585311,2.475,
A,eth-suite,51-order-deferred-flip-guaranteed-gap-stops-01,,plain,strict,792,False,ok,,0.088,0.895,True,0,0,0,0,0,0,0,0,0,0,0,0,0,run_error,,,,,,,,,,,,,0.01,account-currency: 51-order-deferred-flip-guaranteed-gap-stops-01 declares currency.USD but BINANCE:ETHUSDT.P quotes USDT -- a probe's account currency is its sy,ok,excellent,792,792,792,792,100.0,0.0,0.0,0.0,0.0007722007722007558,0.0010184786719349245,0.0004929304691695403,0.173,,ok,excellent,790,790,790,790,100.0,0.0,0.0,0.0,0.0008286297080959514,0.0022751577932015057,0.019452267569156176,0.178,,ok,excellent,1124,792,792,792,100.0,0.0,0.0,0.0,0.0007792481583433052,0.021237090835177365,0.008042316033071865,0.15,,,,,,,,,,,,,,,,,,,,,,,,,,,,,,,,ok,excellent,1124,792,792,792,100.0,0.0,0.0,0.0,0.0007792481583433052,0.021237090835177365,0.008042316033071865,1.859,,ok,excellent,1124,792,792,792,100.0,0.0,0.0,0.0,0.0007792481583433052,0.021237090835177365,0.008042316033071865,1.563,,not_run_quota,,,,,,,,,,,,,,,not_run_quota,,,,,,,,,,,,,,,not_run_quota,,,,,,,,,,,,,,,ok,excellent,1118,792,792,792,100.0,0.0,0.0,0.0,0.0007792481583433052,0.021237090835177365,0.008042316033071865,0.798,,not_run_quota,,,,,,,,,,,,,,,ok,excellent,1124,792,792,792,100.0,0.0,0.0,0.0,0.0007792481583433052,0.021237090835177365,0.008042316033071865,0.87,,not_run_quota,,,,,,,,,,,,,,,ok,excellent,1124,792,792,792,100.0,0.0,0.0,0.0,0.0007792481583433052,0.021237090835177365,0.008042316033071865,2.042,,ok,pf,excellent,792,792,792,792,100.0,0.0,0.0,0.0,0.0007722007722007558,0.0010184786719349245,0.0004929304691695403,0.173,,ok,pc691,excellent,1124,792,792,792,100.0,0.0,0.0,0.0,0.0007792481583433052,0.021237090835177365,0.008042316033071865,1.563,,ok,pc646,excellent,1124,792,792,792,100.0,0.0,0.0,0.0,0.0007792481583433052,0.021237090835177365,0.008042316033071865,0.87,
A,eth-suite,52-barstate-isconfirmed-magnifier-off-01b,,plain,strict,871,False,ok,,0.081,0.912,True,0,0,0,0,0,0,0,0,0,0,1,0,0,run_error,,,,,,,,,,,,,0.02,account-currency: 52-barstate-isconfirmed-magnifier-off-01b declares currency.USD but BINANCE:ETHUSDT.P quotes USDT -- a probe's account currency is its symbol',ok,excellent,871,871,871,871,100.0,0.0,0.0,0.0,0.0008285004142501894,0.0014064212188407653,0.0007364341085266583,0.173,,ok,excellent,870,869,869,869,100.0,0.0,0.0,0.0,0.0011431802926921849,0.1719649040589446,0.10738133287262999,0.161,,ok,excellent,1212,871,871,871,100.0,0.0,0.0,0.0,0.001161440185830405,0.1922828028335506,0.1177088716623601,0.142,,,,,,,,,,,,,,,,,,,,,,,,,,,,,,,,ok,excellent,1210,871,871,871,100.0,0.0,0.0,0.0,0.001161440185830405,0.1922828028335506,0.1177088716623601,1.6,,ok,excellent,1210,871,871,871,100.0,0.0,0.0,0.0,0.001161440185830405,0.1922828028335506,0.1177088716623601,1.077,,not_run_quota,,,,,,,,,,,,,,,not_run_quota,,,,,,,,,,,,,,,not_run_quota,,,,,,,,,,,,,,,ok,excellent,1204,871,871,871,100.0,0.0,0.0,0.0,0.001161440185830405,0.1922828028335506,0.1177088716623601,0.65,,not_run_quota,,,,,,,,,,,,,,,ok,excellent,1210,871,871,871,100.0,0.0,0.0,0.0,0.001161440185830405,0.1922828028335506,0.1177088716623601,1.182,,not_run_quota,,,,,,,,,,,,,,,ok,excellent,1210,871,871,871,100.0,0.0,0.0,0.0,0.001161440185830405,0.1922828028335506,0.1177088716623601,1.493,,ok,pf,excellent,871,871,871,871,100.0,0.0,0.0,0.0,0.0008285004142501894,0.0014064212188407653,0.0007364341085266583,0.173,,ok,pc691,excellent,1210,871,871,871,100.0,0.0,0.0,0.0,0.001161440185830405,0.1922828028335506,0.1177088716623601,1.077,,ok,pc646,excellent,1210,871,871,871,100.0,0.0,0.0,0.0,0.001161440185830405,0.1922828028335506,0.1177088716623601,1.182,
A,eth-suite,53-barstate-isconfirmed-magnifier-on-01a,,plain,strict,871,False,ok,,0.088,1.133,True,0,0,0,0,0,0,0,0,1,0,1,0,0,run_error,,,,,,,,,,,,,0.04,account-currency: 53-barstate-isconfirmed-magnifier-on-01a declares currency.USD but BINANCE:ETHUSDT.P quotes USDT -- a probe's account currency is its symbol's,ok,excellent,871,871,871,871,100.0,0.0,0.0,0.0,0.0008285004142501894,0.0014064212188407653,0.0007364341085266583,0.172,,ok,excellent,870,869,869,869,100.0,0.0,0.0,0.0,0.0011431802926921849,0.1719649040589446,0.10738133287262999,0.17,,ok,excellent,1212,871,871,871,100.0,0.0,0.0,0.0,0.001161440185830405,0.1922828028335506,0.1177088716623601,0.16,,,,,,,,,,,,,,,,,,,,,,,,,,,,,,,,ok,excellent,1210,871,871,871,100.0,0.0,0.0,0.0,0.001161440185830405,0.1922828028335506,0.1177088716623601,1.318,,ok,excellent,1210,871,871,871,100.0,0.0,0.0,0.0,0.001161440185830405,0.1922828028335506,0.1177088716623601,1.177,,not_run_quota,,,,,,,,,,,,,,,not_run_quota,,,,,,,,,,,,,,,not_run_quota,,,,,,,,,,,,,,,ok,excellent,1204,871,871,871,100.0,0.0,0.0,0.0,0.001161440185830405,0.1922828028335506,0.1177088716623601,0.692,,not_run_quota,,,,,,,,,,,,,,,ok,excellent,1210,871,871,871,100.0,0.0,0.0,0.0,0.001161440185830405,0.1922828028335506,0.1177088716623601,1.817,,not_run_quota,,,,,,,,,,,,,,,ok,excellent,1210,871,871,871,100.0,0.0,0.0,0.0,0.001161440185830405,0.1922828028335506,0.1177088716623601,1.656,,ok,pf,excellent,871,871,871,871,100.0,0.0,0.0,0.0,0.0008285004142501894,0.0014064212188407653,0.0007364341085266583,0.172,,ok,pc691,excellent,1210,871,871,871,100.0,0.0,0.0,0.0,0.001161440185830405,0.1922828028335506,0.1177088716623601,1.177,,ok,pc646,excellent,1210,871,871,871,100.0,0.0,0.0,0.0,0.001161440185830405,0.1922828028335506,0.1177088716623601,1.817,
A,eth-suite,54-composite-ies-integration-01,,plain,strict,537,False,ok,,0.146,1.605,True,0,0,0,0,0,0,0,0,0,0,1,0,0,run_error,,,,,,,,,,,,,0.02,account-currency: 54-composite-ies-integration-01 declares currency.USD but BINANCE:ETHUSDT.P quotes USDT -- a probe's account currency is its symbol's quote cu,ok,excellent,537,537,537,537,100.0,0.0,0.0,0.0,0.0007710127752533292,0.00028443957502618616,0.0004034753902940288,0.163,,ok,excellent,537,537,537,537,100.0,0.0,0.0,0.0,0.0007710127752533292,0.00028443957502618616,0.0004034753902940288,0.15,,ok,excellent,761,537,537,537,100.0,0.0,0.0,0.0,0.0007710127752533292,0.00028443957502618616,0.0004034753902940288,0.144,,,,,,,,,,,,,,,,,,,,,,,,,,,,,,,,ok,excellent,760,537,537,537,100.0,0.0,0.0,0.0,0.0007710127752533292,0.00028443957502618616,0.0004034753902940288,2.912,,ok,excellent,760,537,537,537,100.0,0.0,0.0,0.0,0.0007710127752533292,0.00028443957502618616,0.0004034753902940288,1.862,,not_run_quota,,,,,,,,,,,,,,,not_run_quota,,,,,,,,,,,,,,,not_run_quota,,,,,,,,,,,,,,,ok,excellent,755,537,537,537,100.0,0.0,0.0,0.0,0.0007710127752533292,0.00028443957502618616,0.0004034753902940288,1.11,,not_run_quota,,,,,,,,,,,,,,,ok,excellent,760,537,537,537,100.0,0.0,0.0,0.0,0.0007710127752533292,0.00028443957502618616,0.0004034753902940288,3.724,,not_run_quota,,,,,,,,,,,,,,,ok,excellent,760,537,537,537,100.0,0.0,0.0,0.0,0.0007710127752533292,0.00028443957502618616,0.0004034753902940288,2.63,,ok,pf,excellent,537,537,537,537,100.0,0.0,0.0,0.0,0.0007710127752533292,0.00028443957502618616,0.0004034753902940288,0.163,,ok,pc691,excellent,760,537,537,537,100.0,0.0,0.0,0.0,0.0007710127752533292,0.00028443957502618616,0.0004034753902940288,1.862,,ok,pc646,excellent,760,537,537,537,100.0,0.0,0.0,0.0,0.0007710127752533292,0.00028443957502618616,0.0004034753902940288,3.724,
A,eth-suite,55-composite-ies-pressure-gauge-01,,plain,strict,2207,False,ok,,0.088,1.242,True,0,0,0,0,0,0,0,0,0,0,0,0,0,run_error,,,,,,,,,,,,,0.03,account-currency: 55-composite-ies-pressure-gauge-01 declares currency.USD but BINANCE:ETHUSDT.P quotes USDT -- a probe's account currency is its symbol's quote,ok,excellent,2207,2207,2207,2207,100.0,0.0,0.0,0.0,0.000783223668874711,0.00032227850905909783,0.00031759542154295896,0.225,,ok,excellent,2204,2202,2202,2202,100.0,0.0,0.0,0.0,0.0007855459544383179,0.0003345669416977798,0.0003252179120999033,0.216,,ok,excellent,3205,2207,2207,2207,100.0,0.0,0.0,0.0,0.0007857929814680156,0.01094594934480243,0.006910876372808378,0.167,,,,,,,,,,,,,,,,,,,,,,,,,,,,,,,,ok,excellent,3203,2207,2207,2207,100.0,0.0,0.0,0.0,0.0007857929814680156,0.01094594934480243,0.006910876372808378,1.839,,ok,excellent,3203,2207,2207,2207,100.0,0.0,0.0,0.0,0.0007857929814680156,0.01094594934480243,0.006910876372808378,2.045,,not_run_quota,,,,,,,,,,,,,,,not_run_quota,,,,,,,,,,,,,,,not_run_quota,,,,,,,,,,,,,,,ok,excellent,3188,2207,2207,2207,100.0,0.0,0.0,0.0,0.0007857929814680156,0.01094594934480243,0.006910876372808378,1.001,,not_run_quota,,,,,,,,,,,,,,,ok,excellent,3203,2207,2207,2207,100.0,0.0,0.0,0.0,0.0007857929814680156,0.01094594934480243,0.006910876372808378,1.013,,not_run_quota,,,,,,,,,,,,,,,ok,excellent,3203,2207,2207,2207,100.0,0.0,0.0,0.0,0.0007857929814680156,0.01094594934480243,0.006910876372808378,1.636,,ok,pf,excellent,2207,2207,2207,2207,100.0,0.0,0.0,0.0,0.000783223668874711,0.00032227850905909783,0.00031759542154295896,0.225,,ok,pc691,excellent,3203,2207,2207,2207,100.0,0.0,0.0,0.0,0.0007857929814680156,0.01094594934480243,0.006910876372808378,2.045,,ok,pc646,excellent,3203,2207,2207,2207,100.0,0.0,0.0,0.0,0.0007857929814680156,0.01094594934480243,0.006910876372808378,1.013,
A,eth-suite,56-composite-vcp-integration-01,,plain,strict,336,False,ok,,0.131,1.843,True,0,0,0,0,0,0,0,0,0,0,1,1,0,run_error,,,,,,,,,,,,,0.03,account-currency: 56-composite-vcp-integration-01 declares currency.USD but BINANCE:ETHUSDT.P quotes USDT -- a probe's account currency is its symbol's quote cu,ok,excellent,336,336,336,335,99.7,0.0,0.0,0.0,0.0009298901745790601,0.0005595383808358979,0.0003848721674586727,0.179,,ok,excellent,334,334,334,334,100.0,0.0,0.0,0.0,0.0009302645728777995,0.0005395744106836577,0.0003785800928680217,0.168,,ok,excellent,477,336,336,335,99.7,0.0,0.0,0.0,0.0009298901745790601,0.0005595383808358979,0.0003848721674586727,0.162,,,,,,,,,,,,,,,,,,,,,,,,,,,,,,,,ok,excellent,477,336,336,335,99.7,0.0,0.0,0.0,0.0009298901745790601,0.0005595383808358979,0.0003848721674586727,3.595,,ok,excellent,477,336,336,335,99.7,0.0,0.0,0.0,0.0009298901745790601,0.0005595383808358979,0.0003848721674586727,3.529,,not_run_quota,,,,,,,,,,,,,,,not_run_quota,,,,,,,,,,,,,,,not_run_quota,,,,,,,,,,,,,,,ok,excellent,475,336,336,335,99.7,0.0,0.0,0.0,0.0009298901745790601,0.0005595383808358979,0.0003848721674586727,1.996,,not_run_quota,,,,,,,,,,,,,,,ok,excellent,477,336,336,335,99.7,0.0,0.0,0.0,0.0009298901745790601,0.0005595383808358979,0.0003848721674586727,6.176,,not_run_quota,,,,,,,,,,,,,,,ok,excellent,477,336,336,335,99.7,0.0,0.0,0.0,0.0009298901745790601,0.0005595383808358979,0.0003848721674586727,4.083,,ok,pf_rs,excellent,334,334,334,334,100.0,0.0,0.0,0.0,0.0009302645728777995,0.0005395744106836577,0.0003785800928680217,0.168,,ok,pc691,excellent,477,336,336,335,99.7,0.0,0.0,0.0,0.0009298901745790601,0.0005595383808358979,0.0003848721674586727,3.529,,ok,pc646,excellent,477,336,336,335,99.7,0.0,0.0,0.0,0.0009298901745790601,0.0005595383808358979,0.0003848721674586727,6.176,
A,eth-suite,57-oca-exit-bracket-internal-cancel-01,,brackets,strict,421,False,ok,,0.078,0.83,True,0,1,0,0,0,0,0,0,0,0,0,0,0,run_error,,,,,,,,,,,,,0.02,account-currency: 57-oca-exit-bracket-internal-cancel-01 declares currency.USD but BINANCE:ETHUSDT.P quotes USDT -- a probe's account currency is its symbol's q,ok,excellent,421,421,421,421,100.0,0.0,0.0,0.0,0.0008896797153024721,0.0017037449624846004,0.0014035087719297301,0.168,,ok,excellent,421,421,421,421,100.0,0.0,0.0,0.0,0.0008896797153024721,0.0017037449624846004,0.0014035087719297301,0.144,,ok,excellent,628,421,421,421,100.0,0.0,0.0,0.0,0.0008896797153024721,0.0017037449624846004,0.0014035087719297301,0.141,,,,,,,,,,,,,,,,,,,,,,,,,,,,,,,,ok,excellent,628,421,421,421,100.0,0.0,0.0,0.0,0.0008896797153024721,0.0017037449624846004,0.0014035087719297301,1.601,,ok,excellent,628,421,421,421,100.0,0.0,0.0,0.0,0.0008896797153024721,0.0017037449624846004,0.0014035087719297301,1.172,,not_run_quota,,,,,,,,,,,,,,,not_run_quota,,,,,,,,,,,,,,,not_run_quota,,,,,,,,,,,,,,,ok,excellent,627,421,421,421,100.0,0.0,0.0,0.0,0.0008896797153024721,0.0017037449624846004,0.0014035087719297301,0.689,,not_run_quota,,,,,,,,,,,,,,,ok,excellent,628,421,421,421,100.0,0.0,0.0,0.0,0.0008896797153024721,0.0017037449624846004,0.0014035087719297301,2.022,,not_run_quota,,,,,,,,,,,,,,,ok,excellent,628,421,421,421,100.0,0.0,0.0,0.0,0.0008896797153024721,0.0017037449624846004,0.0014035087719297301,1.349,,ok,pf,excellent,421,421,421,421,100.0,0.0,0.0,0.0,0.0008896797153024721,0.0017037449624846004,0.0014035087719297301,0.168,,ok,pc691,excellent,628,421,421,421,100.0,0.0,0.0,0.0,0.0008896797153024721,0.0017037449624846004,0.0014035087719297301,1.172,,ok,pc646,excellent,628,421,421,421,100.0,0.0,0.0,0.0,0.0008896797153024721,0.0017037449624846004,0.0014035087719297301,2.022,
A,eth-suite,58-oca-multi-bracket-isolation-01,,brackets,strict,1244,False,ok,,0.079,0.868,True,0,1,0,0,0,0,0,0,0,0,0,0,0,run_error,,,,,,,,,,,,,0.04,account-currency: 58-oca-multi-bracket-isolation-01 declares currency.USD but BINANCE:ETHUSDT.P quotes USDT -- a probe's account currency is its symbol's quote ,ok,excellent,622,622,622,622,100.0,0.0,0.0,0.0,0.0010157032087356433,0.002346332965978059,0.001358488139353688,0.19,,ok,excellent,620,620,620,620,100.0,0.0,0.0,0.0,0.0010209314495027114,0.0016471240561652845,0.001156340600962128,0.186,,ok,excellent,863,622,622,622,100.0,0.0,0.0,0.0,0.0010157032087356433,0.002346332965978059,0.001358488139353688,0.159,,,,,,,,,,,,,,,,,,,,,,,,,,,,,,,,ok,excellent,862,622,622,622,100.0,0.0,0.0,0.0,0.0010157032087356433,0.002346332965978059,0.001358488139353688,1.767,,ok,excellent,862,622,622,622,100.0,0.0,0.0,0.0,0.0010157032087356433,0.002346332965978059,0.001358488139353688,1.431,,not_run_quota,,,,,,,,,,,,,,,not_run_quota,,,,,,,,,,,,,,,not_run_quota,,,,,,,,,,,,,,,ok,excellent,860,622,622,622,100.0,0.0,0.0,0.0,0.0010157032087356433,0.002346332965978059,0.001358488139353688,0.821,,not_run_quota,,,,,,,,,,,,,,,ok,moderate,974,707,622,622,100.0,0.12022630834512023,0.0,0.006626850970851356,3.4833793536542688,0.1829428703473285,0.5872527189858765,2.011,,not_run_quota,,,,,,,,,,,,,,,ok,excellent,862,622,622,622,100.0,0.0,0.0,0.0,0.0010157032087356433,0.002346332965978059,0.001358488139353688,1.774,,ok,pf,excellent,622,622,622,622,100.0,0.0,0.0,0.0,0.0010157032087356433,0.002346332965978059,0.001358488139353688,0.19,,ok,pc691,excellent,862,622,622,622,100.0,0.0,0.0,0.0,0.0010157032087356433,0.002346332965978059,0.001358488139353688,1.431,,ok,pc646,moderate,974,707,622,622,100.0,0.12022630834512023,0.0,0.006626850970851356,3.4833793536542688,0.1829428703473285,0.5872527189858765,2.011,
A,eth-suite,59-order-deferred-flip-pooc-cross-bar-01,,plain,strict,792,False,ok,,0.081,0.829,True,0,0,0,0,0,1,0,0,0,0,0,0,0,run_error,,,,,,,,,,,,,0.02,account-currency: 59-order-deferred-flip-pooc-cross-bar-01 declares currency.USD but BINANCE:ETHUSDT.P quotes USDT -- a probe's account currency is its symbol's,ok,excellent,791,791,791,791,100.0,0.0,4.809611527781893e-06,0.0,0.0014435569242614349,0.0011786533364102254,0.0005472381497522944,0.18,,ok,excellent,789,789,789,789,100.0,0.0,4.80067547860959e-06,0.0,0.0015393506399739494,0.002439816974417167,0.019470172810575784,0.183,,ok,excellent,1124,792,792,792,100.0,0.0,4.808494521635355e-06,0.0,0.0014560596402113963,0.02107256983480414,0.007982077827233041,0.156,,,,,,,,,,,,,,,,,,,,,,,,,,,,,,,,ok,excellent,1124,792,792,792,100.0,0.0,0.0,0.0,0.0007797961896322384,0.021245829712897034,0.008047706929051364,1.114,,ok,excellent,1124,792,792,792,100.0,0.0,0.0,0.0,0.0007797961896322384,0.021245829712897034,0.008047706929051364,1.322,,not_run_quota,,,,,,,,,,,,,,,not_run_quota,,,,,,,,,,,,,,,not_run_quota,,,,,,,,,,,,,,,ok,excellent,1118,792,792,792,100.0,0.0,0.0,0.0,0.0007797961896322384,0.021245829712897034,0.008047706929051364,0.881,,not_run_quota,,,,,,,,,,,,,,,ok,excellent,1124,792,792,792,100.0,0.0,0.0,0.0,0.0007797961896322384,0.021245829712897034,0.008047706929051364,2.513,,not_run_quota,,,,,,,,,,,,,,,ok,excellent,1124,792,792,792,100.0,0.0,0.0,0.0,0.0007797961896322384,0.021245829712897034,0.008047706929051364,1.717,,ok,pf,excellent,791,791,791,791,100.0,0.0,4.809611527781893e-06,0.0,0.0014435569242614349,0.0011786533364102254,0.0005472381497522944,0.18,,ok,pc691,excellent,1124,792,792,792,100.0,0.0,0.0,0.0,0.0007797961896322384,0.021245829712897034,0.008047706929051364,1.322,,ok,pc646,excellent,1124,792,792,792,100.0,0.0,0.0,0.0,0.0007797961896322384,0.021245829712897034,0.008047706929051364,2.513,
A,eth-suite,60-recompute-alma-sar-corr-magnifier-01,,plain,strict,582,False,ok,,0.087,1.076,True,0,0,0,0,0,0,0,0,1,0,0,0,0,run_error,,,,,,,,,,,,,0.03,account-currency: 60-recompute-alma-sar-corr-magnifier-01 declares currency.USD but BINANCE:ETHUSDT.P quotes USDT -- a probe's account currency is its symbol's ,ok,excellent,582,582,582,582,100.0,0.0,0.0,0.0,0.0007945352277072136,0.0001649227611735754,0.00026907180988474435,0.181,,ok,excellent,582,582,582,582,100.0,0.0,0.0,0.0,0.0007945352277072136,0.0001649227611735754,0.00026907180988474435,0.157,,ok,excellent,833,582,582,582,100.0,0.0,0.0,0.0,0.0007945352277072136,0.0001649227611735754,0.00026907180988474435,0.153,,,,,,,,,,,,,,,,,,,,,,,,,,,,,,,,ok,excellent,833,582,582,582,100.0,0.0,0.0,0.0,0.0007945352277072136,0.0001649227611735754,0.00026907180988474435,2.289,,ok,excellent,833,582,582,582,100.0,0.0,0.0,0.0,0.0007945352277072136,0.0001649227611735754,0.00026907180988474435,2.397,,not_run_quota,,,,,,,,,,,,,,,not_run_quota,,,,,,,,,,,,,,,not_run_quota,,,,,,,,,,,,,,,ok,excellent,824,582,582,582,100.0,0.0,0.0,0.0,0.0007945352277072136,0.0001649227611735754,0.00026907180988474435,0.933,,not_run_quota,,,,,,,,,,,,,,,ok,excellent,833,582,582,582,100.0,0.0,0.0,0.0,0.0007945352277072136,0.0001649227611735754,0.00026907180988474435,3.668,,not_run_quota,,,,,,,,,,,,,,,ok,excellent,833,582,582,582,100.0,0.0,0.0,0.0,0.0007945352277072136,0.0001649227611735754,0.00026907180988474435,1.202,,ok,pf,excellent,582,582,582,582,100.0,0.0,0.0,0.0,0.0007945352277072136,0.0001649227611735754,0.00026907180988474435,0.181,,ok,pc691,excellent,833,582,582,582,100.0,0.0,0.0,0.0,0.0007945352277072136,0.0001649227611735754,0.00026907180988474435,2.397,,ok,pc646,excellent,833,582,582,582,100.0,0.0,0.0,0.0,0.0007945352277072136,0.0001649227611735754,0.00026907180988474435,3.668,
A,eth-suite,61-analyzer-parity-edge-margin-50-pct-01,,plain,strict,57,False,ok,,0.078,0.837,True,0,0,0,0,0,0,0,0,0,0,0,0,0,run_error,,,,,,,,,,,,,0.02,account-currency: 61-analyzer-parity-edge-margin-50-pct-01 declares currency.USD but BINANCE:ETHUSDT.P quotes USDT -- a probe's account currency is its symbol's,ok,excellent,57,57,57,57,100.0,0.0,0.0,0.0,0.0006886685711579286,0.00471913282545031,0.0009220613453269039,0.138,,ok,excellent,56,56,56,56,100.0,0.0,0.0,0.0,0.000690643271340222,0.01167915390090636,0.007520626754564692,0.156,,ok,excellent,81,57,57,57,100.0,0.0,0.0,0.0,0.0006886685711580758,0.014925197964617113,0.010735131939095982,0.151,,,,,,,,,,,,,,,,,,,,,,,,,,,,,,,,ok,excellent,81,57,57,57,100.0,0.0,0.0,0.0,0.0006886685711580758,0.014925197964617113,0.010735131939095982,1.414,,ok,excellent,81,57,57,57,100.0,0.0,0.0,0.0,0.0006886685711580758,0.014925197964617113,0.010735131939095982,0.738,,not_run_quota,,,,,,,,,,,,,,,not_run_quota,,,,,,,,,,,,,,,not_run_quota,,,,,,,,,,,,,,,ok,excellent,80,57,57,57,100.0,0.0,0.0,0.0,0.0006886685711580758,0.014925197964617113,0.010735131939095982,0.487,,not_run_quota,,,,,,,,,,,,,,,ok,excellent,81,57,57,57,100.0,0.0,0.0,0.0,0.0006886751137960636,0.0149248485303541,0.010735069519363058,1.891,,not_run_quota,,,,,,,,,,,,,,,ok,excellent,81,57,57,57,100.0,0.0,0.0,0.0,0.0006886685711580758,0.014925197964617113,0.010735131939095982,0.613,,ok,pf,excellent,57,57,57,57,100.0,0.0,0.0,0.0,0.0006886685711579286,0.00471913282545031,0.0009220613453269039,0.138,,ok,pc691,excellent,81,57,57,57,100.0,0.0,0.0,0.0,0.0006886685711580758,0.014925197964617113,0.010735131939095982,0.738,,ok,pc646,excellent,81,57,57,57,100.0,0.0,0.0,0.0,0.0006886751137960636,0.0149248485303541,0.010735069519363058,1.891,
A,eth-suite,62-analyzer-parity-percent-of-equity-sizing-01,,plain,strict,57,False,ok,,0.079,1.282,True,0,0,0,0,0,0,0,0,0,0,0,0,0,run_error,,,,,,,,,,,,,0.02,account-currency: 62-analyzer-parity-percent-of-equity-sizing-01 declares currency.USD but BINANCE:ETHUSDT.P quotes USDT -- a probe's account currency is its sy,ok,excellent,57,57,57,57,100.0,0.0,0.0,0.0,0.0,6.22167974937542e-08,3.250994647624165e-07,0.151,,ok,excellent,56,56,56,56,100.0,0.0,0.0,0.0,0.0007155868920846787,0.014747055755744127,0.01474806719790016,0.152,,ok,strong,81,57,57,57,100.0,0.0,0.0,0.0,0.020451339950692746,0.02044814441710177,0.020449830863933736,0.115,,,,,,,,,,,,,,,,,,,,,,,,,,,,,,,,ok,strong,81,57,57,57,100.0,0.0,0.0,0.0,0.020451339950692746,0.02044814441710177,0.020449830863933736,1.13,,ok,strong,81,57,57,57,100.0,0.0,0.0,0.0,0.020451339950692746,0.02044814441710177,0.020449830863933736,0.968,,not_run_quota,,,,,,,,,,,,,,,not_run_quota,,,,,,,,,,,,,,,not_run_quota,,,,,,,,,,,,,,,ok,strong,80,57,57,57,100.0,0.0,0.0,0.0,0.020451339950692746,0.02044814441710177,0.020449830863933736,0.476,,not_run_quota,,,,,,,,,,,,,,,ok,strong,81,57,57,57,100.0,0.0,0.0,0.0,0.020451347831758115,0.020448227019828777,0.020449840910883792,1.737,,not_run_quota,,,,,,,,,,,,,,,ok,strong,81,57,57,57,100.0,0.0,0.0,0.0,0.020451339950692746,0.02044814441710177,0.020449830863933736,1.244,,ok,pf,excellent,57,57,57,57,100.0,0.0,0.0,0.0,0.0,6.22167974937542e-08,3.250994647624165e-07,0.151,,ok,pc691,strong,81,57,57,57,100.0,0.0,0.0,0.0,0.020451339950692746,0.02044814441710177,0.020449830863933736,0.968,,ok,pc646,strong,81,57,57,57,100.0,0.0,0.0,0.0,0.020451347831758115,0.020448227019828777,0.020449840910883792,1.737,
A,eth-suite,63-analyzer-parity-small-equity-fraction-01,,plain,strict,57,False,ok,,0.08,0.801,True,0,0,0,0,0,0,0,0,0,0,0,0,0,run_error,,,,,,,,,,,,,0.03,account-currency: 63-analyzer-parity-small-equity-fraction-01 declares currency.USD but BINANCE:ETHUSDT.P quotes USDT -- a probe's account currency is its symbo,ok,excellent,57,57,57,57,100.0,0.0,0.0,0.0,0.000687721308236327,0.005128143883071396,0.0009204683283020905,0.163,,ok,excellent,56,56,56,56,100.0,0.0,0.0,0.0,0.000633414875442741,0.005456955543858014,0.0015861351916181385,0.133,,ok,excellent,81,57,57,57,100.0,0.0,0.0,0.0,0.0006645056019753718,0.007364263342719164,0.002570457134281434,0.143,,,,,,,,,,,,,,,,,,,,,,,,,,,,,,,,ok,excellent,81,57,57,57,100.0,0.0,0.0,0.0,0.0006645056019753718,0.007364263342719164,0.002570457134281434,0.886,,ok,excellent,81,57,57,57,100.0,0.0,0.0,0.0,0.0006645056019753718,0.007364263342719164,0.002570457134281434,1.203,,not_run_quota,,,,,,,,,,,,,,,not_run_quota,,,,,,,,,,,,,,,not_run_quota,,,,,,,,,,,,,,,ok,excellent,80,57,57,57,100.0,0.0,0.0,0.0,0.0006645056019753718,0.007364263342719164,0.002570457134281434,0.496,,not_run_quota,,,,,,,,,,,,,,,ok,excellent,81,57,57,57,100.0,0.0,0.0,0.0,0.0006645056019753718,0.007359707678193051,0.0025698273168547046,2.298,,not_run_quota,,,,,,,,,,,,,,,ok,excellent,81,57,57,57,100.0,0.0,0.0,0.0,0.0006645056019753718,0.007364263342719164,0.002570457134281434,1.096,,ok,pf,excellent,57,57,57,57,100.0,0.0,0.0,0.0,0.000687721308236327,0.005128143883071396,0.0009204683283020905,0.163,,ok,pc691,excellent,81,57,57,57,100.0,0.0,0.0,0.0,0.0006645056019753718,0.007364263342719164,0.002570457134281434,1.203,,ok,pc646,excellent,81,57,57,57,100.0,0.0,0.0,0.0,0.0006645056019753718,0.007359707678193051,0.0025698273168547046,2.298,
A,eth-suite,64-composite-vcp-cumulative-volume-delta-01,,plain,strict,3119,False,ok,,0.089,1.197,True,0,0,0,0,0,0,0,0,0,0,0,0,0,run_error,,,,,,,,,,,,,0.02,account-currency: 64-composite-vcp-cumulative-volume-delta-01 declares currency.USD but BINANCE:ETHUSDT.P quotes USDT -- a probe's account currency is its symbo,ok,excellent,3119,3119,3119,3119,100.0,0.0,0.0,0.0,0.0007612668537664985,0.001754567034781288,0.0010190670967835335,0.248,,ok,excellent,3108,3108,3108,3108,100.0,0.0,0.0,0.0,0.0007632164893206322,0.0017377807021979465,0.0010343606092802881,0.262,,ok,excellent,4382,3119,3119,3119,100.0,0.0,0.0,0.0,0.0007612668537664985,0.001754567034781288,0.0010190670967835335,0.184,,,,,,,,,,,,,,,,,,,,,,,,,,,,,,,,ok,excellent,4382,3119,3119,3119,100.0,0.0,0.0,0.0,0.0007612668537664985,0.001754567034781288,0.0010190670967835335,1.327,,ok,excellent,4382,3119,3119,3119,100.0,0.0,0.0,0.0,0.0007612668537664985,0.001754567034781288,0.0010190670967835335,1.519,,not_run_quota,,,,,,,,,,,,,,,not_run_quota,,,,,,,,,,,,,,,not_run_quota,,,,,,,,,,,,,,,ok,excellent,4355,3119,3119,3119,100.0,0.0,0.0,0.0,0.0007612668537664985,0.001754567034781288,0.0010190670967835335,0.925,,not_run_quota,,,,,,,,,,,,,,,ok,excellent,4382,3119,3119,3119,100.0,0.0,0.0,0.0,0.0007612668537664985,0.001754567034781288,0.0010190670967835335,1.018,,not_run_quota,,,,,,,,,,,,,,,ok,excellent,4382,3119,3119,3119,100.0,0.0,0.0,0.0,0.0007612668537664985,0.001754567034781288,0.0010190670967835335,2.025,,ok,pf,excellent,3119,3119,3119,3119,100.0,0.0,0.0,0.0,0.0007612668537664985,0.001754567034781288,0.0010190670967835335,0.248,,ok,pc691,excellent,4382,3119,3119,3119,100.0,0.0,0.0,0.0,0.0007612668537664985,0.001754567034781288,0.0010190670967835335,1.519,,ok,pc646,excellent,4382,3119,3119,3119,100.0,0.0,0.0,0.0,0.0007612668537664985,0.001754567034781288,0.0010190670967835335,1.018,
A,eth-suite,65-bracket-atr-trail-series-int-points-01,,trail,production,792,False,ok,,0.082,1.071,True,1,1,0,0,0,0,0,0,0,0,0,0,0,run_error,,,,,,,,,,,,,0.02,account-currency: 65-bracket-atr-trail-series-int-points-01 declares currency.USD but BINANCE:ETHUSDT.P quotes USDT -- a probe's account currency is its symbol',ok,excellent,792,792,792,792,100.0,0.0,0.0,0.0,0.0,4.0647101861600296e-05,0.0002417600128938768,0.174,,ok,excellent,790,790,790,790,100.0,0.0,0.0,0.0,0.0,0.0,0.0002818035426730807,0.152,,ok,excellent,1123,792,792,792,100.0,0.0,0.0,0.0,0.0,4.0647101861600296e-05,0.0002417600128938768,0.174,,,,,,,,,,,,,,,,,,,,,,,,,,,,,,,,ok,excellent,1123,792,792,792,100.0,0.0,0.0,0.0,0.0,4.0647101861600296e-05,0.0002417600128938768,1.33,,ok,excellent,1123,792,792,792,100.0,0.0,0.0,0.0,0.0,4.0647101861600296e-05,0.0002417600128938768,1.319,,not_run_quota,,,,,,,,,,,,,,,not_run_quota,,,,,,,,,,,,,,,not_run_quota,,,,,,,,,,,,,,,ok,excellent,1117,792,792,792,100.0,0.0,0.0,0.0,0.0,4.0647101861600296e-05,0.0002417600128938768,0.634,,not_run_quota,,,,,,,,,,,,,,,ok,moderate,1123,792,792,792,100.0,0.0,0.0,0.005052189383281517,97.61428571428571,0.8402568896837656,0.9426222902731901,2.832,,not_run_quota,,,,,,,,,,,,,,,ok,excellent,1123,792,792,792,100.0,0.0,0.0,0.0,0.0,4.0647101861600296e-05,0.0002417600128938768,1.048,,ok,pf,excellent,792,792,792,792,100.0,0.0,0.0,0.0,0.0,4.0647101861600296e-05,0.0002417600128938768,0.174,,ok,pc691,excellent,1123,792,792,792,100.0,0.0,0.0,0.0,0.0,4.0647101861600296e-05,0.0002417600128938768,1.319,,ok,pc646,moderate,1123,792,792,792,100.0,0.0,0.0,0.005052189383281517,97.61428571428571,0.8402568896837656,0.9426222902731901,2.832,
A,eth-suite,66-bracket-entry-exit-same-pass-attach-01,,brackets,strict,728,False,ok,,0.081,0.955,True,0,1,0,0,0,0,0,0,0,0,0,0,0,run_error,,,,,,,,,,,,,0.02,account-currency: 66-bracket-entry-exit-same-pass-attach-01 declares currency.USD but BINANCE:ETHUSDT.P quotes USDT -- a probe's account currency is its symbol',ok,excellent,728,728,728,728,100.0,0.0,0.0,0.0,0.0009482721778229441,0.0004330410306376693,0.0002485823040481523,0.18,,ok,excellent,726,726,726,726,100.0,0.0,0.0,0.0,0.0009485420973194543,0.00043269750838353065,0.00024849736748193456,0.159,,ok,excellent,1118,728,728,728,100.0,0.0,0.0,0.0,0.0009482721778229441,0.0004330410306376693,0.0002485823040481523,0.15,,,,,,,,,,,,,,,,,,,,,,,,,,,,,,,,ok,excellent,1118,728,728,728,100.0,0.0,0.0,0.0,0.0009482721778229441,0.0004330410306376693,0.0002485823040481523,1.26,,ok,excellent,1118,728,728,728,100.0,0.0,0.0,0.0,0.0009482721778229441,0.0004330410306376693,0.0002485823040481523,1.49,,not_run_quota,,,,,,,,,,,,,,,not_run_quota,,,,,,,,,,,,,,,not_run_quota,,,,,,,,,,,,,,,ok,excellent,1053,728,728,728,100.0,0.0,0.0,0.0,0.0009482721778229441,0.0004330410306376693,0.0002485823040481523,0.594,,not_run_quota,,,,,,,,,,,,,,,ok,excellent,1118,728,728,728,100.0,0.0,0.0,0.0,0.0009482721778229441,0.0004330410306376693,0.0002485823040481523,1.183,,not_run_quota,,,,,,,,,,,,,,,ok,excellent,1118,728,728,728,100.0,0.0,0.0,0.0,0.0009482721778229441,0.0004330410306376693,0.0002485823040481523,1.141,,ok,pf,excellent,728,728,728,728,100.0,0.0,0.0,0.0,0.0009482721778229441,0.0004330410306376693,0.0002485823040481523,0.18,,ok,pc691,excellent,1118,728,728,728,100.0,0.0,0.0,0.0,0.0009482721778229441,0.0004330410306376693,0.0002485823040481523,1.49,,ok,pc646,excellent,1118,728,728,728,100.0,0.0,0.0,0.0,0.0009482721778229441,0.0004330410306376693,0.0002485823040481523,1.183,
A,eth-suite,67-bracket-exit-stop-limit-trail-same-bar-01,,trail,production,732,False,ok,,0.09,1.188,True,1,1,0,0,0,0,0,0,0,0,0,0,0,run_error,,,,,,,,,,,,,0.02,account-currency: 67-bracket-exit-stop-limit-trail-same-bar-01 declares currency.USD but BINANCE:ETHUSDT.P quotes USDT -- a probe's account currency is its symb,ok,excellent,732,732,732,732,100.0,0.0,0.0,0.0,0.0007547169811320594,0.001849531650855998,0.0017670559311612404,0.169,,ok,excellent,730,730,730,730,100.0,0.0,0.0,0.0,0.0007547169811320594,0.00046178711613936783,0.0008648242150775557,0.169,,ok,excellent,1123,732,732,732,100.0,0.0,0.0,0.0,0.0007547169811320594,0.001849531650855998,0.0017670559311612404,0.153,,,,,,,,,,,,,,,,,,,,,,,,,,,,,,,,ok,excellent,1123,732,732,732,100.0,0.0,0.0,0.0,0.0007547169811320594,0.0019091939621740538,0.0018054701905342847,0.959,,ok,excellent,1123,732,732,732,100.0,0.0,0.0,0.0,0.0007547169811320594,0.0019091939621740538,0.0018054701905342847,0.934,,not_run_quota,,,,,,,,,,,,,,,not_run_quota,,,,,,,,,,,,,,,not_run_quota,,,,,,,,,,,,,,,ok,excellent,1057,732,732,732,100.0,0.0,0.0,0.0,0.0007547169811320594,0.0019091939621740538,0.0018054701905342847,0.622,,not_run_quota,,,,,,,,,,,,,,,ok,moderate,1123,732,732,732,100.0,0.0,0.0,0.008611328381479887,79.96666666666665,2.118429687966112,3.116087891825444,2.926,,not_run_quota,,,,,,,,,,,,,,,ok,excellent,1123,732,732,732,100.0,0.0,0.0,0.0,0.0007547169811320594,0.0019091939621740538,0.0018054701905342847,0.909,,ok,pf,excellent,732,732,732,732,100.0,0.0,0.0,0.0,0.0007547169811320594,0.001849531650855998,0.0017670559311612404,0.169,,ok,pc691,excellent,1123,732,732,732,100.0,0.0,0.0,0.0,0.0007547169811320594,0.0019091939621740538,0.0018054701905342847,0.934,,ok,pc646,moderate,1123,732,732,732,100.0,0.0,0.0,0.008611328381479887,79.96666666666665,2.118429687966112,3.116087891825444,2.926,
A,eth-suite,68-bracket-exit-three-way-set-once-entry-01,,trail,production,792,False,ok,,0.076,0.807,True,1,1,0,0,0,0,0,0,0,0,0,0,0,run_error,,,,,,,,,,,,,0.01,account-currency: 68-bracket-exit-three-way-set-once-entry-01 declares currency.USD but BINANCE:ETHUSDT.P quotes USDT -- a probe's account currency is its symbo,ok,excellent,792,792,792,792,100.0,0.0,0.0,0.0,0.0,6.269395943695122e-05,0.00027776920465418377,0.171,,ok,excellent,790,790,790,790,100.0,0.0,0.0,0.0,0.0,6.26154472307749e-05,0.00027742671310995986,0.139,,ok,excellent,1123,792,792,792,100.0,0.0,0.0,0.0,0.0,6.269395943695122e-05,0.00027776920465418377,0.139,,,,,,,,,,,,,,,,,,,,,,,,,,,,,,,,ok,excellent,1123,792,792,792,100.0,0.0,0.0,0.0,0.0,6.269395943695122e-05,0.00027776920465418377,1.036,,ok,excellent,1123,792,792,792,100.0,0.0,0.0,0.0,0.0,6.269395943695122e-05,0.00027776920465418377,1.122,,not_run_quota,,,,,,,,,,,,,,,not_run_quota,,,,,,,,,,,,,,,not_run_quota,,,,,,,,,,,,,,,ok,excellent,1117,792,792,792,100.0,0.0,0.0,0.0,0.0,6.269395943695122e-05,0.00027776920465418377,0.541,,not_run_quota,,,,,,,,,,,,,,,ok,moderate,1123,792,792,792,100.0,0.0,0.0,0.004887788224693243,75.72999999999999,0.45926459985580387,0.7415203234467943,1.679,,not_run_quota,,,,,,,,,,,,,,,ok,excellent,1123,792,792,792,100.0,0.0,0.0,0.0,0.0,6.269395943695122e-05,0.00027776920465418377,1.273,,ok,pf,excellent,792,792,792,792,100.0,0.0,0.0,0.0,0.0,6.269395943695122e-05,0.00027776920465418377,0.171,,ok,pc691,excellent,1123,792,792,792,100.0,0.0,0.0,0.0,0.0,6.269395943695122e-05,0.00027776920465418377,1.122,,ok,pc646,moderate,1123,792,792,792,100.0,0.0,0.0,0.004887788224693243,75.72999999999999,0.45926459985580387,0.7415203234467943,1.679,
A,eth-suite,69-bracket-exit-tp-sl-fixed-01,,brackets,strict,366,False,ok,,0.077,0.777,True,0,1,0,0,0,0,0,0,0,0,0,0,0,run_error,,,,,,,,,,,,,0.02,account-currency: 69-bracket-exit-tp-sl-fixed-01 declares currency.USD but BINANCE:ETHUSDT.P quotes USDT -- a probe's account currency is its symbol's quote cur,ok,excellent,366,366,366,366,100.0,0.0,0.0,0.0,0.0008799082077279986,0.002973005113568626,0.0008847991505928659,0.132,,ok,excellent,365,365,365,365,100.0,0.0,0.0,0.0,0.0008806050114120772,0.0023683213338384405,0.0009575609008729148,0.147,,ok,excellent,562,366,366,366,100.0,0.0,0.0,0.0,0.0008799082077279986,0.002973005113568626,0.0008847991505928659,0.141,,,,,,,,,,,,,,,,,,,,,,,,,,,,,,,,ok,excellent,562,366,366,366,100.0,0.0,0.0,0.0,0.0008799082077279986,0.002973005113568626,0.0008847991505928659,1.334,,ok,excellent,562,366,366,366,100.0,0.0,0.0,0.0,0.0008799082077279986,0.002973005113568626,0.0008847991505928659,0.691,,not_run_quota,,,,,,,,,,,,,,,not_run_quota,,,,,,,,,,,,,,,not_run_quota,,,,,,,,,,,,,,,ok,excellent,528,366,366,366,100.0,0.0,0.0,0.0,0.0008799082077279986,0.002973005113568626,0.0008847991505928659,0.519,,not_run_quota,,,,,,,,,,,,,,,ok,excellent,562,366,366,366,100.0,0.0,0.0,0.0,0.0008799082077279986,0.002973005113568626,0.0008847991505928659,1.015,,not_run_quota,,,,,,,,,,,,,,,ok,excellent,562,366,366,366,100.0,0.0,0.0,0.0,0.0008799082077279986,0.002973005113568626,0.0008847991505928659,1.093,,ok,pf,excellent,366,366,366,366,100.0,0.0,0.0,0.0,0.0008799082077279986,0.002973005113568626,0.0008847991505928659,0.132,,ok,pc691,excellent,562,366,366,366,100.0,0.0,0.0,0.0,0.0008799082077279986,0.002973005113568626,0.0008847991505928659,0.691,,ok,pc646,excellent,562,366,366,366,100.0,0.0,0.0,0.0,0.0008799082077279986,0.002973005113568626,0.0008847991505928659,1.015,
A,eth-suite,70-bracket-narrow-stop-limit-with-trail8-01,,trail,production,792,False,ok,,0.078,0.794,True,1,1,0,0,0,0,0,0,0,0,0,0,0,run_error,,,,,,,,,,,,,0.02,account-currency: 70-bracket-narrow-stop-limit-with-trail8-01 declares currency.USD but BINANCE:ETHUSDT.P quotes USDT -- a probe's account currency is its symbo,ok,excellent,792,792,792,792,100.0,0.0,0.0,0.0,0.0,6.257626482269581e-05,0.0001865613631417899,0.187,,ok,excellent,790,790,790,790,100.0,0.0,0.0,0.0,0.0,6.254495418594195e-05,0.00018646859558079079,0.162,,ok,excellent,1123,792,792,792,100.0,0.0,0.0,0.0,0.0,6.257626482269581e-05,0.0001865613631417899,0.12,,,,,,,,,,,,,,,,,,,,,,,,,,,,,,,,ok,excellent,1123,792,792,792,100.0,0.0,0.0,0.0,0.0,6.257626482269581e-05,0.0001865613631417899,0.952,,ok,excellent,1123,792,792,792,100.0,0.0,0.0,0.0,0.0,6.257626482269581e-05,0.0001865613631417899,1.049,,not_run_quota,,,,,,,,,,,,,,,not_run_quota,,,,,,,,,,,,,,,not_run_quota,,,,,,,,,,,,,,,ok,excellent,1117,792,792,792,100.0,0.0,0.0,0.0,0.0,6.257626482269581e-05,0.0001865613631417899,0.566,,not_run_quota,,,,,,,,,,,,,,,ok,moderate,1123,792,792,792,100.0,0.0,0.0,0.004974539873779143,218.9374999999999,0.1234942586277026,0.757190385871096,1.099,,not_run_quota,,,,,,,,,,,,,,,ok,excellent,1123,792,792,792,100.0,0.0,0.0,0.0,0.0,6.257626482269581e-05,0.0001865613631417899,0.781,,ok,pf,excellent,792,792,792,792,100.0,0.0,0.0,0.0,0.0,6.257626482269581e-05,0.0001865613631417899,0.187,,ok,pc691,excellent,1123,792,792,792,100.0,0.0,0.0,0.0,0.0,6.257626482269581e-05,0.0001865613631417899,1.049,,ok,pc646,moderate,1123,792,792,792,100.0,0.0,0.0,0.004974539873779143,218.9374999999999,0.1234942586277026,0.757190385871096,1.099,
A,eth-suite,71-bracket-partial-exit-qty-percent-01,,partial,strict,725,False,ok,,0.089,0.981,True,0,1,1,0,0,0,0,0,0,0,0,0,0,run_error,,,,,,,,,,,,,0.01,account-currency: 71-bracket-partial-exit-qty-percent-01 declares currency.USD but BINANCE:ETHUSDT.P quotes USDT -- a probe's account currency is its symbol's q,ok,excellent,366,366,366,366,100.0,0.0,0.0,0.0,0.0012524075712234124,0.0026362484157160036,0.0003500528045753545,0.172,,ok,excellent,365,365,365,365,100.0,0.0,0.0,0.0,0.0012541328665625837,0.002711157455682908,0.00034892454358883933,0.163,,ok,excellent,562,366,366,366,100.0,0.0,0.0,0.0,0.0012524075712234124,0.0026362484157160036,0.0003500528045753545,0.149,,,,,,,,,,,,,,,,,,,,,,,,,,,,,,,,ok,excellent,562,366,366,366,100.0,0.0,0.0,0.0,0.0012524075712234124,0.0026362484157160036,0.0003500528045753545,1.624,,ok,excellent,562,366,366,366,100.0,0.0,0.0,0.0,0.0012524075712234124,0.0026362484157160036,0.0003500528045753545,1.643,,not_run_quota,,,,,,,,,,,,,,,not_run_quota,,,,,,,,,,,,,,,not_run_quota,,,,,,,,,,,,,,,ok,excellent,528,366,366,366,100.0,0.0,0.0,0.0,0.0012524075712234124,0.0026362484157160036,0.0003500528045753545,0.753,,not_run_quota,,,,,,,,,,,,,,,ok,moderate,552,359,366,359,98.09,0.01912568306010929,0.0,0.008446151559362064,3.639367021363619,4.187454200107008,0.5310136651121949,1.379,,not_run_quota,,,,,,,,,,,,,,,ok,excellent,562,366,366,366,100.0,0.0,0.0,0.0,0.0012524075712234124,0.0026362484157160036,0.0003500528045753545,1.161,,ok,pf,excellent,366,366,366,366,100.0,0.0,0.0,0.0,0.0012524075712234124,0.0026362484157160036,0.0003500528045753545,0.172,,ok,pc691,excellent,562,366,366,366,100.0,0.0,0.0,0.0,0.0012524075712234124,0.0026362484157160036,0.0003500528045753545,1.643,,ok,pc646,moderate,552,359,366,359,98.09,0.01912568306010929,0.0,0.008446151559362064,3.639367021363619,4.187454200107008,0.5310136651121949,1.379,
A,eth-suite,72-bracket-same-id-exit-replace-01,,brackets,strict,366,False,ok,,0.079,0.894,True,0,1,0,0,0,0,0,0,0,0,0,0,0,run_error,,,,,,,,,,,,,0.01,account-currency: 72-bracket-same-id-exit-replace-01 declares currency.USD but BINANCE:ETHUSDT.P quotes USDT -- a probe's account currency is its symbol's quote,ok,excellent,366,366,366,366,100.0,0.0,0.0,0.0,0.0010660992927147952,0.0004775549188157231,0.0004531511433343841,0.159,,ok,excellent,365,365,365,365,100.0,0.0,0.0,0.0,0.0010663266059968428,0.0004891280181422635,0.00046192658920440785,0.15,,ok,excellent,562,366,366,366,100.0,0.0,0.0,0.0,0.0010660992927147952,0.0004775549188157231,0.0004531511433343841,0.144,,,,,,,,,,,,,,,,,,,,,,,,,,,,,,,,ok,excellent,562,366,366,366,100.0,0.0,0.0,0.0,0.0010660992927147952,0.0004775549188157231,0.0004531511433343841,1.124,,ok,excellent,562,366,366,366,100.0,0.0,0.0,0.0,0.0010660992927147952,0.0004775549188157231,0.0004531511433343841,1.192,,not_run_quota,,,,,,,,,,,,,,,not_run_quota,,,,,,,,,,,,,,,not_run_quota,,,,,,,,,,,,,,,ok,excellent,528,366,366,366,100.0,0.0,0.0,0.0,0.0010660992927147952,0.0004775549188157231,0.0004531511433343841,0.52,,not_run_quota,,,,,,,,,,,,,,,ok,excellent,562,366,366,366,100.0,0.0,0.0,0.0,0.0010660992927147952,0.0004775549188157231,0.0004531511433343841,1.93,,not_run_quota,,,,,,,,,,,,,,,ok,excellent,562,366,366,366,100.0,0.0,0.0,0.0,0.0010660992927147952,0.0004775549188157231,0.0004531511433343841,1.771,,ok,pf,excellent,366,366,366,366,100.0,0.0,0.0,0.0,0.0010660992927147952,0.0004775549188157231,0.0004531511433343841,0.159,,ok,pc691,excellent,562,366,366,366,100.0,0.0,0.0,0.0,0.0010660992927147952,0.0004775549188157231,0.0004531511433343841,1.192,,ok,pc646,excellent,562,366,366,366,100.0,0.0,0.0,0.0,0.0010660992927147952,0.0004775549188157231,0.0004531511433343841,1.93,
A,eth-suite,73-bracket-tp-sl-oca-reduce-isolate-01,,plain,strict,2240,False,ok,,0.087,1.152,True,0,0,0,0,0,0,0,0,0,0,0,0,0,run_error,,,,,,,,,,,,,0.02,account-currency: 73-bracket-tp-sl-oca-reduce-isolate-01 declares currency.USD but BINANCE:ETHUSDT.P quotes USDT -- a probe's account currency is its symbol's q,ok,excellent,2240,2240,2240,2240,100.0,0.0,0.0,0.0,0.000560947021495053,0.0004271780145715329,0.00042784737916102595,0.219,,ok,excellent,2237,2237,2237,2237,100.0,0.0,0.0,0.0,0.0005612305985997275,0.0004234198207522919,0.00042436508454669165,0.219,,ok,excellent,3081,2240,2240,2240,100.0,0.0,0.0,0.0,0.000560947021495053,0.0004271780145715329,0.00042784737916102595,0.17,,,,,,,,,,,,,,,,,,,,,,,,,,,,,,,,ok,strong,3081,2240,2240,2240,100.0,0.0,0.0,0.0,0.000560947021495053,0.0004271780145715329,0.00042784737916102595,1.991,,ok,strong,3081,2240,2240,2240,100.0,0.0,0.0,0.0,0.000560947021495053,0.0004271780145715329,0.00042784737916102595,1.171,,not_run_quota,,,,,,,,,,,,,,,not_run_quota,,,,,,,,,,,,,,,not_run_quota,,,,,,,,,,,,,,,ok,strong,3065,2240,2240,2240,100.0,0.0,0.0,0.0,0.000560947021495053,0.0004271780145715329,0.00042784737916102595,0.81,,not_run_quota,,,,,,,,,,,,,,,ok,strong,3081,2240,2240,2240,100.0,0.0,0.0,0.0,0.000560947021495053,0.0004271780145715329,0.00042784737916102595,2.655,,not_run_quota,,,,,,,,,,,,,,,ok,strong,3081,2240,2240,2240,100.0,0.0,0.0,0.0,0.000560947021495053,0.0004271780145715329,0.00042784737916102595,1.338,,ok,pf,excellent,2240,2240,2240,2240,100.0,0.0,0.0,0.0,0.000560947021495053,0.0004271780145715329,0.00042784737916102595,0.219,,ok,pc691,strong,3081,2240,2240,2240,100.0,0.0,0.0,0.0,0.000560947021495053,0.0004271780145715329,0.00042784737916102595,1.171,,ok,pc646,strong,3081,2240,2240,2240,100.0,0.0,0.0,0.0,0.000560947021495053,0.0004271780145715329,0.00042784737916102595,2.655,
A,eth-suite,74-bracket-trail-points-no-offset-explicit-01,,trail,production,782,False,ok,,0.079,0.894,True,1,1,0,0,0,0,0,0,0,0,0,0,0,run_error,,,,,,,,,,,,,0.01,account-currency: 74-bracket-trail-points-no-offset-explicit-01 declares currency.USD but BINANCE:ETHUSDT.P quotes USDT -- a probe's account currency is its sym,ok,excellent,782,782,782,782,100.0,0.0,0.0,0.0,0.0,3.81320385387456e-05,0.0002282815472416799,0.184,,ok,excellent,780,780,780,780,100.0,0.0,0.0,0.0,0.0,3.81242851696184e-05,0.0002282352344483146,0.178,,ok,excellent,1109,782,782,782,100.0,0.0,0.0,0.0,0.0,3.81320385387456e-05,0.0002282815472416799,0.142,,,,,,,,,,,,,,,,,,,,,,,,,,,,,,,,ok,excellent,1109,782,782,782,100.0,0.0,0.0,0.0,0.0,3.81320385387456e-05,0.0002282815472416799,0.984,,ok,excellent,1109,782,782,782,100.0,0.0,0.0,0.0,0.0,3.81320385387456e-05,0.0002282815472416799,1.702,,not_run_quota,,,,,,,,,,,,,,,not_run_quota,,,,,,,,,,,,,,,not_run_quota,,,,,,,,,,,,,,,ok,excellent,1103,782,782,782,100.0,0.0,0.0,0.0,0.0,3.81320385387456e-05,0.0002282815472416799,0.598,,not_run_quota,,,,,,,,,,,,,,,ok,moderate,1109,782,782,782,100.0,0.0,0.0,0.004962048741318774,190.26249999999996,0.12986501258357266,0.29119847812301813,2.1,,not_run_quota,,,,,,,,,,,,,,,ok,excellent,1109,782,782,782,100.0,0.0,0.0,0.0,0.0,3.81320385387456e-05,0.0002282815472416799,0.994,,ok,pf,excellent,782,782,782,782,100.0,0.0,0.0,0.0,0.0,3.81320385387456e-05,0.0002282815472416799,0.184,,ok,pc691,excellent,1109,782,782,782,100.0,0.0,0.0,0.0,0.0,3.81320385387456e-05,0.0002282815472416799,1.702,,ok,pc646,moderate,1109,782,782,782,100.0,0.0,0.0,0.004962048741318774,190.26249999999996,0.12986501258357266,0.29119847812301813,2.1,
A,eth-suite,75-composite-4emarsi-rsi-pullback-latch-01,,plain,strict,816,False,ok,,0.093,1.002,True,0,0,0,0,0,0,0,0,0,0,1,0,0,run_error,,,,,,,,,,,,,0.01,account-currency: 75-composite-4emarsi-rsi-pullback-latch-01 declares currency.USD but BINANCE:ETHUSDT.P quotes USDT -- a probe's account currency is its symbol,ok,excellent,816,816,816,816,100.0,0.0,0.0,0.0,0.0007353713096386658,0.0030737220409516857,0.0007981664975315236,0.173,,ok,excellent,815,814,814,814,100.0,0.0,0.0,0.0,0.0007370528057673897,0.00277356818116857,0.0007751995489747774,0.181,,ok,excellent,1159,815,815,815,100.0,0.0,0.0,0.0,0.0007390346558905738,0.05895525943808286,0.014115356534436609,0.136,,,,,,,,,,,,,,,,,,,,,,,,,,,,,,,,ok,excellent,1159,815,815,815,100.0,0.0,0.0,0.0,0.0007390346558905738,0.05895525943808286,0.014115356534436609,1.923,,ok,excellent,1159,815,815,815,100.0,0.0,0.0,0.0,0.0007390346558905738,0.05895525943808286,0.014115356534436609,1.367,,not_run_quota,,,,,,,,,,,,,,,not_run_quota,,,,,,,,,,,,,,,not_run_quota,,,,,,,,,,,,,,,ok,excellent,1150,815,815,815,100.0,0.0,0.0,0.0,0.0007362120577030278,0.0030798875446191344,0.0007985519591141053,0.862,,not_run_quota,,,,,,,,,,,,,,,ok,excellent,1159,815,815,815,100.0,0.0,0.0,0.0,0.0007390346558905738,0.05895525943808286,0.014115356534436609,1.651,,not_run_quota,,,,,,,,,,,,,,,ok,excellent,1159,815,815,815,100.0,0.0,0.0,0.0,0.0007390346558905738,0.05895525943808286,0.014115356534436609,1.08,,ok,pf,excellent,816,816,816,816,100.0,0.0,0.0,0.0,0.0007353713096386658,0.0030737220409516857,0.0007981664975315236,0.173,,ok,pc691,excellent,1159,815,815,815,100.0,0.0,0.0,0.0,0.0007390346558905738,0.05895525943808286,0.014115356534436609,1.367,,ok,pc646,excellent,1159,815,815,815,100.0,0.0,0.0,0.0,0.0007390346558905738,0.05895525943808286,0.014115356534436609,1.651,
A,eth-suite,76-analyzer-parity-choch-bos-isolator-01,,plain,strict,1027,False,ok,,0.097,1.152,True,0,0,0,0,0,0,0,0,0,0,1,0,0,run_error,,,,,,,,,,,,,0.02,account-currency: 76-analyzer-parity-choch-bos-isolator-01 declares currency.USD but BINANCE:ETHUSDT.P quotes USDT -- a probe's account currency is its symbol's,ok,excellent,1026,1026,1026,1026,100.0,0.0,0.0,0.0,0.0007047387847700782,0.0008444977323672618,0.0009279049158107413,0.177,,ok,excellent,1026,1025,1025,1025,100.0,0.0,0.0,0.0,0.0007054340873061447,0.0008297140047528737,0.000911661066950852,0.156,,ok,excellent,1425,1026,1026,1026,100.0,0.0,0.0,0.0,0.0007047387847700782,0.0008444977323672618,0.0009279049158107413,0.156,,,,,,,,,,,,,,,,,,,,,,,,,,,,,,,,ok,excellent,1425,1026,1026,1026,100.0,0.0,0.0,0.0,0.0007047387847700782,0.0008444977323672618,0.0009279049158107413,1.232,,ok,excellent,1425,1026,1026,1026,100.0,0.0,0.0,0.0,0.0007047387847700782,0.0008444977323672618,0.0009279049158107413,1.491,,not_run_quota,,,,,,,,,,,,,,,not_run_quota,,,,,,,,,,,,,,,not_run_quota,,,,,,,,,,,,,,,ok,excellent,1416,1026,1026,1026,100.0,0.0,0.0,0.0,0.0007047387847700782,0.0008444977323672618,0.0009279049158107413,0.867,,not_run_quota,,,,,,,,,,,,,,,ok,excellent,1425,1026,1026,1026,100.0,0.0,0.0,0.0,0.0007047387847700782,0.0008444977323672618,0.0009279049158107413,3.79,,not_run_quota,,,,,,,,,,,,,,,ok,excellent,1425,1026,1026,1026,100.0,0.0,0.0,0.0,0.0007047387847700782,0.0008444977323672618,0.0009279049158107413,1.736,,ok,pf,excellent,1026,1026,1026,1026,100.0,0.0,0.0,0.0,0.0007047387847700782,0.0008444977323672618,0.0009279049158107413,0.177,,ok,pc691,excellent,1425,1026,1026,1026,100.0,0.0,0.0,0.0,0.0007047387847700782,0.0008444977323672618,0.0009279049158107413,1.491,,ok,pc646,excellent,1425,1026,1026,1026,100.0,0.0,0.0,0.0,0.0007047387847700782,0.0008444977323672618,0.0009279049158107413,3.79,
A,eth-suite,77-composite-scalping-fast-ma-cross-trigger-01,,plain,strict,3097,False,ok,,0.081,0.864,True,0,0,0,0,0,0,0,0,0,0,0,0,0,run_error,,,,,,,,,,,,,0.03,account-currency: 77-composite-scalping-fast-ma-cross-trigger-01 declares currency.USD but BINANCE:ETHUSDT.P quotes USDT -- a probe's account currency is its sy,ok,excellent,3097,3097,3097,3097,100.0,0.0,0.0,0.0,0.0008316009753762948,0.0014817397367732075,0.0009857967442751564,0.245,,ok,excellent,3088,3087,3087,3087,100.0,0.0,0.0,0.0,0.000833858877076981,0.0014742438618914875,0.000984501622921502,0.202,,ok,excellent,4355,3097,3097,3097,100.0,0.0,0.0,0.0,0.0008315318193700264,0.0014791958264409434,0.0009857967442751564,0.18,,,,,,,,,,,,,,,,,,,,,,,,,,,,,,,,ok,excellent,4352,3097,3097,3097,100.0,0.0,0.0,0.0,0.0008315318193700264,0.0014791958264409434,0.0009857967442751564,2.195,,ok,excellent,4352,3097,3097,3097,100.0,0.0,0.0,0.0,0.0008315318193700264,0.0014791958264409434,0.0009857967442751564,1.743,,not_run_quota,,,,,,,,,,,,,,,not_run_quota,,,,,,,,,,,,,,,not_run_quota,,,,,,,,,,,,,,,ok,excellent,4332,3097,3097,3097,100.0,0.0,0.0,0.0,0.0008315318193700264,0.0014791958264409434,0.0009857967442751564,0.989,,not_run_quota,,,,,,,,,,,,,,,ok,excellent,4352,3097,3097,3097,100.0,0.0,0.0,0.0,0.0008315318193700264,0.0014791958264409434,0.0009857967442751564,2.225,,not_run_quota,,,,,,,,,,,,,,,ok,excellent,4352,3097,3097,3097,100.0,0.0,0.0,0.0,0.0008315318193700264,0.0014791958264409434,0.0009857967442751564,1.542,,ok,pf,excellent,3097,3097,3097,3097,100.0,0.0,0.0,0.0,0.0008316009753762948,0.0014817397367732075,0.0009857967442751564,0.245,,ok,pc691,excellent,4352,3097,3097,3097,100.0,0.0,0.0,0.0,0.0008315318193700264,0.0014791958264409434,0.0009857967442751564,1.743,,ok,pc646,excellent,4352,3097,3097,3097,100.0,0.0,0.0,0.0,0.0008315318193700264,0.0014791958264409434,0.0009857967442751564,2.225,
A,eth-suite,78-cap-max-intraday-filled-orders-isolate-01,,plain,strict,1958,False,ok,,0.086,1.091,True,0,0,0,0,0,0,0,0,0,0,0,0,0,run_error,,,,,,,,,,,,,0.01,account-currency: 78-cap-max-intraday-filled-orders-isolate-01 declares currency.USD but BINANCE:ETHUSDT.P quotes USDT -- a probe's account currency is its symb,ok,excellent,1958,1958,1958,1958,100.0,0.0,0.0,0.0,0.0007936912881042748,0.4244904614381215,0.20652234271253903,0.21,,ok,excellent,1953,1953,1953,1953,100.0,0.0,0.0,0.0,0.0007982266668934244,0.4284656276229818,0.20745876165431476,0.206,,ok,strong,2782,1955,1958,1955,99.85,0.0015321756894790602,0.0,0.0,0.0008002565121641508,0.45165446162191475,0.21535551765666258,0.173,,,,,,,,,,,,,,,,,,,,,,,,,,,,,,,,ok,strong,2782,1955,1958,1955,99.85,0.0015321756894790602,0.0,0.0,0.0008002565121641508,0.01089978302142655,0.005488154799912604,1.379,,ok,strong,2782,1955,1958,1955,99.85,0.0015321756894790602,0.0,0.0,0.0008002565121641508,0.01089978302142655,0.005488154799912604,1.922,,not_run_quota,,,,,,,,,,,,,,,not_run_quota,,,,,,,,,,,,,,,not_run_quota,,,,,,,,,,,,,,,ok,strong,2762,1955,1958,1955,99.85,0.0015321756894790602,0.0,0.0,0.0008002565121641508,0.01089978302142655,0.005488154799912604,0.817,,not_run_quota,,,,,,,,,,,,,,,ok,weak,1680,1180,1952,1164,59.63,0.39549180327868855,0.0,0.024563053879692792,7.993072643979062,1.907888405065669,1.765201288403383,2.269,,not_run_quota,,,,,,,,,,,,,,,ok,strong,2782,1955,1958,1955,99.85,0.0015321756894790602,0.0,0.0,0.0008002565121641508,0.01089978302142655,0.005488154799912604,1.614,,ok,pf,excellent,1958,1958,1958,1958,100.0,0.0,0.0,0.0,0.0007936912881042748,0.4244904614381215,0.20652234271253903,0.21,,ok,pc691,strong,2782,1955,1958,1955,99.85,0.0015321756894790602,0.0,0.0,0.0008002565121641508,0.01089978302142655,0.005488154799912604,1.922,,ok,pc646,weak,1680,1180,1952,1164,59.63,0.39549180327868855,0.0,0.024563053879692792,7.993072643979062,1.907888405065669,1.765201288403383,2.269,
A,eth-suite,79-composite-kanuck-kama-state-recurrence-01,,plain,strict,4979,False,ok,,0.085,1.099,True,0,0,0,0,0,0,0,0,0,0,1,0,0,run_error,,,,,,,,,,,,,0.01,account-currency: 79-composite-kanuck-kama-state-recurrence-01 declares currency.USD but BINANCE:ETHUSDT.P quotes USDT -- a probe's account currency is its symb,ok,strong,4977,4977,4979,4974,99.9,0.0004016870857601928,0.0,0.0,0.0007495690357068501,0.04008167586780628,0.009491978609625676,0.288,,ok,strong,4962,4962,4964,4962,99.96,0.00040290088638195,0.0,0.0,0.0007491198221114006,0.02647120860577912,0.003022517757291274,0.268,,ok,strong,6895,4978,4979,4974,99.9,0.0002008435428800964,0.0,0.0,0.0007495128840074186,0.03943504924735205,0.009491978609625676,0.188,,,,,,,,,,,,,,,,,,,,,,,,,,,,,,,,ok,strong,6895,4978,4979,4974,99.9,0.0002008435428800964,0.0,0.0,0.0007495128840074186,0.03943504924735205,0.009491978609625676,3.718,,ok,strong,6895,4978,4979,4974,99.9,0.0002008435428800964,0.0,0.0,0.0007495128840074186,0.03943504924735205,0.009491978609625676,2.312,,not_run_quota,,,,,,,,,,,,,,,not_run_quota,,,,,,,,,,,,,,,not_run_quota,,,,,,,,,,,,,,,ok,strong,6861,4978,4979,4974,99.9,0.0002008435428800964,0.0,0.0,0.0007495128840074186,0.03943504924735205,0.009491978609625676,1.251,,not_run_quota,,,,,,,,,,,,,,,ok,strong,6895,4978,4979,4974,99.9,0.0002008435428800964,0.0,0.0,0.0007495128840074186,0.03943504924735205,0.009491978609625676,1.062,,not_run_quota,,,,,,,,,,,,,,,ok,strong,6895,4978,4979,4974,99.9,0.0002008435428800964,0.0,0.0,0.0007495128840074186,0.03943504924735205,0.009491978609625676,2.182,,ok,pf_rs,strong,4962,4962,4964,4962,99.96,0.00040290088638195,0.0,0.0,0.0007491198221114006,0.02647120860577912,0.003022517757291274,0.268,,ok,pc691,strong,6895,4978,4979,4974,99.9,0.0002008435428800964,0.0,0.0,0.0007495128840074186,0.03943504924735205,0.009491978609625676,2.312,,ok,pc646,strong,6895,4978,4979,4974,99.9,0.0002008435428800964,0.0,0.0,0.0007495128840074186,0.03943504924735205,0.009491978609625676,1.062,
A,eth-suite,80-magnifier-tick-dist-volume-weighted-on-01,,brackets,strict,871,False,ok,,0.081,1.029,True,0,1,0,0,0,0,0,0,1,0,0,0,0,run_error,,,,,,,,,,,,,0.03,account-currency: 80-magnifier-tick-dist-volume-weighted-on-01 declares currency.USD but BINANCE:ETHUSDT.P quotes USDT -- a probe's account currency is its symb,ok,excellent,871,871,871,871,100.0,0.0,0.0,0.0,0.0005685048322911633,16.469835466179177,0.23612494104082576,0.178,,ok,excellent,870,869,869,869,100.0,0.0,0.0,0.0,0.00057475108905474,7.482558139534878,0.2474801570953837,0.201,,ok,excellent,1212,871,871,871,100.0,0.0,0.0,0.0,0.0005685048322911633,16.469835466179177,0.23612494104082576,0.149,,,,,,,,,,,,,,,,,,,,,,,,,,,,,,,,ok,excellent,1210,871,871,871,100.0,0.0,0.0,0.0,0.0005685048322911633,16.469835466179177,0.23612494104082576,1.534,,ok,excellent,1210,871,871,871,100.0,0.0,0.0,0.0,0.0005685048322911633,16.469835466179177,0.23612494104082576,1.281,,not_run_quota,,,,,,,,,,,,,,,not_run_quota,,,,,,,,,,,,,,,not_run_quota,,,,,,,,,,,,,,,ok,excellent,1204,871,871,871,100.0,0.0,0.0,0.0,0.0005685048322911633,16.469835466179177,0.23612494104082576,0.636,,not_run_quota,,,,,,,,,,,,,,,ok,excellent,1210,871,871,871,100.0,0.0,0.0,0.0,0.0005685048322911633,16.469835466179177,0.23612494104082576,2.091,,not_run_quota,,,,,,,,,,,,,,,ok,excellent,1210,871,871,871,100.0,0.0,0.0,0.0,0.0005685048322911633,16.469835466179177,0.23612494104082576,1.209,,ok,pf,excellent,871,871,871,871,100.0,0.0,0.0,0.0,0.0005685048322911633,16.469835466179177,0.23612494104082576,0.178,,ok,pc691,excellent,1210,871,871,871,100.0,0.0,0.0,0.0,0.0005685048322911633,16.469835466179177,0.23612494104082576,1.281,,ok,pc646,excellent,1210,871,871,871,100.0,0.0,0.0,0.0,0.0005685048322911633,16.469835466179177,0.23612494104082576,2.091,
A,eth-suite,81-magnifier-tick-dist-endpoints-rsi-cross-08a,,brackets,strict,2345,False,ok,,0.046,0.868,True,0,1,0,0,0,0,0,0,1,0,0,0,0,run_error,,,,,,,,,,,,,0.02,account-currency: 81-magnifier-tick-dist-endpoints-rsi-cross-08a declares currency.USD but BINANCE:ETHUSDT.P quotes USDT -- a probe's account currency is its sy,ok,excellent,2345,2345,2345,2345,100.0,0.0,0.0,0.0,0.00048753873623047506,1.317192091904889,0.5919655810695902,0.22,,ok,excellent,2336,2336,2336,2336,100.0,0.0,0.0,0.0,0.0004917793722163375,1.243108085392503,0.6082410634426193,0.213,,ok,excellent,3254,2345,2345,2345,100.0,0.0,0.0,0.0,0.00048753873623047506,1.317192091904889,0.5919655810695902,0.182,,,,,,,,,,,,,,,,,,,,,,,,,,,,,,,,ok,excellent,3254,2345,2345,2345,100.0,0.0,0.0,0.0,0.00048753873623047506,1.317192091904889,0.5919655810695902,1.361,,ok,excellent,3254,2345,2345,2345,100.0,0.0,0.0,0.0,0.00048753873623047506,1.317192091904889,0.5919655810695902,1.742,,not_run_quota,,,,,,,,,,,,,,,not_run_quota,,,,,,,,,,,,,,,not_run_quota,,,,,,,,,,,,,,,ok,excellent,3239,2345,2345,2345,100.0,0.0,0.0,0.0,0.00048753873623047506,1.317192091904889,0.5919655810695902,0.794,,not_run_quota,,,,,,,,,,,,,,,ok,excellent,3254,2345,2345,2345,100.0,0.0,0.0,0.0,0.00048753873623047506,1.317192091904889,0.5919655810695902,1.014,,not_run_quota,,,,,,,,,,,,,,,ok,excellent,3254,2345,2345,2345,100.0,0.0,0.0,0.0,0.00048753873623047506,1.317192091904889,0.5919655810695902,1.366,,ok,pf,excellent,2345,2345,2345,2345,100.0,0.0,0.0,0.0,0.00048753873623047506,1.317192091904889,0.5919655810695902,0.22,,ok,pc691,excellent,3254,2345,2345,2345,100.0,0.0,0.0,0.0,0.00048753873623047506,1.317192091904889,0.5919655810695902,1.742,,ok,pc646,excellent,3254,2345,2345,2345,100.0,0.0,0.0,0.0,0.00048753873623047506,1.317192091904889,0.5919655810695902,1.014,
A,eth-suite,82-matrix-covariance-eigen-pca-01,,plain,strict,2850,False,ok,,0.078,1.7,True,0,0,0,0,0,0,0,0,0,0,1,1,0,run_error,,,,,,,,,,,,,0.01,account-currency: 82-matrix-covariance-eigen-pca-01 declares currency.USD but BINANCE:ETHUSDT.P quotes USDT -- a probe's account currency is its symbol's quote ,ok,excellent,2850,2850,2850,2850,100.0,0.0,0.0,0.0,0.0007762781754021449,0.00105938566552904,0.0009704663484235315,0.231,,ok,excellent,2850,2850,2850,2850,100.0,0.0,0.0,0.0,0.0007762781754021449,0.00105938566552904,0.0009704663484235315,0.251,,ok,excellent,4511,2850,2850,2850,100.0,0.0,0.0,0.0,0.00077827072499603,0.008773409819470284,0.006040122600999904,0.185,,,,,,,,,,,,,,,,,,,,,,,,,,,,,,,,ok,excellent,4511,2850,2850,2850,100.0,0.0,0.0,0.0,0.00077827072499603,0.008773409819470284,0.006040122600999904,3.36,,ok,excellent,4511,2850,2850,2850,100.0,0.0,0.0,0.0,0.00077827072499603,0.008773409819470284,0.006040122600999904,1.955,,not_run_quota,,,,,,,,,,,,,,,not_run_quota,,,,,,,,,,,,,,,not_run_quota,,,,,,,,,,,,,,,ok,excellent,4288,2850,2850,2850,100.0,0.0,0.0,0.0,0.00077827072499603,0.008773409819470284,0.006040122600999904,1.4,,not_run_quota,,,,,,,,,,,,,,,ok,excellent,4511,2850,2850,2850,100.0,0.0,0.0,0.0,0.00077827072499603,0.008773409819470284,0.006040122600999904,2.953,,not_run_quota,,,,,,,,,,,,,,,ok,excellent,4511,2850,2850,2850,100.0,0.0,0.0,0.0,0.00077827072499603,0.008773409819470284,0.006040122600999904,2.237,,ok,pf,excellent,2850,2850,2850,2850,100.0,0.0,0.0,0.0,0.0007762781754021449,0.00105938566552904,0.0009704663484235315,0.231,,ok,pc691,excellent,4511,2850,2850,2850,100.0,0.0,0.0,0.0,0.00077827072499603,0.008773409819470284,0.006040122600999904,1.955,,ok,pc646,excellent,4511,2850,2850,2850,100.0,0.0,0.0,0.0,0.00077827072499603,0.008773409819470284,0.006040122600999904,2.953,
A,eth-suite,83-matrix-bool-mask-explicit-utc-tz-01,,plain,strict,774,False,ok,,0.093,2.103,True,0,0,0,0,0,0,0,0,0,0,0,1,0,run_error,,,,,,,,,,,,,0.02,account-currency: 83-matrix-bool-mask-explicit-utc-tz-01 declares currency.USD but BINANCE:ETHUSDT.P quotes USDT -- a probe's account currency is its symbol's q,ok,excellent,774,774,774,774,100.0,0.0,0.0,0.0,0.0008411346618484922,0.0008641902976332105,0.00046097394575275345,0.198,,ok,excellent,773,772,772,770,99.74,0.0,0.0,0.0,0.000844031670716979,0.0008746398541777317,0.00046549946984773843,0.208,,ok,excellent,781,774,774,774,100.0,0.0,0.0,0.0,0.0008411346618484922,0.0008641902976332105,0.00046097394575275345,0.171,,,,,,,,,,,,,,,,,,,,,,,,,,,,,,,,ok,strong,1077,782,771,745,96.63,0.014066496163682864,0.0,0.0,0.0008758107690526227,0.0035871446745499415,0.002294698134076563,12.286,,ok,strong,1077,782,771,745,96.63,0.014066496163682864,0.0,0.0,0.0008758107690526227,0.0035871446745499415,0.002294698134076563,6.227,,not_run_quota,,,,,,,,,,,,,,,not_run_quota,,,,,,,,,,,,,,,not_run_quota,,,,,,,,,,,,,,,ok,strong,1071,782,771,745,96.63,0.014066496163682864,0.0,0.0,0.0008758107690526227,0.0035871446745499415,0.002294698134076563,5.637,,not_run_quota,,,,,,,,,,,,,,,ok,strong,1077,782,771,745,96.63,0.014066496163682864,0.0,0.0,0.0008758107690526227,0.0035871446745499415,0.002294698134076563,10.932,,not_run_quota,,,,,,,,,,,,,,,ok,strong,1077,782,771,745,96.63,0.014066496163682864,0.0,0.0,0.0008758107690526227,0.0035871446745499415,0.002294698134076563,6.444,,ok,pf,excellent,774,774,774,774,100.0,0.0,0.0,0.0,0.0008411346618484922,0.0008641902976332105,0.00046097394575275345,0.198,,ok,pc691,strong,1077,782,771,745,96.63,0.014066496163682864,0.0,0.0,0.0008758107690526227,0.0035871446745499415,0.002294698134076563,6.227,,ok,pc646,strong,1077,782,771,745,96.63,0.014066496163682864,0.0,0.0,0.0008758107690526227,0.0035871446745499415,0.002294698134076563,10.932,
A,eth-suite,84-na-nz-fixnan-history-chain-01,,plain,strict,3094,False,ok,,0.08,1.011,True,0,0,0,0,0,0,0,0,0,0,0,0,0,run_error,,,,,,,,,,,,,0.03,account-currency: 84-na-nz-fixnan-history-chain-01 declares currency.USD but BINANCE:ETHUSDT.P quotes USDT -- a probe's account currency is its symbol's quote c,ok,excellent,3093,3093,3093,3093,100.0,0.0,0.0,0.0,0.000754375996878428,0.0022974421810384826,0.0007744578794842527,0.219,,ok,excellent,3085,3085,3085,3085,100.0,0.0,0.0,0.0,0.0007562014681352423,0.0023302780798509014,0.0007776752026971697,0.215,,ok,excellent,4713,3093,3093,3093,100.0,0.0,0.0,0.0,0.0007564296520423439,0.0070562293274532804,0.002078545018486701,0.174,,,,,,,,,,,,,,,,,,,,,,,,,,,,,,,,ok,excellent,4713,3093,3093,3093,100.0,0.0,0.0,0.0,0.0007564296520423439,0.0070562293274532804,0.002078545018486701,1.361,,ok,excellent,4713,3093,3093,3093,100.0,0.0,0.0,0.0,0.0007564296520423439,0.0070562293274532804,0.002078545018486701,1.896,,not_run_quota,,,,,,,,,,,,,,,not_run_quota,,,,,,,,,,,,,,,not_run_quota,,,,,,,,,,,,,,,ok,excellent,4428,3093,3093,3093,100.0,0.0,0.0,0.0,0.0007564296520423439,0.0070562293274532804,0.002078545018486701,0.928,,not_run_quota,,,,,,,,,,,,,,,ok,excellent,4713,3093,3093,3093,100.0,0.0,0.0,0.0,0.0007564296520423439,0.0070562293274532804,0.002078545018486701,1.305,,not_run_quota,,,,,,,,,,,,,,,ok,excellent,4713,3093,3093,3093,100.0,0.0,0.0,0.0,0.0007564296520423439,0.0070562293274532804,0.002078545018486701,1.643,,ok,pf,excellent,3093,3093,3093,3093,100.0,0.0,0.0,0.0,0.000754375996878428,0.0022974421810384826,0.0007744578794842527,0.219,,ok,pc691,excellent,4713,3093,3093,3093,100.0,0.0,0.0,0.0,0.0007564296520423439,0.0070562293274532804,0.002078545018486701,1.896,,ok,pc646,excellent,4713,3093,3093,3093,100.0,0.0,0.0,0.0,0.0007564296520423439,0.0070562293274532804,0.002078545018486701,1.305,
A,eth-suite,85-oca-raw-strategy-order-reduce-01,,plain,strict,366,False,ok,,0.081,1.017,True,0,0,0,0,0,0,0,0,0,0,0,0,0,run_error,,,,,,,,,,,,,0.02,account-currency: 85-oca-raw-strategy-order-reduce-01 declares currency.USD but BINANCE:ETHUSDT.P quotes USDT -- a probe's account currency is its symbol's quot,ok,excellent,366,366,366,366,100.0,0.0,0.0,0.0,0.0008972721959136689,0.00016544239295880936,0.00037280261535371935,0.148,,ok,excellent,365,365,365,365,100.0,0.0,0.0,0.0,0.0008978357585311114,0.00016743687629767386,0.0003766914896694532,0.139,,ok,excellent,562,366,366,366,100.0,0.0,0.0,0.0,0.0008972721959136689,0.00016544239295880936,0.00037280261535371935,0.138,,,,,,,,,,,,,,,,,,,,,,,,,,,,,,,,ok,excellent,562,366,366,366,100.0,0.0,0.0,5.121077188218793e-06,0.0011908315542354564,0.000727946529018686,0.000860313727739252,1.156,,ok,excellent,562,366,366,366,100.0,0.0,0.0,5.121077188218793e-06,0.0011908315542354564,0.000727946529018686,0.000860313727739252,0.86,,not_run_quota,,,,,,,,,,,,,,,not_run_quota,,,,,,,,,,,,,,,not_run_quota,,,,,,,,,,,,,,,ok,excellent,528,366,366,366,100.0,0.0,0.0,5.121077188218793e-06,0.0011908315542354564,0.000727946529018686,0.000860313727739252,0.543,,not_run_quota,,,,,,,,,,,,,,,ok,excellent,562,366,366,366,100.0,0.0,0.0,5.121077188218793e-06,0.0011908315542354564,0.000727946529018686,0.000860313727739252,2.711,,not_run_quota,,,,,,,,,,,,,,,ok,excellent,562,366,366,366,100.0,0.0,0.0,5.121077188218793e-06,0.0011908315542354564,0.000727946529018686,0.000860313727739252,1.333,,ok,pf,excellent,366,366,366,366,100.0,0.0,0.0,0.0,0.0008972721959136689,0.00016544239295880936,0.00037280261535371935,0.148,,ok,pc691,excellent,562,366,366,366,100.0,0.0,0.0,5.121077188218793e-06,0.0011908315542354564,0.000727946529018686,0.000860313727739252,0.86,,ok,pc646,excellent,562,366,366,366,100.0,0.0,0.0,5.121077188218793e-06,0.0011908315542354564,0.000727946529018686,0.000860313727739252,2.711,
A,eth-suite,86-order-range-expansion-pending-stop-01,,plain,strict,2947,False,ok,,0.082,1.122,True,0,0,0,0,0,0,0,0,0,0,0,0,0,run_error,,,,,,,,,,,,,0.03,account-currency: 86-order-range-expansion-pending-stop-01 declares currency.USD but BINANCE:ETHUSDT.P quotes USDT -- a probe's account currency is its symbol's,ok,excellent,2947,2947,2947,2947,100.0,0.0,0.0,0.0,0.000797082684046918,0.0006880897912496263,0.00046808392075978043,0.268,,ok,excellent,2942,2941,2941,2941,100.0,0.0,0.0,0.0,0.0007974166106565278,0.000701598739838011,0.00047468443315913634,0.226,,ok,strong,4214,2946,2947,2946,99.97,0.00033932813030200206,0.0,0.0,0.0007977983171198044,0.001921822066092883,0.0011964651411262763,0.181,,,,,,,,,,,,,,,,,,,,,,,,,,,,,,,,ok,strong,4214,2946,2947,2946,99.97,0.00033932813030200206,0.0,0.0,0.0007977983171198044,0.001921822066092883,0.0011964651411262763,2.356,,ok,strong,4214,2946,2947,2946,99.97,0.00033932813030200206,0.0,0.0,0.0007977983171198044,0.001921822066092883,0.0011964651411262763,1.927,,not_run_quota,,,,,,,,,,,,,,,not_run_quota,,,,,,,,,,,,,,,not_run_quota,,,,,,,,,,,,,,,ok,strong,4190,2946,2947,2946,99.97,0.00033932813030200206,0.0,0.0,0.0007977983171198044,0.001921822066092883,0.0011964651411262763,1.159,,not_run_quota,,,,,,,,,,,,,,,ok,strong,4214,2946,2947,2946,99.97,0.00033932813030200206,0.0,0.0,0.0007977983171198044,0.001921822066092883,0.0011964651411262763,3.225,,not_run_quota,,,,,,,,,,,,,,,ok,strong,4214,2946,2947,2946,99.97,0.00033932813030200206,0.0,0.0,0.0007977983171198044,0.001921822066092883,0.0011964651411262763,1.855,,ok,pf,excellent,2947,2947,2947,2947,100.0,0.0,0.0,0.0,0.000797082684046918,0.0006880897912496263,0.00046808392075978043,0.268,,ok,pc691,strong,4214,2946,2947,2946,99.97,0.00033932813030200206,0.0,0.0,0.0007977983171198044,0.001921822066092883,0.0011964651411262763,1.927,,ok,pc646,strong,4214,2946,2947,2946,99.97,0.00033932813030200206,0.0,0.0,0.0007977983171198044,0.001921822066092883,0.0011964651411262763,3.225,
A,eth-suite,87-pyramid-deferred-flip-close-all-01,,plain,strict,2356,False,ok,,0.081,0.87,True,0,0,0,1,0,0,0,0,0,0,0,0,0,run_error,,,,,,,,,,,,,0.01,account-currency: 87-pyramid-deferred-flip-close-all-01 declares currency.USD but BINANCE:ETHUSDT.P quotes USDT -- a probe's account currency is its symbol's qu,ok,excellent,2356,2356,2356,2356,100.0,0.0,0.0,0.0,0.0008437084018480686,0.001116568413077034,0.000602533426673302,0.242,,ok,excellent,2350,2350,2350,2350,100.0,0.0,0.0,0.0,0.000842142353770392,0.0010075228371843096,0.0005428311269873663,0.209,,ok,strong,3283,2357,2356,2356,100.0,0.00042426813746287653,0.0,0.0,0.0008437084018480686,0.001116568413077034,0.000602533426673302,0.162,,,,,,,,,,,,,,,,,,,,,,,,,,,,,,,,ok,excellent,3282,2356,2356,2355,99.96,0.0,0.0,0.0,0.0008463104152606577,0.0012774942578948725,0.0006881283950275672,1.107,,ok,excellent,3282,2356,2356,2355,99.96,0.0,0.0,0.0,0.0008463104152606577,0.0012774942578948725,0.0006881283950275672,1.602,,not_run_quota,,,,,,,,,,,,,,,not_run_quota,,,,,,,,,,,,,,,not_run_quota,,,,,,,,,,,,,,,ok,excellent,3264,2356,2356,2355,99.96,0.0,0.0,0.0,0.0008463104152606577,0.0012774942578948725,0.0006881283950275672,1.02,,not_run_quota,,,,,,,,,,,,,,,ok,excellent,3282,2356,2356,2355,99.96,0.0,0.0,0.0,0.0008463104152606577,0.0012774942578948725,0.0006881283950275672,2.472,,not_run_quota,,,,,,,,,,,,,,,ok,excellent,3282,2356,2356,2355,99.96,0.0,0.0,0.0,0.0008463104152606577,0.0012774942578948725,0.0006881283950275672,1.681,,ok,pf,excellent,2356,2356,2356,2356,100.0,0.0,0.0,0.0,0.0008437084018480686,0.001116568413077034,0.000602533426673302,0.242,,ok,pc691,excellent,3282,2356,2356,2355,99.96,0.0,0.0,0.0,0.0008463104152606577,0.0012774942578948725,0.0006881283950275672,1.602,,ok,pc646,excellent,3282,2356,2356,2355,99.96,0.0,0.0,0.0,0.0008463104152606577,0.0012774942578948725,0.0006881283950275672,2.472,
A,eth-suite,88-order-stop-entry-cancel-opposite-01,,plain,strict,1739,False,ok,,0.088,1.158,True,0,0,0,0,0,0,0,0,0,0,0,0,0,run_error,,,,,,,,,,,,,0.01,account-currency: 88-order-stop-entry-cancel-opposite-01 declares currency.USD but BINANCE:ETHUSDT.P quotes USDT -- a probe's account currency is its symbol's q,ok,excellent,1741,1738,1738,1738,100.0,0.0,0.0,0.0,0.0008170918003482202,0.0023832984357679467,0.0020801830031609517,0.203,,ok,excellent,1735,1733,1733,1733,100.0,0.0,0.0,0.0,0.0007985823558024857,0.002953158794342391,0.007160216447086709,0.203,,ok,excellent,2411,1738,1738,1738,100.0,0.0,0.0,0.0,0.0008205397359840411,0.002721753662435377,0.0021888245863061193,0.175,,,,,,,,,,,,,,,,,,,,,,,,,,,,,,,,ok,excellent,2407,1738,1738,1738,100.0,0.0,0.0,0.0,0.0008205397359840411,0.002721753662435377,0.0021888245863061193,2.537,,ok,excellent,2407,1738,1738,1738,100.0,0.0,0.0,0.0,0.0008205397359840411,0.002721753662435377,0.0021888245863061193,1.26,,not_run_quota,,,,,,,,,,,,,,,not_run_quota,,,,,,,,,,,,,,,not_run_quota,,,,,,,,,,,,,,,ok,excellent,2395,1738,1738,1738,100.0,0.0,0.0,0.0,0.0008205397359840411,0.002721753662435377,0.0021888245863061193,1.03,,not_run_quota,,,,,,,,,,,,,,,ok,excellent,2407,1738,1738,1738,100.0,0.0,0.0,0.0,0.0008205397359840411,0.002721753662435377,0.0021888245863061193,2.406,,not_run_quota,,,,,,,,,,,,,,,ok,excellent,2407,1738,1738,1738,100.0,0.0,0.0,0.0,0.0008205397359840411,0.002721753662435377,0.0021888245863061193,1.77,,ok,pf,excellent,1741,1738,1738,1738,100.0,0.0,0.0,0.0,0.0008170918003482202,0.0023832984357679467,0.0020801830031609517,0.203,,ok,pc691,excellent,2407,1738,1738,1738,100.0,0.0,0.0,0.0,0.0008205397359840411,0.002721753662435377,0.0021888245863061193,1.26,,ok,pc646,excellent,2407,1738,1738,1738,100.0,0.0,0.0,0.0,0.0008205397359840411,0.002721753662435377,0.0021888245863061193,2.406,
A,eth-suite,89-session-ny-spring-forward-dst-01,,plain,strict,396,False,ok,,0.079,1.007,True,0,0,0,0,0,0,0,0,0,0,0,0,0,run_error,,,,,,,,,,,,,0.01,account-currency: 89-session-ny-spring-forward-dst-01 declares currency.USD but BINANCE:ETHUSDT.P quotes USDT -- a probe's account currency is its symbol's quot,ok,excellent,396,396,396,396,100.0,0.0,0.0,0.0,0.0007348262931748026,0.00022511280108827798,0.0005491141589400775,0.182,,ok,excellent,395,395,395,395,100.0,0.0,0.0,0.0,0.0007349432492928627,0.00021934843976481152,0.0005399635059147752,0.171,,ok,excellent,562,396,396,396,100.0,0.0,0.0,0.0,0.0007348262931748026,0.00022511280108827798,0.0005491141589400775,0.165,,,,,,,,,,,,,,,,,,,,,,,,,,,,,,,,ok,excellent,562,396,396,396,100.0,0.0,0.0,0.0,0.0007348262931748026,0.00022511280108827798,0.0005491141589400775,1.743,,ok,excellent,562,396,396,396,100.0,0.0,0.0,0.0,0.0007348262931748026,0.00022511280108827798,0.0005491141589400775,1.505,,not_run_quota,,,,,,,,,,,,,,,not_run_quota,,,,,,,,,,,,,,,not_run_quota,,,,,,,,,,,,,,,ok,excellent,559,396,396,396,100.0,0.0,0.0,0.0,0.0007348262931748026,0.00022511280108827798,0.0005491141589400775,0.803,,not_run_quota,,,,,,,,,,,,,,,ok,excellent,562,396,396,396,100.0,0.0,0.0,0.0,0.0007348262931748026,0.00022511280108827798,0.0005491141589400775,2.943,,not_run_quota,,,,,,,,,,,,,,,ok,excellent,562,396,396,396,100.0,0.0,0.0,0.0,0.0007348262931748026,0.00022511280108827798,0.0005491141589400775,1.684,,ok,pf,excellent,396,396,396,396,100.0,0.0,0.0,0.0,0.0007348262931748026,0.00022511280108827798,0.0005491141589400775,0.182,,ok,pc691,excellent,562,396,396,396,100.0,0.0,0.0,0.0,0.0007348262931748026,0.00022511280108827798,0.0005491141589400775,1.505,,ok,pc646,excellent,562,396,396,396,100.0,0.0,0.0,0.0,0.0007348262931748026,0.00022511280108827798,0.0005491141589400775,2.943,
A,eth-suite,90-ta-hma-55-close-cross-01,,plain,strict,4839,False,ok,,0.082,0.975,True,0,0,0,0,0,0,0,0,0,0,0,0,0,run_error,,,,,,,,,,,,,0.03,account-currency: 90-ta-hma-55-close-cross-01 declares currency.USD but BINANCE:ETHUSDT.P quotes USDT -- a probe's account currency is its symbol's quote curren,ok,excellent,4839,4839,4839,4839,100.0,0.0,0.0,0.0,0.0008149991756942165,0.00306265053076006,0.0006210351697642682,0.302,,ok,excellent,4833,4833,4833,4833,100.0,0.0,0.0,0.0,0.0008169934640522702,0.002588374500813237,0.000611690168803006,0.274,,ok,excellent,6954,4839,4839,4839,100.0,0.0,0.0,0.0,0.0008146667943012061,0.0029920797887943145,0.0006210351697642682,0.216,,,,,,,,,,,,,,,,,,,,,,,,,,,,,,,,ok,excellent,6954,4839,4839,4839,100.0,0.0,0.0,0.0,0.0008146667943012061,0.0029920797887943145,0.0006210351697642682,2.481,,ok,excellent,6954,4839,4839,4839,100.0,0.0,0.0,0.0,0.0008146667943012061,0.0029920797887943145,0.0006210351697642682,1.977,,not_run_quota,,,,,,,,,,,,,,,not_run_quota,,,,,,,,,,,,,,,not_run_quota,,,,,,,,,,,,,,,ok,excellent,6913,4839,4839,4839,100.0,0.0,0.0,0.0,0.0008146667943012061,0.0029920797887943145,0.0006210351697642682,1.498,,not_run_quota,,,,,,,,,,,,,,,ok,excellent,6954,4839,4839,4839,100.0,0.0,0.0,0.0,0.0008146667943012061,0.0029920797887943145,0.0006210351697642682,2.635,,not_run_quota,,,,,,,,,,,,,,,ok,excellent,6954,4839,4839,4839,100.0,0.0,0.0,0.0,0.0008146667943012061,0.0029920797887943145,0.0006210351697642682,2.199,,ok,pf,excellent,4839,4839,4839,4839,100.0,0.0,0.0,0.0,0.0008149991756942165,0.00306265053076006,0.0006210351697642682,0.302,,ok,pc691,excellent,6954,4839,4839,4839,100.0,0.0,0.0,0.0,0.0008146667943012061,0.0029920797887943145,0.0006210351697642682,1.977,,ok,pc646,excellent,6954,4839,4839,4839,100.0,0.0,0.0,0.0,0.0008146667943012061,0.0029920797887943145,0.0006210351697642682,2.635,
A,eth-suite,91-pyramid-close-id-grouping-01,,plain,strict,2196,False,ok,,0.082,0.976,True,0,0,0,1,0,0,0,0,0,0,0,0,0,run_error,,,,,,,,,,,,,0.02,account-currency: 91-pyramid-close-id-grouping-01 declares currency.USD but BINANCE:ETHUSDT.P quotes USDT -- a probe's account currency is its symbol's quote cu,ok,excellent,2196,2196,2196,2196,100.0,0.0,0.0,0.0,0.0008047743217234578,0.0007670182166826462,0.0008240719739930462,0.251,,ok,excellent,2190,2190,2190,2190,100.0,0.0,0.0,0.0,0.0008072328901441034,0.0008167599134236349,0.0008766991072142408,0.211,,ok,excellent,3372,2196,2196,2196,100.0,0.0,0.0,0.0,0.0008047743217234578,0.0007670182166826462,0.0008240719739930462,0.183,,,,,,,,,,,,,,,,,,,,,,,,,,,,,,,,ok,excellent,3372,2196,2196,2196,100.0,0.0,0.0,0.0,0.0008047743217234578,0.0007670182166826462,0.0008240719739930462,1.084,,ok,excellent,3372,2196,2196,2196,100.0,0.0,0.0,0.0,0.0008047743217234578,0.0007670182166826462,0.0008240719739930462,1.393,,not_run_quota,,,,,,,,,,,,,,,not_run_quota,,,,,,,,,,,,,,,not_run_quota,,,,,,,,,,,,,,,ok,excellent,3168,2196,2196,2196,100.0,0.0,0.0,0.0,0.0008047743217234578,0.0007670182166826462,0.0008240719739930462,0.748,,not_run_quota,,,,,,,,,,,,,,,ok,excellent,3372,2196,2196,2196,100.0,0.0,0.0,0.0,0.0008047743217234578,0.0007670182166826462,0.0008240719739930462,1.44,,not_run_quota,,,,,,,,,,,,,,,ok,excellent,3372,2196,2196,2196,100.0,0.0,0.0,0.0,0.0008047743217234578,0.0007670182166826462,0.0008240719739930462,1.002,,ok,pf,excellent,2196,2196,2196,2196,100.0,0.0,0.0,0.0,0.0008047743217234578,0.0007670182166826462,0.0008240719739930462,0.251,,ok,pc691,excellent,3372,2196,2196,2196,100.0,0.0,0.0,0.0,0.0008047743217234578,0.0007670182166826462,0.0008240719739930462,1.393,,ok,pc646,excellent,3372,2196,2196,2196,100.0,0.0,0.0,0.0,0.0008047743217234578,0.0007670182166826462,0.0008240719739930462,1.44,
A,eth-suite,92-session-hour-minute-pulse-filter-01,,plain,strict,366,False,ok,,0.076,0.803,True,0,0,0,0,0,0,0,0,0,0,0,0,0,run_error,,,,,,,,,,,,,0.01,account-currency: 92-session-hour-minute-pulse-filter-01 declares currency.USD but BINANCE:ETHUSDT.P quotes USDT -- a probe's account currency is its symbol's q,ok,excellent,366,366,366,366,100.0,0.0,0.0,0.0,0.0006985925665651448,0.01596516690856501,0.0015591106290673686,0.162,,ok,excellent,365,365,365,365,100.0,0.0,0.0,0.0,0.000699422190989288,0.0070762302991323215,0.0017663773903697619,0.145,,ok,excellent,562,366,366,366,100.0,0.0,0.0,0.0,0.0006985925665651448,0.01596516690856501,0.0015591106290673686,0.127,,,,,,,,,,,,,,,,,,,,,,,,,,,,,,,,ok,excellent,562,366,366,366,100.0,0.0,0.0,0.0,0.0006985925665651448,0.01596516690856501,0.0015591106290673686,1.004,,ok,excellent,562,366,366,366,100.0,0.0,0.0,0.0,0.0006985925665651448,0.01596516690856501,0.0015591106290673686,0.761,,not_run_quota,,,,,,,,,,,,,,,not_run_quota,,,,,,,,,,,,,,,not_run_quota,,,,,,,,,,,,,,,ok,excellent,528,366,366,366,100.0,0.0,0.0,0.0,0.0006985925665651448,0.01596516690856501,0.0015591106290673686,0.497,,not_run_quota,,,,,,,,,,,,,,,ok,excellent,562,366,366,366,100.0,0.0,0.0,0.0,0.0006985925665651448,0.01596516690856501,0.0015591106290673686,1.288,,not_run_quota,,,,,,,,,,,,,,,ok,excellent,562,366,366,366,100.0,0.0,0.0,0.0,0.0006985925665651448,0.01596516690856501,0.0015591106290673686,1.221,,ok,pf,excellent,366,366,366,366,100.0,0.0,0.0,0.0,0.0006985925665651448,0.01596516690856501,0.0015591106290673686,0.162,,ok,pc691,excellent,562,366,366,366,100.0,0.0,0.0,0.0,0.0006985925665651448,0.01596516690856501,0.0015591106290673686,0.761,,ok,pc646,excellent,562,366,366,366,100.0,0.0,0.0,0.0,0.0006985925665651448,0.01596516690856501,0.0015591106290673686,1.288,
A,eth-suite,93-analyzer-parity-stop-limit-timing-01,,brackets,strict,778,False,ok,,0.087,1.093,True,0,1,0,0,0,0,0,0,0,0,0,0,0,run_error,,,,,,,,,,,,,0.02,account-currency: 93-analyzer-parity-stop-limit-timing-01 declares currency.USD but BINANCE:ETHUSDT.P quotes USDT -- a probe's account currency is its symbol's ,ok,excellent,778,778,778,778,100.0,0.0,0.0,0.0,0.0008597015413658466,0.00023882973430192965,0.0006238181570077733,0.188,,ok,excellent,776,776,776,776,100.0,0.0,0.0,0.0,0.0008537933940264532,3.723978698838456e-05,0.0004748164651737105,0.17,,ok,excellent,1109,778,778,778,100.0,0.0,0.0,0.0,0.0008597015413658466,0.00023882973430192965,0.0006238181570077733,0.155,,,,,,,,,,,,,,,,,,,,,,,,,,,,,,,,ok,excellent,1109,778,778,778,100.0,0.0,0.0,0.0,0.0008597015413658466,0.00023882973430192965,0.0006238181570077733,1.309,,ok,excellent,1109,778,778,778,100.0,0.0,0.0,0.0,0.0008597015413658466,0.00023882973430192965,0.0006238181570077733,1.302,,not_run_quota,,,,,,,,,,,,,,,not_run_quota,,,,,,,,,,,,,,,not_run_quota,,,,,,,,,,,,,,,ok,excellent,1101,778,778,778,100.0,0.0,0.0,0.0,0.0008597015413658466,0.00023882973430192965,0.0006238181570077733,0.628,,not_run_quota,,,,,,,,,,,,,,,ok,excellent,1109,778,778,778,100.0,0.0,0.0,0.0,0.0008597015413658466,0.00021892725644345436,0.0006043238396013149,1.013,,not_run_quota,,,,,,,,,,,,,,,ok,excellent,1109,778,778,778,100.0,0.0,0.0,0.0,0.0008597015413658466,0.00023882973430192965,0.0006238181570077733,1.062,,ok,pf,excellent,778,778,778,778,100.0,0.0,0.0,0.0,0.0008597015413658466,0.00023882973430192965,0.0006238181570077733,0.188,,ok,pc691,excellent,1109,778,778,778,100.0,0.0,0.0,0.0,0.0008597015413658466,0.00023882973430192965,0.0006238181570077733,1.302,,ok,pc646,excellent,1109,778,778,778,100.0,0.0,0.0,0.0,0.0008597015413658466,0.00021892725644345436,0.0006043238396013149,1.013,
A,eth-suite,94-ta-hma-fast-slow-cross-01,,plain,strict,4713,False,ok,,0.086,0.957,True,0,0,0,0,0,0,0,0,0,0,0,0,0,run_error,,,,,,,,,,,,,0.02,account-currency: 94-ta-hma-fast-slow-cross-01 declares currency.USD but BINANCE:ETHUSDT.P quotes USDT -- a probe's account currency is its symbol's quote curre,ok,excellent,4713,4713,4713,4713,100.0,0.0,0.0,0.0,0.0008203445447087603,0.0003230570426436555,0.00046227004906737563,0.271,,ok,excellent,4713,4713,4713,4713,100.0,0.0,0.0,0.0,0.0008203445447087603,0.0003230570426436555,0.00046227004906737563,0.27,,ok,excellent,7344,4713,4713,4713,100.0,0.0,0.0,0.0,0.0008203445447087603,0.00033844713038560636,0.00046227004906737563,0.187,,,,,,,,,,,,,,,,,,,,,,,,,,,,,,,,ok,excellent,7344,4713,4713,4713,100.0,0.0,0.0,0.0,0.0008203445447087603,0.00033844713038560636,0.00046227004906737563,4.304,,ok,excellent,7344,4713,4713,4713,100.0,0.0,0.0,0.0,0.0008203445447087603,0.00033844713038560636,0.00046227004906737563,2.855,,not_run_quota,,,,,,,,,,,,,,,not_run_quota,,,,,,,,,,,,,,,not_run_quota,,,,,,,,,,,,,,,ok,excellent,6958,4713,4713,4713,100.0,0.0,0.0,0.0,0.0008203445447087603,0.00033844713038560636,0.00046227004906737563,2.323,,not_run_quota,,,,,,,,,,,,,,,ok,excellent,7344,4713,4713,4713,100.0,0.0,0.0,0.0,0.0008203445447087603,0.00033844713038560636,0.00046227004906737563,2.274,,not_run_quota,,,,,,,,,,,,,,,ok,excellent,7344,4713,4713,4713,100.0,0.0,0.0,0.0,0.0008203445447087603,0.00033844713038560636,0.00046227004906737563,2.959,,ok,pf,excellent,4713,4713,4713,4713,100.0,0.0,0.0,0.0,0.0008203445447087603,0.0003230570426436555,0.00046227004906737563,0.271,,ok,pc691,excellent,7344,4713,4713,4713,100.0,0.0,0.0,0.0,0.0008203445447087603,0.00033844713038560636,0.00046227004906737563,2.855,,ok,pc646,excellent,7344,4713,4713,4713,100.0,0.0,0.0,0.0,0.0008203445447087603,0.00033844713038560636,0.00046227004906737563,2.274,
A,eth-suite,95-cap-risk-gates-allow-max-intraday-01,,plain,strict,732,False,ok,,0.078,0.842,True,0,0,0,1,0,0,0,0,0,0,0,0,0,run_error,,,,,,,,,,,,,0.01,account-currency: 95-cap-risk-gates-allow-max-intraday-01 declares currency.USD but BINANCE:ETHUSDT.P quotes USDT -- a probe's account currency is its symbol's ,ok,excellent,732,732,732,732,100.0,0.0,0.0,0.0,0.0007262793816361864,0.0008848215188593961,0.000948023055921008,0.141,,ok,excellent,730,730,730,730,100.0,0.0,0.0,0.0,0.0007268499712264156,0.0009117551286226578,0.0009768804949532295,0.173,,ok,excellent,1124,732,732,732,100.0,0.0,0.0,0.0,0.0007262793816361864,0.0008848215188593961,0.000948023055921008,0.14,,,,,,,,,,,,,,,,,,,,,,,,,,,,,,,,ok,excellent,1124,732,732,732,100.0,0.0,0.0,0.0,0.0007262793816361864,0.0008848215188593961,0.000948023055921008,1.637,,ok,excellent,1124,732,732,732,100.0,0.0,0.0,0.0,0.0007262793816361864,0.0008848215188593961,0.000948023055921008,0.955,,not_run_quota,,,,,,,,,,,,,,,not_run_quota,,,,,,,,,,,,,,,not_run_quota,,,,,,,,,,,,,,,ok,excellent,1056,732,732,732,100.0,0.0,0.0,0.0,0.0007262793816361864,0.0008848215188593961,0.000948023055921008,0.597,,not_run_quota,,,,,,,,,,,,,,,ok,excellent,1124,732,732,732,100.0,0.0,0.0,0.0,0.0007262793816361864,0.0008848215188593961,0.000948023055921008,0.835,,not_run_quota,,,,,,,,,,,,,,,ok,excellent,1124,732,732,732,100.0,0.0,0.0,0.0,0.0007262793816361864,0.0008848215188593961,0.000948023055921008,1.204,,ok,pf,excellent,732,732,732,732,100.0,0.0,0.0,0.0,0.0007262793816361864,0.0008848215188593961,0.000948023055921008,0.141,,ok,pc691,excellent,1124,732,732,732,100.0,0.0,0.0,0.0,0.0007262793816361864,0.0008848215188593961,0.000948023055921008,0.955,,ok,pc646,excellent,1124,732,732,732,100.0,0.0,0.0,0.0,0.0007262793816361864,0.0008848215188593961,0.000948023055921008,0.835,
A,eth-suite,96-composite-ies-rsi-macd-momentum-01,,plain,strict,4799,False,ok,,0.099,1.343,True,0,0,0,0,0,0,0,0,0,0,0,0,0,run_error,,,,,,,,,,,,,0.01,account-currency: 96-composite-ies-rsi-macd-momentum-01 declares currency.USD but BINANCE:ETHUSDT.P quotes USDT -- a probe's account currency is its symbol's qu,ok,excellent,4799,4798,4798,4798,100.0,0.0,0.0,0.0,0.0008204791929721513,0.0008272724139119957,0.0007998558006441757,0.275,,ok,excellent,4794,4793,4793,4793,100.0,0.0,0.0,0.0,0.0008206475033013898,0.0007760931311755809,0.0007668670531389731,0.281,,ok,excellent,6880,4799,4799,4799,100.0,0.0,0.0,0.0,0.0008210186165043123,0.0012577217269289578,0.0017481043466528428,0.2,,,,,,,,,,,,,,,,,,,,,,,,,,,,,,,,ok,excellent,6880,4799,4799,4799,100.0,0.0,0.0,0.0,0.0008210186165043123,0.0012577217269289578,0.0017481043466528428,2.752,,ok,excellent,6880,4799,4799,4799,100.0,0.0,0.0,0.0,0.0008210186165043123,0.0012577217269289578,0.0017481043466528428,1.719,,not_run_quota,,,,,,,,,,,,,,,not_run_quota,,,,,,,,,,,,,,,not_run_quota,,,,,,,,,,,,,,,ok,excellent,6847,4799,4799,4799,100.0,0.0,0.0,0.0,0.0008210186165043123,0.0012577217269289578,0.0017481043466528428,1.278,,not_run_quota,,,,,,,,,,,,,,,ok,excellent,6880,4799,4799,4799,100.0,0.0,0.0,0.0,0.0008210186165043123,0.0012577217269289578,0.0017481043466528428,1.662,,not_run_quota,,,,,,,,,,,,,,,ok,excellent,6880,4799,4799,4799,100.0,0.0,0.0,0.0,0.0008210186165043123,0.0012577217269289578,0.0017481043466528428,1.686,,ok,pf,excellent,4799,4798,4798,4798,100.0,0.0,0.0,0.0,0.0008204791929721513,0.0008272724139119957,0.0007998558006441757,0.275,,ok,pc691,excellent,6880,4799,4799,4799,100.0,0.0,0.0,0.0,0.0008210186165043123,0.0012577217269289578,0.0017481043466528428,1.719,,ok,pc646,excellent,6880,4799,4799,4799,100.0,0.0,0.0,0.0,0.0008210186165043123,0.0012577217269289578,0.0017481043466528428,1.662,
A,eth-suite,97-composite-scalping-integration-01,,brackets,strict,3097,False,ok,,0.082,0.877,True,0,1,0,0,0,0,0,0,0,0,0,0,0,run_error,,,,,,,,,,,,,0.01,account-currency: 97-composite-scalping-integration-01 declares currency.USD but BINANCE:ETHUSDT.P quotes USDT -- a probe's account currency is its symbol's quo,ok,excellent,3097,3097,3097,3097,100.0,0.0,0.0,0.0,0.0005782359688463162,4.252785574547463e-05,0.000759791817042195,0.215,,ok,excellent,3088,3087,3087,3087,100.0,0.0,0.0,0.0,0.0005791729876724124,4.6772684752062234e-05,0.0007918910357938801,0.214,,ok,excellent,4355,3097,3097,3097,100.0,0.0,0.0,0.0,0.0005782359688463162,4.252785574547463e-05,0.000759791817042195,0.157,,,,,,,,,,,,,,,,,,,,,,,,,,,,,,,,ok,excellent,4352,3097,3097,3097,100.0,0.0,0.0,0.0,0.0005782359688463162,4.252785574547463e-05,0.000759791817042195,2.142,,ok,excellent,4352,3097,3097,3097,100.0,0.0,0.0,0.0,0.0005782359688463162,4.252785574547463e-05,0.000759791817042195,1.237,,not_run_quota,,,,,,,,,,,,,,,not_run_quota,,,,,,,,,,,,,,,not_run_quota,,,,,,,,,,,,,,,ok,excellent,4332,3097,3097,3097,100.0,0.0,0.0,0.0,0.0005782359688463162,4.252785574547463e-05,0.000759791817042195,0.762,,not_run_quota,,,,,,,,,,,,,,,ok,excellent,4352,3097,3097,3097,100.0,0.0,0.0,0.0,0.0005782359688463162,4.252785574547463e-05,0.000759791817042195,1.21,,not_run_quota,,,,,,,,,,,,,,,ok,excellent,4352,3097,3097,3097,100.0,0.0,0.0,0.0,0.0005782359688463162,4.252785574547463e-05,0.000759791817042195,1.335,,ok,pf,excellent,3097,3097,3097,3097,100.0,0.0,0.0,0.0,0.0005782359688463162,4.252785574547463e-05,0.000759791817042195,0.215,,ok,pc691,excellent,4352,3097,3097,3097,100.0,0.0,0.0,0.0,0.0005782359688463162,4.252785574547463e-05,0.000759791817042195,1.237,,ok,pc646,excellent,4352,3097,3097,3097,100.0,0.0,0.0,0.0,0.0005782359688463162,4.252785574547463e-05,0.000759791817042195,1.21,
A,eth-suite,98-magnifier-tick-dist-endpoints-01,,brackets,strict,871,False,ok,,0.082,0.981,True,0,1,0,0,0,0,0,0,1,0,0,0,0,run_error,,,,,,,,,,,,,0.02,account-currency: 98-magnifier-tick-dist-endpoints-01 declares currency.USD but BINANCE:ETHUSDT.P quotes USDT -- a probe's account currency is its symbol's quot,ok,excellent,871,871,871,871,100.0,0.0,0.0,0.0,0.0005685048322911633,16.469835466179177,0.23612494104082576,0.171,,ok,excellent,870,869,869,869,100.0,0.0,0.0,0.0,0.00057475108905474,7.482558139534878,0.2474801570953837,0.168,,ok,excellent,1212,871,871,871,100.0,0.0,0.0,0.0,0.0005685048322911633,16.469835466179177,0.23612494104082576,0.137,,,,,,,,,,,,,,,,,,,,,,,,,,,,,,,,ok,excellent,1210,871,871,871,100.0,0.0,0.0,0.0,0.0005685048322911633,16.469835466179177,0.23612494104082576,1.139,,ok,excellent,1210,871,871,871,100.0,0.0,0.0,0.0,0.0005685048322911633,16.469835466179177,0.23612494104082576,0.942,,not_run_quota,,,,,,,,,,,,,,,not_run_quota,,,,,,,,,,,,,,,not_run_quota,,,,,,,,,,,,,,,ok,excellent,1204,871,871,871,100.0,0.0,0.0,0.0,0.0005685048322911633,16.469835466179177,0.23612494104082576,0.629,,not_run_quota,,,,,,,,,,,,,,,ok,excellent,1210,871,871,871,100.0,0.0,0.0,0.0,0.0005685048322911633,16.469835466179177,0.23612494104082576,1.709,,not_run_quota,,,,,,,,,,,,,,,ok,excellent,1210,871,871,871,100.0,0.0,0.0,0.0,0.0005685048322911633,16.469835466179177,0.23612494104082576,0.966,,ok,pf,excellent,871,871,871,871,100.0,0.0,0.0,0.0,0.0005685048322911633,16.469835466179177,0.23612494104082576,0.171,,ok,pc691,excellent,1210,871,871,871,100.0,0.0,0.0,0.0,0.0005685048322911633,16.469835466179177,0.23612494104082576,0.942,,ok,pc646,excellent,1210,871,871,871,100.0,0.0,0.0,0.0,0.0005685048322911633,16.469835466179177,0.23612494104082576,1.709,
A,eth-suite,99-matrix-eigen-rank-deficient-cov-01,,plain,strict,871,False,ok,,0.094,1.563,True,0,0,0,0,0,0,0,0,0,0,0,1,0,run_error,,,,,,,,,,,,,0.01,account-currency: 99-matrix-eigen-rank-deficient-cov-01 declares currency.USD but BINANCE:ETHUSDT.P quotes USDT -- a probe's account currency is its symbol's qu,ok,excellent,871,871,871,871,100.0,0.0,0.0,0.0,0.0008285004142501894,0.0011926532559432901,0.0006793638327118402,0.173,,ok,excellent,870,869,869,869,100.0,0.0,0.0,0.0,0.0008286378106704632,0.0012203510173290515,0.0006878454137015232,0.173,,ok,excellent,1212,871,871,871,100.0,0.0,0.0,0.0,0.0008285004142501894,0.0011926532559432901,0.0006793638327118402,0.158,,,,,,,,,,,,,,,,,,,,,,,,,,,,,,,,ok,excellent,1210,871,871,871,100.0,0.0,0.0,0.0,0.0008285004142501894,0.0011926532559432901,0.0006793638327118402,1.424,,ok,excellent,1210,871,871,871,100.0,0.0,0.0,0.0,0.0008285004142501894,0.0011926532559432901,0.0006793638327118402,1.274,,not_run_quota,,,,,,,,,,,,,,,not_run_quota,,,,,,,,,,,,,,,not_run_quota,,,,,,,,,,,,,,,ok,excellent,1204,871,871,871,100.0,0.0,0.0,0.0,0.0008285004142501894,0.0011926532559432901,0.0006793638327118402,0.915,,not_run_quota,,,,,,,,,,,,,,,ok,excellent,1210,871,871,871,100.0,0.0,0.0,0.0,0.0008285004142501894,0.0011926532559432901,0.0006793638327118402,1.738,,not_run_quota,,,,,,,,,,,,,,,ok,excellent,1210,871,871,871,100.0,0.0,0.0,0.0,0.0008285004142501894,0.0011926532559432901,0.0006793638327118402,1.185,,ok,pf,excellent,871,871,871,871,100.0,0.0,0.0,0.0,0.0008285004142501894,0.0011926532559432901,0.0006793638327118402,0.173,,ok,pc691,excellent,1210,871,871,871,100.0,0.0,0.0,0.0,0.0008285004142501894,0.0011926532559432901,0.0006793638327118402,1.274,,ok,pc646,excellent,1210,871,871,871,100.0,0.0,0.0,0.0,0.0008285004142501894,0.0011926532559432901,0.0006793638327118402,1.738,
